OK
DATA,MOTOR_BREAKIN_V3,000001,32019,509,511,0.105,0.077,2.981,0.111,2.870,39,FWD,RUN,0.091,0.261,0.052,0.223,0.531,0.170,3.120,50,0.870,557,2.722,23.5
OK
STOP,FWD
DATA,MOTOR_BREAKIN_V3,000001,32099,509,511,0.105,0.077,3.009,0.084,2.925,0,FWD,STOP,0.091,0.266,0.040,0.167,0.531,0.170,3.120,50,0.870,558,2.727,23.4
OK
RUN,FWD
OK
OK
DATA,MOTOR_BREAKIN_V3,000001,9,504,508,0.237,0.156,1.031,0.836,0.195,60,FWD,RUN,0.197,0.038,0.197,0.195,0.000,0.000,0.000,0,0.870,557,2.722,22.3
OK
DATA,MOTOR_BREAKIN_V3,000001,109,468,490,1.188,0.632,2.424,1.031,1.393,116,FWD,RUN,0.910,1.267,0.936,1.393,0.000,0.000,0.000,0,0.870,557,2.722,22.4
OK
DATA,MOTOR_BREAKIN_V3,000001,209,464,487,1.294,0.711,3.427,0.891,2.535,120,FWD,RUN,1.002,2.541,0.859,2.284,0.000,0.000,0.000,0,0.870,558,2.727,22.3
DATA,MOTOR_BREAKIN_V3,000001,309,466,489,1.241,0.658,4.402,0.808,3.594,120,FWD,RUN,0.949,3.412,0.225,1.950,0.000,0.000,0.000,0,0.949,557,2.722,22.3
OK
DATA,MOTOR_BREAKIN_V3,000001,409,481,496,0.844,0.473,4.959,0.641,4.318,108,FWD,RUN,0.659,2.845,0.357,1.644,0.000,0.000,0.000,0,1.002,557,2.722,22.3
OK
DATA,MOTOR_BREAKIN_V3,000001,509,501,507,0.316,0.183,5.182,0.251,4.931,82,FWD,RUN,0.249,1.230,0.753,1.309,0.000,0.000,0.000,0,1.002,557,2.722,22.3
OK
DATA,MOTOR_BREAKIN_V3,000001,609,511,512,0.052,0.051,4.569,0.000,4.569,43,FWD,RUN,0.051,0.234,0.608,0.501,0.000,0.000,0.000,0,1.002,557,2.722,22.3
OK
DATA,MOTOR_BREAKIN_V3,000001,709,510,513,0.078,0.000,4.067,0.000,4.067,35,FWD,RUN,0.039,0.159,0.290,0.947,0.000,0.000,0.000,0,1.002,557,2.722,22.3
DATA,MOTOR_BREAKIN_V3,000001,809,511,512,0.052,0.051,3.956,0.000,3.956,35,FWD,RUN,0.051,0.203,0.065,0.501,0.000,0.000,0.000,0,1.002,557,2.722,22.3
DATA,MOTOR_BREAKIN_V3,000001,909,510,513,0.078,0.000,3.594,0.028,3.566,35,FWD,RUN,0.039,0.139,0.052,0.585,0.000,0.000,0.000,0,1.002,556,2.717,22.3
DATA,MOTOR_BREAKIN_V3,000001,1009,510,511,0.078,0.077,3.315,0.056,3.260,35,FWD,RUN,0.078,0.253,0.052,0.446,0.000,0.000,0.000,0,1.002,556,2.717,22.3
DATA,MOTOR_BREAKIN_V3,000001,1109,510,512,0.078,0.051,3.176,0.056,3.120,35,FWD,RUN,0.064,0.201,0.026,0.390,0.000,0.000,0.000,0,1.002,557,2.722,22.3
DATA,MOTOR_BREAKIN_V3,000001,1209,510,512,0.078,0.051,2.981,0.056,2.925,35,FWD,RUN,0.064,0.188,0.026,0.390,0.000,0.000,0.000,0,1.002,556,2.717,22.3
OK
DATA,MOTOR_BREAKIN_V3,000001,1309,508,510,0.131,0.103,2.981,0.084,2.897,37,FWD,RUN,0.117,0.340,0.091,0.195,0.000,0.000,0.000,0,1.002,557,2.722,22.3
OK
DATA,MOTOR_BREAKIN_V3,000001,1409,509,511,0.105,0.077,2.981,0.111,2.870,39,FWD,RUN,0.091,0.261,0.091,0.084,0.000,0.000,0.000,0,1.002,557,2.722,22.3
OK
DATA,MOTOR_BREAKIN_V3,000001,1509,509,511,0.105,0.077,2.842,0.111,2.730,42,FWD,RUN,0.091,0.248,0.026,0.195,0.000,0.000,0.000,0,1.002,556,2.717,22.3
OK
DATA,MOTOR_BREAKIN_V3,000001,1609,508,510,0.131,0.103,3.037,0.167,2.870,47,FWD,RUN,0.117,0.336,0.040,0.167,0.000,0.000,0.000,0,1.002,557,2.722,22.3
DATA,MOTOR_BREAKIN_V3,000001,1708,508,510,0.131,0.103,3.037,0.139,2.897,47,FWD,RUN,0.117,0.340,0.040,0.139,0.000,0.000,0.000,0,1.002,557,2.722,22.3
OK
DATA,MOTOR_BREAKIN_V3,000001,1809,506,510,0.184,0.103,3.176,0.195,2.981,50,FWD,RUN,0.144,0.428,0.053,0.167,0.000,0.000,0.000,0,1.002,557,2.722,22.3
DATA,MOTOR_BREAKIN_V3,000001,1909,507,509,0.157,0.130,3.287,0.167,3.120,50,FWD,RUN,0.144,0.448,0.053,0.251,0.000,0.000,0.000,0,1.002,556,2.717,22.3
OK
DATA,MOTOR_BREAKIN_V3,000001,2009,507,510,0.157,0.103,3.232,0.167,3.065,48,FWD,RUN,0.130,0.400,0.040,0.139,0.000,0.000,0.000,0,1.002,557,2.722,22.3
OK
DATA,MOTOR_BREAKIN_V3,000001,2109,508,510,0.131,0.103,3.232,0.111,3.120,47,FWD,RUN,0.117,0.366,0.026,0.139,0.000,0.000,0.000,0,1.002,556,2.717,22.3
OK
DATA,MOTOR_BREAKIN_V3,000001,2209,507,511,0.157,0.077,3.260,0.111,3.148,45,FWD,RUN,0.117,0.369,0.040,0.056,0.000,0.000,0.000,0,1.002,556,2.717,22.3
OK
DATA,MOTOR_BREAKIN_V3,000001,2309,509,511,0.105,0.077,3.148,0.111,3.037,42,FWD,RUN,0.091,0.276,0.040,0.111,0.000,0.000,0.000,0,1.002,557,2.722,22.3
OK
DATA,MOTOR_BREAKIN_V3,000001,2409,510,511,0.078,0.077,3.204,0.111,3.092,41,FWD,RUN,0.078,0.240,0.040,0.111,0.000,0.000,0.000,0,1.002,557,2.722,22.3
OK
DATA,MOTOR_BREAKIN_V3,000001,2509,510,511,0.078,0.077,3.148,0.084,3.065,39,FWD,RUN,0.078,0.238,0.040,0.139,0.000,0.000,0.000,0,1.002,557,2.722,22.4
OK
DATA,MOTOR_BREAKIN_V3,000001,2609,509,512,0.105,0.051,2.953,0.084,2.870,38,FWD,RUN,0.078,0.223,0.040,0.223,0.000,0.000,0.000,0,1.002,557,2.722,22.3
DATA,MOTOR_BREAKIN_V3,000001,2709,509,512,0.105,0.051,2.925,0.028,2.897,38,FWD,RUN,0.078,0.225,0.026,0.139,0.000,0.000,0.000,0,1.002,556,2.717,22.3
OK
DATA,MOTOR_BREAKIN_V3,000001,2809,508,512,0.131,0.051,3.009,0.111,2.897,40,FWD,RUN,0.091,0.263,0.040,0.167,0.000,0.000,0.000,0,1.002,557,2.722,22.3
OK
DATA,MOTOR_BREAKIN_V3,000001,2909,509,510,0.105,0.103,3.037,0.111,2.925,42,FWD,RUN,0.104,0.304,0.040,0.167,0.000,0.000,0.000,0,1.002,557,2.722,22.3
OK
DATA,MOTOR_BREAKIN_V3,000001,3009,508,510,0.131,0.103,3.065,0.111,2.953,44,FWD,RUN,0.117,0.346,0.053,0.195,0.346,0.117,2.953,44,1.002,557,2.722,22.3
OK
DATA,MOTOR_BREAKIN_V3,000001,3109,508,510,0.131,0.103,3.092,0.139,2.953,45,FWD,RUN,0.117,0.346,0.040,0.195,0.346,0.117,2.953,44,1.002,557,2.722,22.3
OK
DATA,MOTOR_BREAKIN_V3,000001,3209,508,510,0.131,0.103,3.037,0.139,2.897,46,FWD,RUN,0.117,0.340,0.040,0.139,0.346,0.117,2.953,44,1.002,557,2.722,22.3
OK
DATA,MOTOR_BREAKIN_V3,000001,3309,507,510,0.157,0.103,3.176,0.195,2.981,48,FWD,RUN,0.130,0.389,0.040,0.111,0.420,0.144,2.925,48,1.002,557,2.722,22.3
DATA,MOTOR_BREAKIN_V3,000001,3409,507,510,0.157,0.103,3.204,0.139,3.065,48,FWD,RUN,0.130,0.400,0.053,0.139,0.476,0.157,3.037,48,1.002,557,2.722,22.3
OK
DATA,MOTOR_BREAKIN_V3,000001,3509,507,510,0.157,0.103,3.232,0.167,3.065,47,FWD,RUN,0.130,0.400,0.053,0.111,0.476,0.157,3.037,48,1.002,558,2.727,22.3
DATA,MOTOR_BREAKIN_V3,000001,3609,508,510,0.131,0.103,3.204,0.139,3.065,47,FWD,RUN,0.117,0.359,0.040,0.139,0.476,0.157,3.037,48,1.002,557,2.722,22.3
OK
DATA,MOTOR_BREAKIN_V3,000001,3709,507,510,0.157,0.103,3.232,0.139,3.092,46,FWD,RUN,0.130,0.403,0.026,0.111,0.476,0.157,3.037,48,1.002,557,2.722,22.3
OK
DATA,MOTOR_BREAKIN_V3,000001,3809,508,511,0.131,0.077,3.204,0.139,3.065,44,FWD,RUN,0.104,0.319,0.026,0.139,0.476,0.157,3.037,48,1.002,557,2.722,22.3
OK
DATA,MOTOR_BREAKIN_V3,000001,3909,508,512,0.131,0.051,3.204,0.056,3.148,43,FWD,RUN,0.091,0.286,0.026,0.195,0.476,0.157,3.037,48,1.002,557,2.722,22.3
OK
DATA,MOTOR_BREAKIN_V3,000001,4009,508,512,0.131,0.051,3.204,0.084,3.120,40,FWD,RUN,0.091,0.283,0.026,0.167,0.476,0.157,3.037,48,1.002,557,2.722,22.3
OK
DATA,MOTOR_BREAKIN_V3,000001,4109,509,511,0.105,0.077,3.065,0.056,3.009,38,FWD,RUN,0.091,0.273,0.040,0.195,0.476,0.157,3.037,48,1.002,556,2.717,22.3
DATA,MOTOR_BREAKIN_V3,000001,4209,509,511,0.105,0.077,2.981,0.084,2.897,38,FWD,RUN,0.091,0.263,0.040,0.167,0.476,0.157,3.037,48,1.002,557,2.722,22.3
OK
DATA,MOTOR_BREAKIN_V3,000001,4309,509,511,0.105,0.077,2.981,0.111,2.870,40,FWD,RUN,0.091,0.261,0.026,0.139,0.476,0.157,3.037,48,1.002,557,2.722,22.3
OK
DATA,MOTOR_BREAKIN_V3,000001,4409,508,511,0.131,0.077,3.037,0.111,2.925,43,FWD,RUN,0.104,0.304,0.026,0.139,0.476,0.157,3.037,48,1.002,557,2.722,22.3
DATA,MOTOR_BREAKIN_V3,000001,4509,508,511,0.131,0.077,3.120,0.111,3.009,43,FWD,RUN,0.104,0.313,0.040,0.223,0.476,0.157,3.037,48,1.002,557,2.722,22.3
OK
DATA,MOTOR_BREAKIN_V3,000001,4609,508,510,0.131,0.103,3.065,0.139,2.925,45,FWD,RUN,0.117,0.343,0.026,0.251,0.476,0.157,3.037,48,1.002,556,2.717,22.3
OK
DATA,MOTOR_BREAKIN_V3,000001,4709,507,510,0.157,0.103,3.092,0.167,2.925,47,FWD,RUN,0.130,0.382,0.026,0.223,0.476,0.157,3.037,48,1.002,556,2.717,22.3
OK
DATA,MOTOR_BREAKIN_V3,000001,4809,507,510,0.157,0.103,3.176,0.167,3.009,49,FWD,RUN,0.130,0.393,0.040,0.251,0.476,0.157,3.037,48,1.002,557,2.722,22.3
DATA,MOTOR_BREAKIN_V3,000001,4908,507,510,0.157,0.103,3.232,0.139,3.092,49,FWD,RUN,0.130,0.403,0.026,0.111,0.476,0.157,3.037,48,1.002,557,2.722,22.3
OK
DATA,MOTOR_BREAKIN_V3,000001,5009,507,510,0.157,0.103,3.232,0.167,3.065,47,FWD,RUN,0.130,0.400,0.013,0.279,0.476,0.157,3.037,48,1.002,557,2.722,22.3
OK
DATA,MOTOR_BREAKIN_V3,000001,5109,507,510,0.157,0.103,3.371,0.139,3.232,46,FWD,RUN,0.130,0.422,0.013,0.195,0.476,0.157,3.037,48,1.002,558,2.727,22.3
OK
DATA,MOTOR_BREAKIN_V3,000001,5209,508,511,0.131,0.077,3.176,0.084,3.092,41,FWD,RUN,0.104,0.322,0.026,0.139,0.476,0.157,3.037,48,1.002,557,2.722,22.3
OK
DATA,MOTOR_BREAKIN_V3,000001,5309,509,511,0.105,0.077,3.232,0.084,3.148,39,FWD,RUN,0.091,0.286,0.026,0.139,0.476,0.157,3.037,48,1.002,557,2.722,22.3
OK
DATA,MOTOR_BREAKIN_V3,000001,5409,509,512,0.105,0.051,3.148,0.056,3.092,36,FWD,RUN,0.078,0.240,0.026,0.251,0.476,0.157,3.037,48,1.002,557,2.722,22.3
DATA,MOTOR_BREAKIN_V3,000001,5509,510,512,0.078,0.051,3.009,0.056,2.953,36,FWD,RUN,0.064,0.190,0.040,0.195,0.476,0.157,3.037,48,1.002,557,2.722,22.3
OK
DATA,MOTOR_BREAKIN_V3,000001,5609,509,512,0.105,0.051,2.842,0.084,2.758,37,FWD,RUN,0.078,0.214,0.026,0.251,0.476,0.157,3.037,48,1.002,557,2.722,22.3
OK
DATA,MOTOR_BREAKIN_V3,000001,5709,508,510,0.131,0.103,3.009,0.139,2.870,42,FWD,RUN,0.117,0.336,0.040,0.139,0.476,0.157,3.037,48,1.002,557,2.722,22.3
OK
DATA,MOTOR_BREAKIN_V3,000001,5809,508,510,0.131,0.103,3.148,0.167,2.981,45,FWD,RUN,0.117,0.350,0.053,0.167,0.476,0.157,3.037,48,1.002,557,2.722,22.3
DATA,MOTOR_BREAKIN_V3,000001,5909,507,510,0.157,0.103,3.092,0.139,2.953,45,FWD,RUN,0.130,0.385,0.053,0.139,0.476,0.157,3.037,48,1.002,556,2.717,22.3
OK
DATA,MOTOR_BREAKIN_V3,000001,6009,508,510,0.131,0.103,3.120,0.139,2.981,46,FWD,RUN,0.117,0.350,0.040,0.111,0.476,0.157,3.037,48,1.002,556,2.717,22.3
DATA,MOTOR_BREAKIN_V3,000001,6109,507,510,0.157,0.103,3.120,0.139,2.981,46,FWD,RUN,0.130,0.389,0.040,0.195,0.476,0.157,3.037,48,1.002,557,2.722,22.3
DATA,MOTOR_BREAKIN_V3,000001,6209,507,511,0.157,0.077,3.176,0.139,3.037,46,FWD,RUN,0.117,0.356,0.026,0.139,0.476,0.157,3.037,48,1.002,557,2.722,22.3
OK
DATA,MOTOR_BREAKIN_V3,000001,6309,508,511,0.131,0.077,3.232,0.139,3.092,45,FWD,RUN,0.104,0.322,0.026,0.139,0.476,0.157,3.037,48,1.002,557,2.722,22.3
DATA,MOTOR_BREAKIN_V3,000001,6409,507,510,0.157,0.103,3.232,0.139,3.092,45,FWD,RUN,0.130,0.403,0.026,0.139,0.476,0.157,3.037,48,1.002,557,2.722,22.3
OK
DATA,MOTOR_BREAKIN_V3,000001,6509,508,510,0.131,0.103,3.232,0.111,3.120,43,FWD,RUN,0.117,0.366,0.053,0.139,0.476,0.157,3.037,48,1.002,556,2.717,22.3
OK
DATA,MOTOR_BREAKIN_V3,000001,6609,508,511,0.131,0.077,3.176,0.111,3.065,41,FWD,RUN,0.104,0.319,0.040,0.139,0.476,0.157,3.037,48,1.002,556,2.717,22.3
OK
DATA,MOTOR_BREAKIN_V3,000001,6709,508,511,0.131,0.077,3.037,0.084,2.953,40,FWD,RUN,0.104,0.307,0.040,0.111,0.476,0.157,3.037,48,1.002,557,2.722,22.3
OK
DATA,MOTOR_BREAKIN_V3,000001,6809,509,510,0.105,0.103,3.120,0.111,3.009,41,FWD,RUN,0.104,0.313,0.026,0.111,0.476,0.157,3.037,48,1.002,557,2.722,22.3
DATA,MOTOR_BREAKIN_V3,000001,6909,509,511,0.105,0.077,3.176,0.111,3.065,41,FWD,RUN,0.091,0.278,0.026,0.167,0.476,0.157,3.037,48,1.002,557,2.722,22.3
OK
DATA,MOTOR_BREAKIN_V3,000001,7009,509,511,0.105,0.077,2.953,0.111,2.842,40,FWD,RUN,0.091,0.258,0.026,0.223,0.476,0.157,3.037,48,1.002,557,2.722,22.3
OK
DATA,MOTOR_BREAKIN_V3,000001,7109,508,510,0.131,0.103,3.092,0.139,2.953,43,FWD,RUN,0.117,0.346,0.053,0.139,0.476,0.157,3.037,48,1.002,557,2.722,22.3
OK
DATA,MOTOR_BREAKIN_V3,000001,7209,508,510,0.131,0.103,3.204,0.139,3.065,44,FWD,RUN,0.117,0.359,0.053,0.139,0.476,0.157,3.037,48,1.002,558,2.727,22.3
OK
DATA,MOTOR_BREAKIN_V3,000001,7309,508,511,0.131,0.077,3.092,0.111,2.981,43,FWD,RUN,0.104,0.310,0.026,0.167,0.476,0.157,3.037,48,1.002,557,2.722,22.3
DATA,MOTOR_BREAKIN_V3,000001,7409,509,511,0.105,0.077,3.120,0.139,2.981,43,FWD,RUN,0.091,0.271,0.026,0.195,0.476,0.157,3.037,48,1.002,557,2.722,22.3
DATA,MOTOR_BREAKIN_V3,000001,7509,508,510,0.131,0.103,3.092,0.111,2.981,43,FWD,RUN,0.117,0.350,0.026,0.223,0.476,0.157,3.037,48,1.002,556,2.717,22.3
DATA,MOTOR_BREAKIN_V3,000001,7609,508,511,0.131,0.077,3.120,0.111,3.009,43,FWD,RUN,0.104,0.313,0.026,0.084,0.476,0.157,3.037,48,1.002,556,2.717,22.3
DATA,MOTOR_BREAKIN_V3,000001,7709,507,512,0.157,0.051,3.204,0.111,3.092,43,FWD,RUN,0.104,0.322,0.026,0.167,0.476,0.157,3.037,48,1.002,557,2.722,22.3
OK
DATA,MOTOR_BREAKIN_V3,000001,7809,508,510,0.131,0.103,3.120,0.111,3.009,41,FWD,RUN,0.117,0.353,0.026,0.167,0.476,0.157,3.037,48,1.002,556,2.717,22.3
DATA,MOTOR_BREAKIN_V3,000001,7909,510,511,0.078,0.077,3.092,0.111,2.981,41,FWD,RUN,0.078,0.231,0.040,0.139,0.476,0.157,3.037,48,1.002,556,2.717,22.3
DATA,MOTOR_BREAKIN_V3,000001,8009,508,511,0.131,0.077,3.092,0.139,2.953,41,FWD,RUN,0.104,0.307,0.026,0.111,0.476,0.157,3.037,48,1.002,557,2.722,22.3
OK
DATA,MOTOR_BREAKIN_V3,000001,8108,508,511,0.131,0.077,3.120,0.139,2.981,42,FWD,RUN,0.104,0.310,0.026,0.139,0.476,0.157,3.037,48,1.002,558,2.727,22.3
DATA,MOTOR_BREAKIN_V3,000001,8209,509,511,0.105,0.077,3.120,0.111,3.009,42,FWD,RUN,0.091,0.273,0.026,0.167,0.476,0.157,3.037,48,1.002,558,2.727,22.3
DATA,MOTOR_BREAKIN_V3,000001,8309,509,511,0.105,0.077,3.092,0.084,3.009,42,FWD,RUN,0.091,0.273,0.040,0.167,0.476,0.157,3.037,48,1.002,558,2.727,22.3
DATA,MOTOR_BREAKIN_V3,000001,8409,508,510,0.131,0.103,3.092,0.139,2.953,42,FWD,RUN,0.117,0.346,0.040,0.195,0.476,0.157,3.037,48,1.002,557,2.722,22.3
OK
DATA,MOTOR_BREAKIN_V3,000001,8509,508,510,0.131,0.103,3.037,0.084,2.953,43,FWD,RUN,0.117,0.346,0.053,0.195,0.476,0.157,3.037,48,1.002,557,2.722,22.3
OK
DATA,MOTOR_BREAKIN_V3,000001,8609,508,511,0.131,0.077,3.065,0.111,2.953,44,FWD,RUN,0.104,0.307,0.053,0.139,0.476,0.157,3.037,48,1.002,556,2.717,22.2
OK
DATA,MOTOR_BREAKIN_V3,000001,8709,508,510,0.131,0.103,3.176,0.111,3.065,45,FWD,RUN,0.117,0.359,0.040,0.167,0.476,0.157,3.037,48,1.002,556,2.717,22.3
OK
DATA,MOTOR_BREAKIN_V3,000001,8809,508,511,0.131,0.077,3.232,0.139,3.092,44,FWD,RUN,0.104,0.322,0.026,0.167,0.476,0.157,3.037,48,1.002,557,2.722,22.3
OK
DATA,MOTOR_BREAKIN_V3,000001,8909,508,510,0.131,0.103,3.232,0.139,3.092,42,FWD,RUN,0.117,0.363,0.026,0.167,0.476,0.157,3.037,48,1.002,557,2.722,22.3
OK
DATA,MOTOR_BREAKIN_V3,000001,9009,509,512,0.105,0.051,3.065,0.084,2.981,40,FWD,RUN,0.078,0.231,0.040,0.139,0.476,0.157,3.037,48,1.002,557,2.722,22.3
DATA,MOTOR_BREAKIN_V3,000001,9109,508,511,0.131,0.077,3.037,0.084,2.953,40,FWD,RUN,0.104,0.307,0.026,0.167,0.476,0.157,3.037,48,1.002,557,2.722,22.3
OK
DATA,MOTOR_BREAKIN_V3,000001,9209,509,510,0.105,0.103,3.065,0.111,2.953,41,FWD,RUN,0.104,0.307,0.026,0.251,0.476,0.157,3.037,48,1.002,557,2.722,22.3
DATA,MOTOR_BREAKIN_V3,000001,9309,508,511,0.131,0.077,3.120,0.111,3.009,41,FWD,RUN,0.104,0.313,0.026,0.167,0.476,0.157,3.037,48,1.002,557,2.722,22.3
DATA,MOTOR_BREAKIN_V3,000001,9409,509,512,0.105,0.051,2.953,0.139,2.814,41,FWD,RUN,0.078,0.218,0.026,0.195,0.476,0.157,3.037,48,1.002,557,2.722,22.3
OK
DATA,MOTOR_BREAKIN_V3,000001,9509,507,511,0.157,0.077,3.176,0.139,3.037,45,FWD,RUN,0.117,0.356,0.053,0.223,0.476,0.157,3.037,48,1.002,557,2.722,22.3
OK
DATA,MOTOR_BREAKIN_V3,000001,9609,508,510,0.131,0.103,3.148,0.139,3.009,44,FWD,RUN,0.117,0.353,0.026,0.167,0.476,0.157,3.037,48,1.002,556,2.717,22.3
DATA,MOTOR_BREAKIN_V3,000001,9709,508,511,0.131,0.077,3.065,0.139,2.925,44,FWD,RUN,0.104,0.304,0.026,0.167,0.476,0.157,3.037,48,1.002,557,2.722,22.3
OK
DATA,MOTOR_BREAKIN_V3,000001,9809,507,510,0.157,0.103,3.176,0.139,3.037,46,FWD,RUN,0.130,0.396,0.040,0.167,0.476,0.157,3.037,48,1.002,557,2.722,22.3
OK
DATA,MOTOR_BREAKIN_V3,000001,9909,508,511,0.131,0.077,3.148,0.139,3.009,45,FWD,RUN,0.104,0.313,0.040,0.167,0.476,0.157,3.037,48,1.002,557,2.722,22.3
DATA,MOTOR_BREAKIN_V3,000001,10009,507,511,0.157,0.077,3.260,0.139,3.120,45,FWD,RUN,0.117,0.366,0.013,0.167,0.476,0.157,3.037,48,1.002,557,2.722,22.2
OK
DATA,MOTOR_BREAKIN_V3,000001,10109,508,512,0.131,0.051,3.176,0.084,3.092,43,FWD,RUN,0.091,0.281,0.026,0.111,0.476,0.157,3.037,48,1.002,557,2.722,22.2
DATA,MOTOR_BREAKIN_V3,000001,10209,508,512,0.131,0.051,3.204,0.111,3.092,43,FWD,RUN,0.091,0.281,0.026,0.167,0.476,0.157,3.037,48,1.002,556,2.717,22.2
OK
DATA,MOTOR_BREAKIN_V3,000001,10309,509,513,0.105,0.000,3.065,0.111,2.953,41,FWD,RUN,0.052,0.154,0.065,0.223,0.476,0.157,3.037,48,1.002,557,2.722,22.3
OK
DATA,MOTOR_BREAKIN_V3,000001,10409,508,511,0.131,0.077,3.204,0.111,3.092,42,FWD,RUN,0.104,0.322,0.065,0.167,0.476,0.157,3.037,48,1.002,557,2.722,22.3
OK
DATA,MOTOR_BREAKIN_V3,000001,10509,509,511,0.105,0.077,3.148,0.111,3.037,40,FWD,RUN,0.091,0.276,0.053,0.111,0.476,0.157,3.037,48,1.002,557,2.722,22.3
OK
DATA,MOTOR_BREAKIN_V3,000001,10609,510,510,0.078,0.103,3.092,0.111,2.981,39,FWD,RUN,0.091,0.271,0.026,0.139,0.476,0.157,3.037,48,1.002,557,2.722,22.3
DATA,MOTOR_BREAKIN_V3,000001,10709,509,511,0.105,0.077,2.981,0.111,2.870,39,FWD,RUN,0.091,0.261,0.040,0.139,0.476,0.157,3.037,48,1.002,557,2.722,22.3
OK
DATA,MOTOR_BREAKIN_V3,000001,10809,508,511,0.131,0.077,3.092,0.139,2.953,42,FWD,RUN,0.104,0.307,0.040,0.139,0.476,0.157,3.037,48,1.002,557,2.722,22.3
OK
DATA,MOTOR_BREAKIN_V3,000001,10909,509,511,0.105,0.077,3.009,0.111,2.897,43,FWD,RUN,0.091,0.263,0.040,0.167,0.476,0.157,3.037,48,1.002,556,2.717,21.9
OK
DATA,MOTOR_BREAKIN_V3,000001,11009,508,510,0.131,0.103,3.009,0.167,2.842,45,FWD,RUN,0.117,0.333,0.040,0.167,0.476,0.157,3.037,48,1.002,557,2.722,22.3
OK
DATA,MOTOR_BREAKIN_V3,000001,11109,508,510,0.131,0.103,3.120,0.167,2.953,48,FWD,RUN,0.117,0.346,0.040,0.167,0.476,0.157,3.037,48,1.002,557,2.722,22.3
DATA,MOTOR_BREAKIN_V3,000001,11209,507,510,0.157,0.103,3.148,0.167,2.981,48,FWD,RUN,0.130,0.389,0.026,0.139,0.476,0.157,3.037,48,1.002,557,2.722,22.3
DATA,MOTOR_BREAKIN_V3,000001,11308,507,510,0.157,0.103,3.260,0.139,3.120,48,FWD,RUN,0.130,0.407,0.013,0.279,0.476,0.157,3.037,48,1.002,556,2.717,22.3
OK
DATA,MOTOR_BREAKIN_V3,000001,11409,508,511,0.131,0.077,3.232,0.139,3.092,46,FWD,RUN,0.104,0.322,0.026,0.195,0.476,0.157,3.037,48,1.002,556,2.717,22.3
OK
DATA,MOTOR_BREAKIN_V3,000001,11509,508,510,0.131,0.103,3.260,0.111,3.148,44,FWD,RUN,0.117,0.369,0.013,0.111,0.476,0.157,3.037,48,1.002,557,2.722,22.3
OK
DATA,MOTOR_BREAKIN_V3,000001,11609,509,510,0.105,0.103,3.232,0.139,3.092,41,FWD,RUN,0.104,0.322,0.026,0.195,0.476,0.157,3.037,48,1.002,556,2.717,22.2
OK
DATA,MOTOR_BREAKIN_V3,000001,11709,509,511,0.105,0.077,3.065,0.084,2.981,39,FWD,RUN,0.091,0.271,0.040,0.167,0.476,0.157,3.037,48,1.002,557,2.722,22.3
DATA,MOTOR_BREAKIN_V3,000001,11809,509,511,0.105,0.077,3.120,0.111,3.009,39,FWD,RUN,0.091,0.273,0.078,0.223,0.476,0.157,3.037,48,1.002,557,2.722,22.3
DATA,MOTOR_BREAKIN_V3,000001,11909,509,511,0.105,0.077,3.037,0.056,2.981,39,FWD,RUN,0.091,0.271,0.065,0.111,0.476,0.157,3.037,48,1.002,557,2.722,22.3
DATA,MOTOR_BREAKIN_V3,000001,12009,509,512,0.105,0.051,3.009,0.056,2.953,39,FWD,RUN,0.078,0.229,0.040,0.167,0.476,0.157,3.037,48,1.002,556,2.717,22.3
DATA,MOTOR_BREAKIN_V3,000001,12109,509,512,0.105,0.051,3.009,0.111,2.897,39,FWD,RUN,0.078,0.225,0.040,0.167,0.476,0.157,3.037,48,1.002,557,2.722,22.3
OK
DATA,MOTOR_BREAKIN_V3,000001,12209,508,512,0.131,0.051,2.981,0.111,2.870,41,FWD,RUN,0.091,0.261,0.040,0.139,0.476,0.157,3.037,48,1.002,557,2.722,22.3
OK
DATA,MOTOR_BREAKIN_V3,000001,12309,508,511,0.131,0.077,3.037,0.111,2.925,44,FWD,RUN,0.104,0.304,0.040,0.084,0.476,0.157,3.037,48,1.002,556,2.717,22.3
OK
DATA,MOTOR_BREAKIN_V3,000001,12409,508,510,0.131,0.103,3.232,0.167,3.065,46,FWD,RUN,0.117,0.359,0.053,0.167,0.476,0.157,3.037,48,1.002,557,2.722,22.3
OK
DATA,MOTOR_BREAKIN_V3,000001,12509,507,511,0.157,0.077,3.092,0.111,2.981,45,FWD,RUN,0.117,0.350,0.053,0.195,0.476,0.157,3.037,48,1.002,556,2.717,22.2
DATA,MOTOR_BREAKIN_V3,000001,12609,508,510,0.131,0.103,3.260,0.167,3.092,45,FWD,RUN,0.117,0.363,0.026,0.223,0.476,0.157,3.037,48,1.002,557,2.722,22.2
OK
DATA,MOTOR_BREAKIN_V3,000001,12709,507,511,0.157,0.077,3.148,0.084,3.065,43,FWD,RUN,0.117,0.359,0.026,0.223,0.476,0.157,3.037,48,1.002,557,2.722,22.2
OK
DATA,MOTOR_BREAKIN_V3,000001,12809,509,511,0.105,0.077,3.148,0.111,3.037,42,FWD,RUN,0.091,0.276,0.026,0.167,0.476,0.157,3.037,48,1.002,556,2.717,22.2
OK
DATA,MOTOR_BREAKIN_V3,000001,12909,508,511,0.131,0.077,3.204,0.111,3.092,41,FWD,RUN,0.104,0.322,0.026,0.139,0.476,0.157,3.037,48,1.002,557,2.722,22.2
DATA,MOTOR_BREAKIN_V3,000001,13009,508,510,0.131,0.103,3.120,0.111,3.009,41,FWD,RUN,0.117,0.353,0.040,0.167,0.476,0.157,3.037,48,1.002,557,2.722,22.2
OK
DATA,MOTOR_BREAKIN_V3,000001,13109,509,511,0.105,0.077,3.148,0.084,3.065,39,FWD,RUN,0.091,0.278,0.040,0.139,0.476,0.157,3.037,48,1.002,557,2.722,22.3
OK
DATA,MOTOR_BREAKIN_V3,000001,13209,508,511,0.131,0.077,3.009,0.056,2.953,38,FWD,RUN,0.104,0.307,0.026,0.223,0.476,0.157,3.037,48,1.002,556,2.717,22.3
OK
DATA,MOTOR_BREAKIN_V3,000001,13309,509,511,0.105,0.077,3.009,0.084,2.925,39,FWD,RUN,0.091,0.266,0.026,0.167,0.476,0.157,3.037,48,1.002,556,2.717,22.3
OK
DATA,MOTOR_BREAKIN_V3,000001,13409,508,511,0.131,0.077,3.037,0.111,2.925,41,FWD,RUN,0.104,0.304,0.052,0.167,0.476,0.157,3.037,48,1.002,556,2.717,22.3
OK
DATA,MOTOR_BREAKIN_V3,000001,13509,508,510,0.131,0.103,3.092,0.139,2.953,43,FWD,RUN,0.117,0.346,0.065,0.167,0.476,0.157,3.037,48,1.002,557,2.722,22.2
OK
DATA,MOTOR_BREAKIN_V3,000001,13609,508,509,0.131,0.130,3.148,0.139,3.009,44,FWD,RUN,0.130,0.393,0.040,0.139,0.476,0.157,3.037,48,1.002,556,2.717,22.2
DATA,MOTOR_BREAKIN_V3,000001,13709,508,510,0.131,0.103,3.120,0.111,3.009,44,FWD,RUN,0.117,0.353,0.040,0.223,0.476,0.157,3.037,48,1.002,557,2.722,22.3
DATA,MOTOR_BREAKIN_V3,000001,13809,508,510,0.131,0.103,3.092,0.111,2.981,44,FWD,RUN,0.117,0.350,0.026,0.251,0.476,0.157,3.037,48,1.002,557,2.722,22.3
DATA,MOTOR_BREAKIN_V3,000001,13909,507,510,0.157,0.103,3.148,0.084,3.065,44,FWD,RUN,0.130,0.400,0.040,0.195,0.476,0.157,3.037,48,1.002,557,2.722,22.3
DATA,MOTOR_BREAKIN_V3,000001,14009,508,510,0.131,0.103,3.148,0.111,3.037,44,FWD,RUN,0.117,0.356,0.040,0.195,0.476,0.157,3.037,48,1.002,556,2.717,22.2
OK
DATA,MOTOR_BREAKIN_V3,000001,14109,507,510,0.157,0.103,3.176,0.111,3.065,43,FWD,RUN,0.130,0.400,0.040,0.111,0.476,0.157,3.037,48,1.002,557,2.722,22.2
OK
DATA,MOTOR_BREAKIN_V3,000001,14209,508,510,0.131,0.103,3.260,0.111,3.148,42,FWD,RUN,0.117,0.369,0.040,0.195,0.476,0.157,3.037,48,1.002,558,2.727,22.2
OK
DATA,MOTOR_BREAKIN_V3,000001,14309,509,511,0.105,0.077,3.092,0.056,3.037,39,FWD,RUN,0.091,0.276,0.040,0.223,0.476,0.157,3.037,48,1.002,557,2.722,22.3
OK
DATA,MOTOR_BREAKIN_V3,000001,14409,509,511,0.105,0.077,3.037,0.084,2.953,38,FWD,RUN,0.091,0.268,0.040,0.195,0.476,0.157,3.037,48,1.002,556,2.717,22.3
OK
DATA,MOTOR_BREAKIN_V3,000001,14508,508,511,0.131,0.077,2.925,0.111,2.814,39,FWD,RUN,0.104,0.293,0.040,0.334,0.476,0.157,3.037,48,1.002,557,2.722,22.2
OK
DATA,MOTOR_BREAKIN_V3,000001,14609,508,510,0.131,0.103,3.037,0.139,2.897,43,FWD,RUN,0.117,0.340,0.040,0.167,0.476,0.157,3.037,48,1.002,557,2.722,22.2
OK
DATA,MOTOR_BREAKIN_V3,000001,14709,507,510,0.157,0.103,3.120,0.139,2.981,45,FWD,RUN,0.130,0.389,0.053,0.167,0.476,0.157,3.037,48,1.002,556,2.717,22.3
DATA,MOTOR_BREAKIN_V3,000001,14809,507,511,0.157,0.077,3.092,0.139,2.953,45,FWD,RUN,0.117,0.346,0.040,0.223,0.476,0.157,3.037,48,1.002,557,2.722,22.2
OK
DATA,MOTOR_BREAKIN_V3,000001,14909,508,510,0.131,0.103,3.176,0.111,3.065,46,FWD,RUN,0.117,0.359,0.026,0.139,0.476,0.157,3.037,48,1.002,556,2.717,22.3
DATA,MOTOR_BREAKIN_V3,000001,15009,508,509,0.131,0.130,3.260,0.139,3.120,46,FWD,RUN,0.130,0.407,0.026,0.195,0.476,0.157,3.037,48,1.002,557,2.722,22.3
OK
DATA,MOTOR_BREAKIN_V3,000001,15109,507,510,0.157,0.103,3.287,0.139,3.148,45,FWD,RUN,0.130,0.411,0.040,0.167,0.476,0.157,3.037,48,1.002,557,2.722,22.2
OK
DATA,MOTOR_BREAKIN_V3,000001,15209,508,510,0.131,0.103,3.092,0.111,2.981,42,FWD,RUN,0.117,0.350,0.040,0.167,0.476,0.157,3.037,48,1.002,557,2.722,22.2
DATA,MOTOR_BREAKIN_V3,000001,15309,508,510,0.131,0.103,3.287,0.139,3.148,42,FWD,RUN,0.117,0.369,0.040,0.167,0.476,0.157,3.037,48,1.002,557,2.722,22.2
OK
DATA,MOTOR_BREAKIN_V3,000001,15409,509,512,0.105,0.051,3.287,0.111,3.176,39,FWD,RUN,0.078,0.247,0.040,0.195,0.476,0.157,3.037,48,1.002,557,2.722,22.2
OK
DATA,MOTOR_BREAKIN_V3,000001,15509,510,512,0.078,0.051,3.037,0.084,2.953,35,FWD,RUN,0.064,0.190,0.040,0.251,0.476,0.157,3.037,48,1.002,556,2.717,22.3
OK
DATA,MOTOR_BREAKIN_V3,000001,15609,508,511,0.131,0.077,2.925,0.084,2.842,36,FWD,RUN,0.104,0.296,0.053,0.362,0.476,0.157,3.037,48,1.002,557,2.722,22.3
OK
DATA,MOTOR_BREAKIN_V3,000001,15709,509,510,0.105,0.103,2.842,0.111,2.730,39,FWD,RUN,0.104,0.284,0.053,0.223,0.476,0.157,3.037,48,1.002,557,2.722,22.3
OK
DATA,MOTOR_BREAKIN_V3,000001,15809,508,511,0.131,0.077,3.009,0.139,2.870,44,FWD,RUN,0.104,0.299,0.040,0.223,0.476,0.157,3.037,48,1.002,556,2.717,22.2
OK
DATA,MOTOR_BREAKIN_V3,000001,15909,507,510,0.157,0.103,3.037,0.139,2.897,47,FWD,RUN,0.130,0.378,0.040,0.111,0.476,0.157,3.037,48,1.002,556,2.717,22.3
DATA,MOTOR_BREAKIN_V3,000001,16009,507,510,0.157,0.103,3.065,0.139,2.925,47,FWD,RUN,0.130,0.382,0.026,0.167,0.476,0.157,3.037,48,1.002,556,2.717,22.3
OK
DATA,MOTOR_BREAKIN_V3,000001,16109,507,509,0.157,0.130,3.176,0.167,3.009,49,FWD,RUN,0.144,0.432,0.026,0.167,0.476,0.157,3.037,48,1.002,557,2.722,22.3
DATA,MOTOR_BREAKIN_V3,000001,16209,507,510,0.157,0.103,3.232,0.167,3.065,49,FWD,RUN,0.130,0.400,0.026,0.167,0.476,0.157,3.037,48,1.002,557,2.722,22.3
OK
DATA,MOTOR_BREAKIN_V3,000001,16309,507,509,0.157,0.130,3.260,0.167,3.092,48,FWD,RUN,0.144,0.444,0.026,0.195,0.476,0.157,3.037,48,1.002,557,2.722,22.3
OK
DATA,MOTOR_BREAKIN_V3,000001,16409,508,510,0.131,0.103,3.315,0.139,3.176,46,FWD,RUN,0.117,0.372,0.026,0.167,0.476,0.157,3.037,48,1.002,556,2.717,22.3
OK
DATA,MOTOR_BREAKIN_V3,000001,16509,509,510,0.105,0.103,3.148,0.111,3.037,42,FWD,RUN,0.104,0.316,0.040,0.195,0.476,0.157,3.037,48,1.002,557,2.722,22.2
OK
DATA,MOTOR_BREAKIN_V3,000001,16609,509,511,0.105,0.077,3.260,0.111,3.148,41,FWD,RUN,0.091,0.286,0.040,0.167,0.476,0.157,3.037,48,1.002,556,2.717,22.2
OK
DATA,MOTOR_BREAKIN_V3,000001,16709,510,512,0.078,0.051,3.148,0.111,3.037,38,FWD,RUN,0.064,0.196,0.040,0.167,0.476,0.157,3.037,48,1.002,556,2.717,22.2
OK
DATA,MOTOR_BREAKIN_V3,000001,16809,509,511,0.105,0.077,3.037,0.056,2.981,37,FWD,RUN,0.091,0.271,0.040,0.139,0.476,0.157,3.037,48,1.002,556,2.717,22.3
DATA,MOTOR_BREAKIN_V3,000001,16909,509,512,0.105,0.051,2.981,0.084,2.897,37,FWD,RUN,0.078,0.225,0.040,0.195,0.476,0.157,3.037,48,1.002,557,2.722,22.3
OK
DATA,MOTOR_BREAKIN_V3,000001,17009,509,512,0.105,0.051,2.925,0.084,2.842,39,FWD,RUN,0.078,0.221,0.026,0.167,0.476,0.157,3.037,48,1.002,557,2.722,22.2
OK
DATA,MOTOR_BREAKIN_V3,000001,17109,507,510,0.157,0.103,3.065,0.139,2.925,42,FWD,RUN,0.130,0.382,0.053,0.195,0.476,0.157,3.037,48,1.002,557,2.722,22.1
OK
DATA,MOTOR_BREAKIN_V3,000001,17209,508,510,0.131,0.103,3.120,0.167,2.953,44,FWD,RUN,0.117,0.346,0.053,0.139,0.476,0.157,3.037,48,1.002,557,2.722,22.3
OK
DATA,MOTOR_BREAKIN_V3,000001,17309,508,510,0.131,0.103,3.037,0.139,2.897,45,FWD,RUN,0.117,0.340,0.026,0.223,0.476,0.157,3.037,48,1.002,556,2.717,22.3
OK
DATA,MOTOR_BREAKIN_V3,000001,17409,508,510,0.131,0.103,3.232,0.167,3.065,47,FWD,RUN,0.117,0.359,0.026,0.251,0.476,0.157,3.037,48,1.002,558,2.727,22.2
OK
DATA,MOTOR_BREAKIN_V3,000001,17509,507,510,0.157,0.103,3.176,0.167,3.009,46,FWD,RUN,0.130,0.393,0.026,0.167,0.476,0.157,3.037,48,1.002,557,2.722,22.3
DATA,MOTOR_BREAKIN_V3,000001,17609,507,509,0.157,0.130,3.287,0.167,3.120,46,FWD,RUN,0.144,0.448,0.040,0.167,0.476,0.157,3.037,48,1.002,557,2.722,22.3
DATA,MOTOR_BREAKIN_V3,000001,17708,507,510,0.157,0.103,3.260,0.139,3.120,46,FWD,RUN,0.130,0.407,0.040,0.167,0.476,0.157,3.037,48,1.002,557,2.722,22.3
OK
DATA,MOTOR_BREAKIN_V3,000001,17809,508,510,0.131,0.103,3.204,0.139,3.065,44,FWD,RUN,0.117,0.359,0.026,0.139,0.476,0.157,3.037,48,1.002,556,2.717,22.3
OK
DATA,MOTOR_BREAKIN_V3,000001,17909,508,510,0.131,0.103,3.260,0.111,3.148,43,FWD,RUN,0.117,0.369,0.040,0.195,0.476,0.157,3.037,48,1.002,557,2.722,22.2
OK
DATA,MOTOR_BREAKIN_V3,000001,18009,509,511,0.105,0.077,3.204,0.111,3.092,40,FWD,RUN,0.091,0.281,0.053,0.223,0.476,0.157,3.037,48,1.002,557,2.722,22.3
OK
DATA,MOTOR_BREAKIN_V3,000001,18109,510,512,0.078,0.051,3.037,0.056,2.981,38,FWD,RUN,0.064,0.192,0.040,0.223,0.476,0.157,3.037,48,1.002,556,2.717,22.3
DATA,MOTOR_BREAKIN_V3,000001,18209,509,511,0.105,0.077,3.009,0.056,2.953,38,FWD,RUN,0.091,0.268,0.040,0.195,0.476,0.157,3.037,48,1.002,556,2.717,22.2
OK
DATA,MOTOR_BREAKIN_V3,000001,18309,509,511,0.105,0.077,2.981,0.084,2.897,39,FWD,RUN,0.091,0.263,0.013,0.084,0.476,0.157,3.037,48,1.002,556,2.717,22.3
OK
DATA,MOTOR_BREAKIN_V3,000001,18409,508,512,0.131,0.051,3.037,0.111,2.925,41,FWD,RUN,0.091,0.266,0.039,0.084,0.476,0.157,3.037,48,1.002,555,2.713,22.2
OK
DATA,MOTOR_BREAKIN_V3,000001,18509,509,511,0.105,0.077,3.037,0.139,2.897,43,FWD,RUN,0.091,0.263,0.052,0.167,0.476,0.157,3.037,48,1.002,557,2.722,22.2
OK
DATA,MOTOR_BREAKIN_V3,000001,18609,508,511,0.131,0.077,3.037,0.139,2.897,45,FWD,RUN,0.104,0.301,0.026,0.167,0.476,0.157,3.037,48,1.002,557,2.722,22.1
DATA,MOTOR_BREAKIN_V3,000001,18709,508,510,0.131,0.103,3.120,0.111,3.009,45,FWD,RUN,0.117,0.353,0.053,0.139,0.476,0.157,3.037,48,1.002,557,2.722,22.3
DATA,MOTOR_BREAKIN_V3,000001,18809,508,510,0.131,0.103,3.148,0.167,2.981,45,FWD,RUN,0.117,0.350,0.040,0.195,0.476,0.157,3.037,48,1.002,557,2.722,22.3
DATA,MOTOR_BREAKIN_V3,000001,18909,507,510,0.157,0.103,3.204,0.139,3.065,45,FWD,RUN,0.130,0.400,0.013,0.195,0.476,0.157,3.037,48,1.002,557,2.722,22.1
OK
DATA,MOTOR_BREAKIN_V3,000001,19009,508,510,0.131,0.103,3.232,0.139,3.092,44,FWD,RUN,0.117,0.363,0.026,0.195,0.476,0.157,3.037,48,1.002,557,2.722,22.1
OK
DATA,MOTOR_BREAKIN_V3,000001,19109,509,510,0.105,0.103,3.204,0.139,3.065,42,FWD,RUN,0.104,0.319,0.026,0.084,0.476,0.157,3.037,48,1.002,557,2.722,22.2
OK
DATA,MOTOR_BREAKIN_V3,000001,19209,508,511,0.131,0.077,3.092,0.111,2.981,41,FWD,RUN,0.104,0.310,0.040,0.111,0.476,0.157,3.037,48,1.002,557,2.722,22.2
DATA,MOTOR_BREAKIN_V3,000001,19309,508,510,0.131,0.103,3.120,0.111,3.009,41,FWD,RUN,0.117,0.353,0.040,0.195,0.476,0.157,3.037,48,1.002,557,2.722,22.1
DATA,MOTOR_BREAKIN_V3,000001,19409,508,511,0.131,0.077,3.176,0.111,3.065,41,FWD,RUN,0.104,0.319,0.040,0.195,0.476,0.157,3.037,48,1.002,556,2.717,22.1
OK
DATA,MOTOR_BREAKIN_V3,000001,19509,509,511,0.105,0.077,3.287,0.084,3.204,40,FWD,RUN,0.091,0.291,0.040,0.223,0.476,0.157,3.037,48,1.002,557,2.722,22.2
DATA,MOTOR_BREAKIN_V3,000001,19609,509,512,0.105,0.051,3.092,0.111,2.981,40,FWD,RUN,0.078,0.231,0.040,0.251,0.476,0.157,3.037,48,1.002,557,2.722,22.2
OK
DATA,MOTOR_BREAKIN_V3,000001,19709,509,511,0.105,0.077,2.870,0.084,2.786,36,FWD,RUN,0.091,0.253,0.026,0.279,0.476,0.157,3.037,48,1.002,556,2.717,22.2
OK
DATA,MOTOR_BREAKIN_V3,000001,19809,508,510,0.131,0.103,3.065,0.111,2.953,40,FWD,RUN,0.117,0.346,0.040,0.167,0.476,0.157,3.037,48,1.002,556,2.717,22.2
OK
DATA,MOTOR_BREAKIN_V3,000001,19909,508,511,0.131,0.077,3.037,0.139,2.897,41,FWD,RUN,0.104,0.301,0.040,0.084,0.476,0.157,3.037,48,1.002,556,2.717,22.1
OK
DATA,MOTOR_BREAKIN_V3,000001,20009,508,510,0.131,0.103,3.092,0.139,2.953,43,FWD,RUN,0.117,0.346,0.026,0.111,0.476,0.157,3.037,48,1.002,556,2.717,22.1
OK
DATA,MOTOR_BREAKIN_V3,000001,20109,507,510,0.157,0.103,3.037,0.084,2.953,44,FWD,RUN,0.130,0.385,0.040,0.167,0.476,0.157,3.037,48,1.002,556,2.717,22.1
OK
DATA,MOTOR_BREAKIN_V3,000001,20209,507,510,0.157,0.103,3.148,0.167,2.981,45,FWD,RUN,0.130,0.389,0.053,0.195,0.476,0.157,3.037,48,1.002,556,2.717,22.2
DATA,MOTOR_BREAKIN_V3,000001,20309,508,510,0.131,0.103,3.287,0.139,3.148,45,FWD,RUN,0.117,0.369,0.040,0.223,0.476,0.157,3.037,48,1.002,556,2.717,22.1
OK
DATA,MOTOR_BREAKIN_V3,000001,20409,508,510,0.131,0.103,3.176,0.111,3.065,42,FWD,RUN,0.117,0.359,0.026,0.195,0.476,0.157,3.037,48,1.002,557,2.722,22.1
OK
DATA,MOTOR_BREAKIN_V3,000001,20509,508,512,0.131,0.051,3.148,0.111,3.037,41,FWD,RUN,0.091,0.276,0.053,0.139,0.476,0.157,3.037,48,1.002,557,2.722,22.1
DATA,MOTOR_BREAKIN_V3,000001,20609,507,511,0.157,0.077,3.009,0.139,2.870,41,FWD,RUN,0.117,0.336,0.053,0.279,0.476,0.157,3.037,48,1.002,556,2.717,22.1
OK
DATA,MOTOR_BREAKIN_V3,000001,20709,509,510,0.105,0.103,3.260,0.111,3.148,40,FWD,RUN,0.104,0.328,0.040,0.279,0.476,0.157,3.037,48,1.002,557,2.722,22.2
OK
DATA,MOTOR_BREAKIN_V3,000001,20809,509,511,0.105,0.077,2.981,0.056,2.925,37,FWD,RUN,0.091,0.266,0.053,0.223,0.476,0.157,3.037,48,1.002,557,2.722,22.2
OK
DATA,MOTOR_BREAKIN_V3,000001,20908,508,512,0.131,0.051,3.037,0.084,2.953,39,FWD,RUN,0.091,0.268,0.053,0.111,0.476,0.157,3.037,48,1.002,557,2.722,22.2
OK
DATA,MOTOR_BREAKIN_V3,000001,21009,509,511,0.105,0.077,3.037,0.111,2.925,40,FWD,RUN,0.091,0.266,0.026,0.084,0.476,0.157,3.037,48,1.002,556,2.717,22.2
OK
DATA,MOTOR_BREAKIN_V3,000001,21109,509,510,0.105,0.103,2.981,0.139,2.842,42,FWD,RUN,0.104,0.296,0.053,0.111,0.476,0.157,3.037,48,1.002,557,2.722,22.1
OK
DATA,MOTOR_BREAKIN_V3,000001,21209,508,510,0.131,0.103,3.009,0.139,2.870,45,FWD,RUN,0.117,0.336,0.026,0.111,0.476,0.157,3.037,48,1.002,557,2.722,22.2
OK
DATA,MOTOR_BREAKIN_V3,000001,21309,508,510,0.131,0.103,3.232,0.167,3.065,48,FWD,RUN,0.117,0.359,0.013,0.195,0.476,0.157,3.037,48,1.002,557,2.722,22.2
OK
DATA,MOTOR_BREAKIN_V3,000001,21409,508,509,0.131,0.130,3.176,0.167,3.009,47,FWD,RUN,0.130,0.393,0.040,0.195,0.476,0.157,3.037,48,1.002,557,2.722,22.2
DATA,MOTOR_BREAKIN_V3,000001,21509,507,510,0.157,0.103,3.260,0.167,3.092,47,FWD,RUN,0.130,0.403,0.026,0.195,0.476,0.157,3.037,48,1.002,556,2.717,22.2
DATA,MOTOR_BREAKIN_V3,000001,21609,508,511,0.131,0.077,3.315,0.167,3.148,47,FWD,RUN,0.104,0.328,0.026,0.139,0.476,0.157,3.037,48,1.002,556,2.717,22.2
OK
DATA,MOTOR_BREAKIN_V3,000001,21709,507,510,0.157,0.103,3.315,0.139,3.176,45,FWD,RUN,0.130,0.414,0.026,0.084,0.476,0.157,3.037,48,1.002,557,2.722,22.2
OK
DATA,MOTOR_BREAKIN_V3,000001,21809,508,511,0.131,0.077,3.315,0.111,3.204,41,FWD,RUN,0.104,0.333,0.040,0.167,0.476,0.157,3.037,48,1.002,557,2.722,22.1
OK
DATA,MOTOR_BREAKIN_V3,000001,21909,510,511,0.078,0.077,3.009,0.084,2.925,37,FWD,RUN,0.078,0.227,0.040,0.279,0.476,0.157,3.037,48,1.002,557,2.722,22.2
OK
DATA,MOTOR_BREAKIN_V3,000001,22009,509,511,0.105,0.077,3.009,0.111,2.897,39,FWD,RUN,0.091,0.263,0.026,0.279,0.476,0.157,3.037,48,1.002,557,2.722,22.2
OK
DATA,MOTOR_BREAKIN_V3,000001,22109,508,510,0.131,0.103,2.981,0.111,2.870,41,FWD,RUN,0.117,0.336,0.040,0.195,0.476,0.157,3.037,48,1.002,556,2.717,22.1
OK
DATA,MOTOR_BREAKIN_V3,000001,22209,508,510,0.131,0.103,3.092,0.111,2.981,44,FWD,RUN,0.117,0.350,0.053,0.167,0.476,0.157,3.037,48,1.002,556,2.717,22.0
DATA,MOTOR_BREAKIN_V3,000001,22309,508,510,0.131,0.103,3.120,0.167,2.953,44,FWD,RUN,0.117,0.346,0.040,0.195,0.476,0.157,3.037,48,1.002,557,2.722,22.2
OK
DATA,MOTOR_BREAKIN_V3,000001,22409,508,511,0.131,0.077,3.176,0.139,3.037,45,FWD,RUN,0.104,0.316,0.040,0.195,0.476,0.157,3.037,48,1.002,557,2.722,22.1
OK
DATA,MOTOR_BREAKIN_V3,000001,22509,508,511,0.131,0.077,3.232,0.111,3.120,44,FWD,RUN,0.104,0.325,0.026,0.139,0.476,0.157,3.037,48,1.002,557,2.722,22.2
DATA,MOTOR_BREAKIN_V3,000001,22609,508,510,0.131,0.103,3.148,0.139,3.009,44,FWD,RUN,0.117,0.353,0.026,0.223,0.476,0.157,3.037,48,1.002,557,2.722,22.0
DATA,MOTOR_BREAKIN_V3,000001,22709,508,510,0.131,0.103,3.204,0.167,3.037,44,FWD,RUN,0.117,0.356,0.026,0.251,0.476,0.157,3.037,48,1.002,557,2.722,22.1
OK
DATA,MOTOR_BREAKIN_V3,000001,22809,508,510,0.131,0.103,3.232,0.111,3.120,43,FWD,RUN,0.117,0.366,0.026,0.223,0.476,0.157,3.037,48,1.002,557,2.722,22.0
OK
DATA,MOTOR_BREAKIN_V3,000001,22909,507,511,0.157,0.077,3.120,0.111,3.009,41,FWD,RUN,0.117,0.353,0.040,0.195,0.476,0.157,3.037,48,1.002,557,2.722,22.0
DATA,MOTOR_BREAKIN_V3,000001,23009,509,511,0.105,0.077,3.204,0.111,3.092,41,FWD,RUN,0.091,0.281,0.040,0.111,0.476,0.157,3.037,48,1.002,557,2.722,22.1
OK
DATA,MOTOR_BREAKIN_V3,000001,23109,508,511,0.131,0.077,3.148,0.111,3.037,39,FWD,RUN,0.104,0.316,0.040,0.084,0.476,0.157,3.037,48,1.002,557,2.722,22.0
OK
DATA,MOTOR_BREAKIN_V3,000001,23209,509,510,0.105,0.103,3.037,0.056,2.981,38,FWD,RUN,0.104,0.310,0.040,0.195,0.476,0.157,3.037,48,1.002,557,2.722,22.1
DATA,MOTOR_BREAKIN_V3,000001,23309,509,512,0.105,0.051,2.897,0.111,2.786,38,FWD,RUN,0.078,0.216,0.053,0.223,0.476,0.157,3.037,48,1.002,556,2.717,22.1
OK
DATA,MOTOR_BREAKIN_V3,000001,23409,508,510,0.131,0.103,3.037,0.139,2.897,42,FWD,RUN,0.117,0.340,0.053,0.195,0.476,0.157,3.037,48,1.002,556,2.717,22.1
DATA,MOTOR_BREAKIN_V3,000001,23509,508,510,0.131,0.103,3.092,0.167,2.925,42,FWD,RUN,0.117,0.343,0.053,0.111,0.476,0.157,3.037,48,1.002,557,2.722,22.0
OK
DATA,MOTOR_BREAKIN_V3,000001,23609,508,510,0.131,0.103,3.009,0.139,2.870,44,FWD,RUN,0.117,0.336,0.026,0.111,0.476,0.157,3.037,48,1.002,557,2.722,22.0
OK
DATA,MOTOR_BREAKIN_V3,000001,23709,507,510,0.157,0.103,3.204,0.167,3.037,47,FWD,RUN,0.130,0.396,0.026,0.167,0.476,0.157,3.037,48,1.002,557,2.722,22.1
OK
DATA,MOTOR_BREAKIN_V3,000001,23809,508,510,0.131,0.103,3.204,0.139,3.065,46,FWD,RUN,0.117,0.359,0.026,0.195,0.476,0.157,3.037,48,1.002,557,2.722,22.1
OK
DATA,MOTOR_BREAKIN_V3,000001,23909,508,510,0.131,0.103,3.260,0.139,3.120,45,FWD,RUN,0.117,0.366,0.026,0.111,0.476,0.157,3.037,48,1.002,557,2.722,22.0
OK
DATA,MOTOR_BREAKIN_V3,000001,24009,508,511,0.131,0.077,3.120,0.111,3.009,43,FWD,RUN,0.104,0.313,0.040,0.111,0.476,0.157,3.037,48,1.002,556,2.717,22.0
DATA,MOTOR_BREAKIN_V3,000001,24108,508,510,0.131,0.103,3.204,0.139,3.065,43,FWD,RUN,0.117,0.359,0.040,0.195,0.476,0.157,3.037,48,1.002,557,2.722,22.0
OK
DATA,MOTOR_BREAKIN_V3,000001,24209,509,511,0.105,0.077,3.232,0.111,3.120,42,FWD,RUN,0.091,0.283,0.026,0.167,0.476,0.157,3.037,48,1.002,557,2.722,22.0
DATA,MOTOR_BREAKIN_V3,000001,24309,509,510,0.105,0.103,3.232,0.139,3.092,42,FWD,RUN,0.104,0.322,0.026,0.223,0.476,0.157,3.037,48,1.002,557,2.722,22.0
OK
DATA,MOTOR_BREAKIN_V3,000001,24409,509,511,0.105,0.077,3.092,0.111,2.981,40,FWD,RUN,0.091,0.271,0.040,0.139,0.476,0.157,3.037,48,1.002,556,2.717,22.1
DATA,MOTOR_BREAKIN_V3,000001,24509,509,511,0.105,0.077,3.009,0.111,2.897,40,FWD,RUN,0.091,0.263,0.040,0.223,0.476,0.157,3.037,48,1.002,557,2.722,22.0
OK
DATA,MOTOR_BREAKIN_V3,000001,24609,508,511,0.131,0.077,3.120,0.111,3.009,42,FWD,RUN,0.104,0.313,0.053,0.167,0.476,0.157,3.037,48,1.002,557,2.722,22.0
DATA,MOTOR_BREAKIN_V3,000001,24709,508,510,0.131,0.103,3.148,0.084,3.065,42,FWD,RUN,0.117,0.359,0.040,0.195,0.476,0.157,3.037,48,1.002,557,2.722,22.0
OK
DATA,MOTOR_BREAKIN_V3,000001,24809,509,510,0.105,0.103,3.176,0.139,3.037,41,FWD,RUN,0.104,0.316,0.040,0.195,0.476,0.157,3.037,48,1.002,557,2.722,22.0
OK
DATA,MOTOR_BREAKIN_V3,000001,24909,509,510,0.105,0.103,3.120,0.111,3.009,40,FWD,RUN,0.104,0.313,0.026,0.139,0.476,0.157,3.037,48,1.002,557,2.722,22.0
DATA,MOTOR_BREAKIN_V3,000001,25009,509,511,0.105,0.077,3.065,0.111,2.953,40,FWD,RUN,0.091,0.268,0.040,0.223,0.476,0.157,3.037,48,1.002,557,2.722,22.0
DATA,MOTOR_BREAKIN_V3,000001,25109,509,511,0.105,0.077,2.981,0.111,2.870,40,FWD,RUN,0.091,0.261,0.026,0.223,0.476,0.157,3.037,48,1.002,557,2.722,22.1
OK
DATA,MOTOR_BREAKIN_V3,000001,25209,508,510,0.131,0.103,3.120,0.139,2.981,41,FWD,RUN,0.117,0.350,0.040,0.111,0.476,0.157,3.037,48,1.002,557,2.722,22.0
DATA,MOTOR_BREAKIN_V3,000001,25309,508,512,0.131,0.051,3.065,0.111,2.953,41,FWD,RUN,0.091,0.268,0.040,0.139,0.476,0.157,3.037,48,1.002,556,2.717,22.0
OK
DATA,MOTOR_BREAKIN_V3,000001,25409,508,510,0.131,0.103,3.092,0.139,2.953,42,FWD,RUN,0.117,0.346,0.026,0.139,0.476,0.157,3.037,48,1.002,558,2.727,22.0
OK
DATA,MOTOR_BREAKIN_V3,000001,25509,509,510,0.105,0.103,3.037,0.111,2.925,43,FWD,RUN,0.104,0.304,0.026,0.084,0.476,0.157,3.037,48,1.002,557,2.722,22.0
OK
DATA,MOTOR_BREAKIN_V3,000001,25609,507,510,0.157,0.103,3.260,0.167,3.092,45,FWD,RUN,0.130,0.403,0.040,0.195,0.476,0.157,3.037,48,1.002,557,2.722,22.0
OK
DATA,MOTOR_BREAKIN_V3,000001,25709,508,510,0.131,0.103,3.120,0.084,3.037,43,FWD,RUN,0.117,0.356,0.040,0.195,0.476,0.157,3.037,48,1.002,557,2.722,21.9
OK
DATA,MOTOR_BREAKIN_V3,000001,25809,509,511,0.105,0.077,3.148,0.084,3.065,42,FWD,RUN,0.091,0.278,0.040,0.111,0.476,0.157,3.037,48,1.002,557,2.722,22.0
OK
DATA,MOTOR_BREAKIN_V3,000001,25909,509,511,0.105,0.077,3.148,0.111,3.037,41,FWD,RUN,0.091,0.276,0.013,0.139,0.476,0.157,3.037,48,1.002,556,2.717,22.0
OK
DATA,MOTOR_BREAKIN_V3,000001,26009,509,511,0.105,0.077,3.120,0.111,3.009,40,FWD,RUN,0.091,0.273,0.040,0.167,0.476,0.157,3.037,48,1.002,556,2.717,22.0
DATA,MOTOR_BREAKIN_V3,000001,26109,508,512,0.131,0.051,3.065,0.111,2.953,40,FWD,RUN,0.091,0.268,0.040,0.167,0.476,0.157,3.037,48,1.002,557,2.722,22.0
OK
DATA,MOTOR_BREAKIN_V3,000001,26209,508,511,0.131,0.077,3.037,0.084,2.953,41,FWD,RUN,0.104,0.307,0.026,0.167,0.476,0.157,3.037,48,1.002,557,2.722,22.1
OK
DATA,MOTOR_BREAKIN_V3,000001,26309,509,511,0.105,0.077,3.009,0.139,2.870,42,FWD,RUN,0.091,0.261,0.026,0.167,0.476,0.157,3.037,48,1.002,557,2.722,22.0
OK
DATA,MOTOR_BREAKIN_V3,000001,26409,507,510,0.157,0.103,3.204,0.167,3.037,45,FWD,RUN,0.130,0.396,0.053,0.167,0.476,0.157,3.037,48,1.002,557,2.722,22.1
OK
DATA,MOTOR_BREAKIN_V3,000001,26509,508,511,0.131,0.077,3.148,0.139,3.009,44,FWD,RUN,0.104,0.313,0.053,0.195,0.476,0.157,3.037,48,1.002,557,2.722,22.0
DATA,MOTOR_BREAKIN_V3,000001,26609,508,510,0.131,0.103,3.176,0.139,3.037,44,FWD,RUN,0.117,0.356,0.053,0.195,0.476,0.157,3.037,48,1.002,556,2.717,22.1
OK
DATA,MOTOR_BREAKIN_V3,000001,26709,508,510,0.131,0.103,3.204,0.139,3.065,43,FWD,RUN,0.117,0.359,0.026,0.139,0.476,0.157,3.037,48,1.002,557,2.722,22.0
OK
DATA,MOTOR_BREAKIN_V3,000001,26809,508,511,0.131,0.077,3.176,0.111,3.065,42,FWD,RUN,0.104,0.319,0.026,0.084,0.476,0.157,3.037,48,1.002,556,2.717,22.0
OK
DATA,MOTOR_BREAKIN_V3,000001,26909,509,510,0.105,0.103,3.176,0.111,3.065,41,FWD,RUN,0.104,0.319,0.026,0.111,0.476,0.157,3.037,48,1.002,556,2.717,21.9
DATA,MOTOR_BREAKIN_V3,000001,27009,509,511,0.105,0.077,3.232,0.111,3.120,41,FWD,RUN,0.091,0.283,0.026,0.251,0.476,0.157,3.037,48,1.002,557,2.722,22.0
OK
DATA,MOTOR_BREAKIN_V3,000001,27109,509,511,0.105,0.077,3.009,0.111,2.897,39,FWD,RUN,0.091,0.263,0.013,0.279,0.476,0.157,3.037,48,1.002,557,2.722,22.0
OK
DATA,MOTOR_BREAKIN_V3,000001,27209,509,511,0.105,0.077,3.037,0.084,2.953,41,FWD,RUN,0.091,0.268,0.026,0.279,0.476,0.157,3.037,48,1.002,556,2.717,22.1
OK
DATA,MOTOR_BREAKIN_V3,000001,27308,509,511,0.105,0.077,3.148,0.111,3.037,42,FWD,RUN,0.091,0.276,0.040,0.306,0.476,0.157,3.037,48,1.002,557,2.722,22.0
OK
DATA,MOTOR_BREAKIN_V3,000001,27409,508,511,0.131,0.077,3.120,0.139,2.981,41,FWD,RUN,0.104,0.310,0.026,0.251,0.476,0.157,3.037,48,1.002,556,2.717,22.0
DATA,MOTOR_BREAKIN_V3,000001,27509,509,510,0.105,0.103,3.120,0.111,3.009,41,FWD,RUN,0.104,0.313,0.040,0.195,0.476,0.157,3.037,48,1.002,557,2.722,22.0
DATA,MOTOR_BREAKIN_V3,000001,27609,509,510,0.105,0.103,3.037,0.084,2.953,41,FWD,RUN,0.104,0.307,0.026,0.195,0.476,0.157,3.037,48,1.002,557,2.722,22.1
OK
DATA,MOTOR_BREAKIN_V3,000001,27709,509,511,0.105,0.077,3.065,0.139,2.925,42,FWD,RUN,0.091,0.266,0.040,0.139,0.476,0.157,3.037,48,1.002,556,2.717,22.0
OK
DATA,MOTOR_BREAKIN_V3,000001,27809,508,509,0.131,0.130,3.148,0.139,3.009,44,FWD,RUN,0.130,0.393,0.053,0.139,0.476,0.157,3.037,48,1.002,558,2.727,22.0
DATA,MOTOR_BREAKIN_V3,000001,27909,508,509,0.131,0.130,3.092,0.167,2.925,44,FWD,RUN,0.130,0.382,0.040,0.195,0.476,0.157,3.037,48,1.002,557,2.722,21.9
OK
DATA,MOTOR_BREAKIN_V3,000001,28009,507,511,0.157,0.077,3.204,0.139,3.065,46,FWD,RUN,0.117,0.359,0.026,0.306,0.476,0.157,3.037,48,1.002,556,2.717,22.0
OK
DATA,MOTOR_BREAKIN_V3,000001,28109,508,510,0.131,0.103,3.204,0.139,3.065,45,FWD,RUN,0.117,0.359,0.026,0.279,0.476,0.157,3.037,48,1.002,556,2.717,22.0
OK
DATA,MOTOR_BREAKIN_V3,000001,28209,509,511,0.105,0.077,3.260,0.084,3.176,44,FWD,RUN,0.091,0.289,0.040,0.223,0.476,0.157,3.037,48,1.002,557,2.722,22.0
OK
DATA,MOTOR_BREAKIN_V3,000001,28309,509,511,0.105,0.077,3.176,0.111,3.065,40,FWD,RUN,0.091,0.278,0.026,0.223,0.476,0.157,3.037,48,1.002,557,2.722,22.0
OK
DATA,MOTOR_BREAKIN_V3,000001,28409,509,511,0.105,0.077,3.092,0.084,3.009,39,FWD,RUN,0.091,0.273,0.026,0.139,0.476,0.157,3.037,48,1.002,556,2.717,22.0
DATA,MOTOR_BREAKIN_V3,000001,28509,509,512,0.105,0.051,2.953,0.111,2.842,39,FWD,RUN,0.078,0.221,0.026,0.223,0.476,0.157,3.037,48,1.002,557,2.722,22.0
OK
DATA,MOTOR_BREAKIN_V3,000001,28609,508,511,0.131,0.077,3.176,0.111,3.065,42,FWD,RUN,0.104,0.319,0.026,0.223,0.476,0.157,3.037,48,1.002,557,2.722,21.9
OK
DATA,MOTOR_BREAKIN_V3,000001,28709,508,511,0.131,0.077,3.120,0.111,3.009,41,FWD,RUN,0.104,0.313,0.026,0.251,0.476,0.157,3.037,48,1.002,557,2.722,21.9
DATA,MOTOR_BREAKIN_V3,000001,28809,508,511,0.131,0.077,3.037,0.111,2.925,41,FWD,RUN,0.104,0.304,0.026,0.195,0.476,0.157,3.037,48,1.002,557,2.722,21.9
OK
DATA,MOTOR_BREAKIN_V3,000001,28909,508,511,0.131,0.077,3.037,0.139,2.897,43,FWD,RUN,0.104,0.301,0.026,0.195,0.476,0.157,3.037,48,1.002,557,2.722,21.9
OK
DATA,MOTOR_BREAKIN_V3,000001,29009,507,510,0.157,0.103,3.176,0.167,3.009,45,FWD,RUN,0.130,0.393,0.040,0.167,0.476,0.157,3.037,48,1.002,557,2.722,21.9
DATA,MOTOR_BREAKIN_V3,000001,29109,508,510,0.131,0.103,3.232,0.139,3.092,45,FWD,RUN,0.117,0.363,0.040,0.167,0.476,0.157,3.037,48,1.002,557,2.722,21.9
OK
DATA,MOTOR_BREAKIN_V3,000001,29209,509,510,0.105,0.103,3.204,0.139,3.065,43,FWD,RUN,0.104,0.319,0.026,0.139,0.476,0.157,3.037,48,1.002,556,2.717,21.8
OK
DATA,MOTOR_BREAKIN_V3,000001,29309,508,511,0.131,0.077,3.092,0.139,2.953,42,FWD,RUN,0.104,0.307,0.026,0.223,0.476,0.157,3.037,48,1.002,557,2.722,21.9
OK
DATA,MOTOR_BREAKIN_V3,000001,29409,508,510,0.131,0.103,3.204,0.139,3.065,43,FWD,RUN,0.117,0.359,0.013,0.139,0.476,0.157,3.037,48,1.002,557,2.722,21.9
OK
DATA,MOTOR_BREAKIN_V3,000001,29509,508,511,0.131,0.077,3.148,0.084,3.065,42,FWD,RUN,0.104,0.319,0.026,0.167,0.476,0.157,3.037,48,1.002,557,2.722,21.9
OK
DATA,MOTOR_BREAKIN_V3,000001,29609,508,510,0.131,0.103,3.148,0.111,3.037,41,FWD,RUN,0.117,0.356,0.026,0.139,0.476,0.157,3.037,48,1.002,556,2.717,21.9
DATA,MOTOR_BREAKIN_V3,000001,29709,509,510,0.105,0.103,3.092,0.111,2.981,41,FWD,RUN,0.104,0.310,0.026,0.111,0.476,0.157,3.037,48,1.002,557,2.722,21.9
DATA,MOTOR_BREAKIN_V3,000001,29809,508,511,0.131,0.077,3.120,0.111,3.009,41,FWD,RUN,0.104,0.313,0.026,0.139,0.476,0.157,3.037,48,1.002,556,2.717,21.9
DATA,MOTOR_BREAKIN_V3,000001,29909,508,510,0.131,0.103,3.037,0.111,2.925,41,FWD,RUN,0.117,0.343,0.040,0.334,0.476,0.157,3.037,48,1.002,557,2.722,21.9
OK
DATA,MOTOR_BREAKIN_V3,000001,30009,509,511,0.105,0.077,3.120,0.111,3.009,43,FWD,RUN,0.091,0.273,0.040,0.334,0.476,0.157,3.037,48,1.002,557,2.722,21.9
DATA,MOTOR_BREAKIN_V3,000001,30109,508,511,0.131,0.077,3.065,0.139,2.925,43,FWD,RUN,0.104,0.304,0.026,0.139,0.476,0.157,3.037,48,1.002,557,2.722,21.9
OK
DATA,MOTOR_BREAKIN_V3,000001,30209,509,510,0.105,0.103,3.120,0.111,3.009,45,FWD,RUN,0.104,0.313,0.026,0.139,0.476,0.157,3.037,48,1.002,556,2.717,21.7
DATA,MOTOR_BREAKIN_V3,000001,30309,508,511,0.131,0.077,3.204,0.139,3.065,45,FWD,RUN,0.104,0.319,0.026,0.084,0.476,0.157,3.037,48,1.002,556,2.717,21.9
OK
DATA,MOTOR_BREAKIN_V3,000001,30409,508,511,0.131,0.077,3.260,0.139,3.120,44,FWD,RUN,0.104,0.325,0.026,0.223,0.476,0.157,3.037,48,1.002,556,2.717,22.0
OK
DATA,MOTOR_BREAKIN_V3,000001,30508,508,509,0.131,0.130,3.204,0.111,3.092,42,FWD,RUN,0.130,0.403,0.026,0.139,0.476,0.157,3.037,48,1.002,556,2.717,21.9
DATA,MOTOR_BREAKIN_V3,000001,30609,509,510,0.105,0.103,3.232,0.139,3.092,42,FWD,RUN,0.104,0.322,0.040,0.084,0.476,0.157,3.037,48,1.002,557,2.722,21.9
OK
DATA,MOTOR_BREAKIN_V3,000001,30709,508,511,0.131,0.077,3.148,0.111,3.037,40,FWD,RUN,0.104,0.316,0.040,0.084,0.476,0.157,3.037,48,1.002,557,2.722,21.9
OK
DATA,MOTOR_BREAKIN_V3,000001,30809,509,511,0.105,0.077,3.120,0.111,3.009,39,FWD,RUN,0.091,0.273,0.026,0.139,0.476,0.157,3.037,48,1.002,557,2.722,21.9
DATA,MOTOR_BREAKIN_V3,000001,30909,509,511,0.105,0.077,3.092,0.111,2.981,39,FWD,RUN,0.091,0.271,0.026,0.139,0.476,0.157,3.037,48,1.002,556,2.717,22.0
DATA,MOTOR_BREAKIN_V3,000001,31009,509,511,0.105,0.077,3.037,0.084,2.953,39,FWD,RUN,0.091,0.268,0.026,0.195,0.476,0.157,3.037,48,1.002,557,2.722,22.0
OK
DATA,MOTOR_BREAKIN_V3,000001,31109,508,510,0.131,0.103,3.009,0.111,2.897,40,FWD,RUN,0.117,0.340,0.040,0.111,0.476,0.157,3.037,48,1.002,557,2.722,22.0
OK
DATA,MOTOR_BREAKIN_V3,000001,31209,508,510,0.131,0.103,3.037,0.111,2.925,42,FWD,RUN,0.117,0.343,0.026,0.084,0.476,0.157,3.037,48,1.002,557,2.722,21.9
OK
DATA,MOTOR_BREAKIN_V3,000001,31309,508,510,0.131,0.103,3.120,0.139,2.981,44,FWD,RUN,0.117,0.350,0.040,0.139,0.476,0.157,3.037,48,1.002,556,2.717,21.9
DATA,MOTOR_BREAKIN_V3,000001,31409,507,510,0.157,0.103,3.092,0.139,2.953,44,FWD,RUN,0.130,0.385,0.040,0.139,0.476,0.157,3.037,48,1.002,557,2.722,21.8
OK
DATA,MOTOR_BREAKIN_V3,000001,31509,508,509,0.131,0.130,3.065,0.167,2.897,45,FWD,RUN,0.130,0.378,0.040,0.111,0.476,0.157,3.037,48,1.002,557,2.722,21.8
DATA,MOTOR_BREAKIN_V3,000001,31609,508,510,0.131,0.103,3.176,0.111,3.065,45,FWD,RUN,0.117,0.359,0.040,0.167,0.476,0.157,3.037,48,1.002,557,2.722,22.0
OK
DATA,MOTOR_BREAKIN_V3,000001,31709,508,509,0.131,0.130,3.287,0.195,3.092,47,FWD,RUN,0.130,0.403,0.026,0.167,0.476,0.157,3.037,48,1.002,557,2.722,22.0
OK
DATA,MOTOR_BREAKIN_V3,000001,31809,508,510,0.131,0.103,3.232,0.167,3.065,45,FWD,RUN,0.117,0.359,0.026,0.167,0.476,0.157,3.037,48,1.002,557,2.722,21.8
OK
DATA,MOTOR_BREAKIN_V3,000001,31909,508,511,0.131,0.077,3.260,0.139,3.120,44,FWD,RUN,0.104,0.325,0.026,0.223,0.476,0.157,3.037,48,1.002,556,2.717,21.8
OK
DATA,MOTOR_BREAKIN_V3,000001,32009,509,510,0.105,0.103,3.287,0.195,3.092,42,FWD,RUN,0.104,0.322,0.026,0.167,0.476,0.157,3.037,48,1.002,557,2.722,21.9
OK
DATA,MOTOR_BREAKIN_V3,000001,32109,506,509,0.184,0.130,3.371,0.195,3.176,50,FWD,RUN,0.157,0.498,0.053,0.167,0.498,0.157,3.176,50,1.002,556,2.717,21.9
DATA,MOTOR_BREAKIN_V3,000001,32209,507,510,0.157,0.103,3.510,0.167,3.343,50,FWD,RUN,0.130,0.436,0.053,0.223,0.498,0.157,3.176,50,1.002,557,2.722,21.9
DATA,MOTOR_BREAKIN_V3,000001,32309,506,509,0.184,0.130,3.343,0.167,3.176,50,FWD,RUN,0.157,0.498,0.040,0.223,0.498,0.157,3.176,50,1.002,557,2.722,22.0
DATA,MOTOR_BREAKIN_V3,000001,32409,507,509,0.157,0.130,3.455,0.167,3.287,50,FWD,RUN,0.144,0.472,0.040,0.195,0.498,0.157,3.176,50,1.002,557,2.722,22.0
DATA,MOTOR_BREAKIN_V3,000001,32509,507,510,0.157,0.103,3.594,0.167,3.427,50,FWD,RUN,0.130,0.447,0.040,0.195,0.525,0.157,3.343,50,1.002,558,2.727,21.9
DATA,MOTOR_BREAKIN_V3,000001,32609,506,509,0.184,0.130,3.594,0.167,3.427,50,FWD,RUN,0.157,0.538,0.026,0.167,0.538,0.157,3.427,50,1.002,557,2.722,21.9
DATA,MOTOR_BREAKIN_V3,000001,32709,508,510,0.131,0.103,3.622,0.167,3.455,50,FWD,RUN,0.117,0.405,0.040,0.223,0.538,0.157,3.427,50,1.002,556,2.717,21.9
DATA,MOTOR_BREAKIN_V3,000001,32809,506,509,0.184,0.130,3.510,0.167,3.343,50,FWD,RUN,0.157,0.525,0.053,0.279,0.546,0.157,3.482,50,1.002,557,2.722,21.9
DATA,MOTOR_BREAKIN_V3,000001,32909,507,510,0.157,0.103,3.566,0.111,3.455,50,FWD,RUN,0.130,0.451,0.053,0.279,0.546,0.157,3.482,50,1.002,557,2.722,21.9
DATA,MOTOR_BREAKIN_V3,000001,33009,507,509,0.157,0.130,3.677,0.195,3.482,50,FWD,RUN,0.144,0.500,0.026,0.251,0.546,0.157,3.482,50,1.002,557,2.722,21.9
DATA,MOTOR_BREAKIN_V3,000001,33109,508,510,0.131,0.103,3.705,0.139,3.566,50,FWD,RUN,0.117,0.418,0.053,0.306,0.546,0.157,3.482,50,1.002,557,2.722,21.9
DATA,MOTOR_BREAKIN_V3,000001,33209,506,509,0.184,0.130,3.566,0.167,3.399,50,FWD,RUN,0.157,0.533,0.066,0.306,0.546,0.157,3.482,50,1.002,557,2.722,21.9
DATA,MOTOR_BREAKIN_V3,000001,33309,506,510,0.184,0.103,3.566,0.167,3.399,50,FWD,RUN,0.144,0.488,0.066,0.279,0.546,0.157,3.482,50,1.002,557,2.722,21.9
DATA,MOTOR_BREAKIN_V3,000001,33409,507,510,0.157,0.103,3.622,0.195,3.427,50,FWD,RUN,0.130,0.447,0.040,0.306,0.546,0.157,3.482,50,1.002,556,2.717,21.9
DATA,MOTOR_BREAKIN_V3,000001,33509,507,510,0.157,0.103,3.622,0.167,3.455,50,FWD,RUN,0.130,0.451,0.040,0.390,0.546,0.157,3.482,50,1.002,557,2.722,21.9
DATA,MOTOR_BREAKIN_V3,000001,33609,507,509,0.157,0.130,3.538,0.139,3.399,50,FWD,RUN,0.144,0.488,0.026,0.334,0.546,0.157,3.482,50,1.002,556,2.717,21.9
DATA,MOTOR_BREAKIN_V3,000001,33708,505,509,0.210,0.130,3.566,0.167,3.399,50,FWD,RUN,0.170,0.578,0.053,0.084,0.578,0.170,3.399,50,1.002,557,2.722,21.9
DATA,MOTOR_BREAKIN_V3,000001,33809,507,510,0.157,0.103,3.677,0.167,3.510,50,FWD,RUN,0.130,0.458,0.066,0.223,0.578,0.170,3.399,50,1.002,557,2.722,21.9
DATA,MOTOR_BREAKIN_V3,000001,33909,508,510,0.131,0.103,3.705,0.167,3.538,50,FWD,RUN,0.117,0.415,0.040,0.223,0.578,0.170,3.399,50,1.002,556,2.717,21.9
DATA,MOTOR_BREAKIN_V3,000001,34009,506,510,0.184,0.103,3.594,0.167,3.427,50,FWD,RUN,0.144,0.492,0.040,0.223,0.578,0.170,3.399,50,1.002,556,2.717,21.9
DATA,MOTOR_BREAKIN_V3,000001,34109,507,510,0.157,0.103,3.594,0.139,3.455,50,FWD,RUN,0.130,0.451,0.026,0.251,0.578,0.170,3.399,50,1.002,557,2.722,21.9
DATA,MOTOR_BREAKIN_V3,000001,34209,507,510,0.157,0.103,3.705,0.167,3.538,50,FWD,RUN,0.130,0.462,0.026,0.195,0.578,0.170,3.399,50,1.002,556,2.717,21.9
DATA,MOTOR_BREAKIN_V3,000001,34309,507,510,0.157,0.103,3.538,0.139,3.399,50,FWD,RUN,0.130,0.443,0.026,0.139,0.578,0.170,3.399,50,1.002,556,2.717,21.9
DATA,MOTOR_BREAKIN_V3,000001,34409,507,511,0.157,0.077,3.761,0.139,3.622,50,FWD,RUN,0.117,0.425,0.040,0.223,0.578,0.170,3.399,50,1.002,557,2.722,21.9
DATA,MOTOR_BREAKIN_V3,000001,34509,506,510,0.184,0.103,3.733,0.167,3.566,50,FWD,RUN,0.144,0.512,0.066,0.251,0.578,0.170,3.399,50,1.002,556,2.717,21.9
DATA,MOTOR_BREAKIN_V3,000001,34609,506,510,0.184,0.103,3.677,0.167,3.510,50,FWD,RUN,0.144,0.504,0.066,0.306,0.578,0.170,3.399,50,1.002,556,2.717,21.9
DATA,MOTOR_BREAKIN_V3,000001,34709,508,510,0.131,0.103,3.789,0.167,3.622,50,FWD,RUN,0.117,0.425,0.040,0.251,0.578,0.170,3.399,50,1.002,555,2.713,21.9
DATA,MOTOR_BREAKIN_V3,000001,34809,506,510,0.184,0.103,3.650,0.167,3.482,50,FWD,RUN,0.144,0.500,0.026,0.195,0.578,0.170,3.399,50,1.002,555,2.713,21.9
DATA,MOTOR_BREAKIN_V3,000001,34909,507,510,0.157,0.103,3.566,0.139,3.427,50,FWD,RUN,0.130,0.447,0.026,0.251,0.578,0.170,3.399,50,1.002,556,2.717,21.9
DATA,MOTOR_BREAKIN_V3,000001,35009,507,510,0.157,0.103,3.650,0.195,3.455,50,FWD,RUN,0.130,0.451,0.040,0.251,0.578,0.170,3.399,50,1.002,556,2.717,21.8
DATA,MOTOR_BREAKIN_V3,000001,35109,506,510,0.184,0.103,3.650,0.167,3.482,50,FWD,RUN,0.144,0.500,0.040,0.223,0.578,0.170,3.399,50,1.002,556,2.717,21.9
DATA,MOTOR_BREAKIN_V3,000001,35209,507,510,0.157,0.103,3.677,0.195,3.482,50,FWD,RUN,0.130,0.454,0.040,0.111,0.578,0.170,3.399,50,1.002,556,2.717,21.9
DATA,MOTOR_BREAKIN_V3,000001,35309,506,510,0.184,0.103,3.566,0.167,3.399,50,FWD,RUN,0.144,0.488,0.040,0.139,0.578,0.170,3.399,50,1.002,556,2.717,21.9
DATA,MOTOR_BREAKIN_V3,000001,35409,508,510,0.131,0.103,3.705,0.139,3.566,50,FWD,RUN,0.117,0.418,0.026,0.195,0.578,0.170,3.399,50,1.002,554,2.708,21.8
DATA,MOTOR_BREAKIN_V3,000001,35509,506,510,0.184,0.103,3.650,0.167,3.482,50,FWD,RUN,0.144,0.500,0.040,0.279,0.578,0.170,3.399,50,1.002,556,2.717,21.9
DATA,MOTOR_BREAKIN_V3,000001,35609,507,509,0.157,0.130,3.622,0.139,3.482,50,FWD,RUN,0.144,0.500,0.040,0.306,0.578,0.170,3.399,50,1.002,556,2.717,21.8
DATA,MOTOR_BREAKIN_V3,000001,35709,508,510,0.131,0.103,3.705,0.139,3.566,50,FWD,RUN,0.117,0.418,0.040,0.279,0.578,0.170,3.399,50,1.002,555,2.713,21.9
DATA,MOTOR_BREAKIN_V3,000001,35809,506,509,0.184,0.130,3.677,0.139,3.538,50,FWD,RUN,0.157,0.555,0.040,0.195,0.578,0.170,3.399,50,1.002,556,2.717,21.9
DATA,MOTOR_BREAKIN_V3,000001,35909,508,509,0.131,0.130,3.677,0.195,3.482,50,FWD,RUN,0.130,0.454,0.066,0.362,0.578,0.170,3.399,50,1.002,556,2.717,21.9
DATA,MOTOR_BREAKIN_V3,000001,36009,507,510,0.157,0.103,3.622,0.167,3.455,50,FWD,RUN,0.130,0.451,0.066,0.362,0.578,0.170,3.399,50,1.002,556,2.717,21.9
DATA,MOTOR_BREAKIN_V3,000001,36109,507,510,0.157,0.103,3.733,0.167,3.566,50,FWD,RUN,0.130,0.465,0.066,0.251,0.578,0.170,3.399,50,1.002,557,2.722,21.9
DATA,MOTOR_BREAKIN_V3,000001,36209,507,510,0.157,0.103,3.538,0.139,3.399,50,FWD,RUN,0.130,0.443,0.066,0.279,0.578,0.170,3.399,50,1.002,556,2.717,21.8
DATA,MOTOR_BREAKIN_V3,000001,36309,506,509,0.184,0.130,3.566,0.167,3.399,50,FWD,RUN,0.157,0.533,0.066,0.251,0.578,0.170,3.399,50,1.002,556,2.717,21.8
DATA,MOTOR_BREAKIN_V3,000001,36409,507,510,0.157,0.103,3.566,0.167,3.399,50,FWD,RUN,0.130,0.443,0.066,0.306,0.578,0.170,3.399,50,1.002,556,2.717,21.9
DATA,MOTOR_BREAKIN_V3,000001,36509,507,509,0.157,0.130,3.650,0.167,3.482,50,FWD,RUN,0.144,0.500,0.026,0.279,0.578,0.170,3.399,50,1.002,556,2.717,21.8
DATA,MOTOR_BREAKIN_V3,000001,36609,508,510,0.131,0.103,3.733,0.139,3.594,50,FWD,RUN,0.117,0.421,0.026,0.279,0.578,0.170,3.399,50,1.002,556,2.717,21.9
DATA,MOTOR_BREAKIN_V3,000001,36709,507,510,0.157,0.103,3.677,0.167,3.510,50,FWD,RUN,0.130,0.458,0.040,0.195,0.578,0.170,3.399,50,1.002,555,2.713,21.8
DATA,MOTOR_BREAKIN_V3,000001,36809,506,509,0.184,0.130,3.566,0.167,3.399,50,FWD,RUN,0.157,0.533,0.040,0.167,0.578,0.170,3.399,50,1.002,556,2.717,21.8
DATA,MOTOR_BREAKIN_V3,000001,36908,507,509,0.157,0.130,3.705,0.167,3.538,50,FWD,RUN,0.144,0.508,0.066,0.390,0.578,0.170,3.399,50,1.002,556,2.717,21.8
DATA,MOTOR_BREAKIN_V3,000001,37009,507,509,0.157,0.130,3.566,0.167,3.399,50,FWD,RUN,0.144,0.488,0.053,0.390,0.578,0.170,3.399,50,1.002,556,2.717,21.8
DATA,MOTOR_BREAKIN_V3,000001,37109,507,510,0.157,0.103,3.789,0.167,3.622,50,FWD,RUN,0.130,0.473,0.026,0.251,0.578,0.170,3.399,50,1.002,556,2.717,21.9
DATA,MOTOR_BREAKIN_V3,000001,37209,508,510,0.131,0.103,3.705,0.139,3.566,50,FWD,RUN,0.117,0.418,0.066,0.223,0.578,0.170,3.399,50,1.002,556,2.717,21.8
DATA,MOTOR_BREAKIN_V3,000001,37309,507,510,0.157,0.103,3.594,0.167,3.427,50,FWD,RUN,0.130,0.447,0.066,0.195,0.578,0.170,3.399,50,1.002,555,2.713,21.8
DATA,MOTOR_BREAKIN_V3,000001,37409,507,510,0.157,0.103,3.622,0.139,3.482,50,FWD,RUN,0.130,0.454,0.026,0.279,0.578,0.170,3.399,50,1.002,556,2.717,21.8
DATA,MOTOR_BREAKIN_V3,000001,37509,506,509,0.184,0.130,3.622,0.139,3.482,50,FWD,RUN,0.157,0.546,0.040,0.334,0.578,0.170,3.399,50,1.002,556,2.717,21.8
DATA,MOTOR_BREAKIN_V3,000001,37609,506,510,0.184,0.103,3.622,0.167,3.455,50,FWD,RUN,0.144,0.496,0.053,0.223,0.578,0.170,3.399,50,1.002,556,2.717,21.8
DATA,MOTOR_BREAKIN_V3,000001,37709,506,510,0.184,0.103,3.733,0.167,3.566,50,FWD,RUN,0.144,0.512,0.040,0.195,0.578,0.170,3.399,50,1.002,555,2.713,21.8
DATA,MOTOR_BREAKIN_V3,000001,37809,506,509,0.184,0.130,3.594,0.167,3.427,50,FWD,RUN,0.157,0.538,0.040,0.279,0.578,0.170,3.399,50,1.002,557,2.722,21.8
DATA,MOTOR_BREAKIN_V3,000001,37909,507,510,0.157,0.103,3.594,0.139,3.455,50,FWD,RUN,0.130,0.451,0.040,0.251,0.578,0.170,3.399,50,1.002,556,2.717,21.8
DATA,MOTOR_BREAKIN_V3,000001,38009,507,509,0.157,0.130,3.566,0.195,3.371,50,FWD,RUN,0.144,0.484,0.040,0.195,0.578,0.170,3.399,50,1.002,556,2.717,21.8
DATA,MOTOR_BREAKIN_V3,000001,38109,507,510,0.157,0.103,3.677,0.139,3.538,50,FWD,RUN,0.130,0.462,0.026,0.279,0.578,0.170,3.399,50,1.002,556,2.717,21.8
DATA,MOTOR_BREAKIN_V3,000001,38209,506,510,0.184,0.103,3.566,0.167,3.399,50,FWD,RUN,0.144,0.488,0.026,0.251,0.578,0.170,3.399,50,1.002,556,2.717,21.8
DATA,MOTOR_BREAKIN_V3,000001,38309,506,509,0.184,0.130,3.650,0.167,3.482,50,FWD,RUN,0.157,0.546,0.053,0.223,0.578,0.170,3.399,50,1.002,556,2.717,21.8
DATA,MOTOR_BREAKIN_V3,000001,38409,506,510,0.184,0.103,3.650,0.167,3.482,50,FWD,RUN,0.144,0.500,0.053,0.139,0.578,0.170,3.399,50,1.002,556,2.717,21.8
DATA,MOTOR_BREAKIN_V3,000001,38509,506,509,0.184,0.130,3.733,0.167,3.566,50,FWD,RUN,0.157,0.559,0.040,0.223,0.578,0.170,3.399,50,1.002,555,2.713,21.8
DATA,MOTOR_BREAKIN_V3,000001,38609,507,509,0.157,0.130,3.705,0.195,3.510,50,FWD,RUN,0.144,0.504,0.040,0.306,0.578,0.170,3.399,50,1.002,556,2.717,21.8
DATA,MOTOR_BREAKIN_V3,000001,38709,506,510,0.184,0.103,3.677,0.111,3.566,50,FWD,RUN,0.144,0.512,0.053,0.251,0.578,0.170,3.399,50,1.002,556,2.717,21.8
DATA,MOTOR_BREAKIN_V3,000001,38809,507,510,0.157,0.103,3.705,0.167,3.538,50,FWD,RUN,0.130,0.462,0.053,0.195,0.578,0.170,3.399,50,1.002,556,2.717,21.8
DATA,MOTOR_BREAKIN_V3,000001,38909,506,509,0.184,0.130,3.677,0.195,3.482,50,FWD,RUN,0.157,0.546,0.040,0.195,0.578,0.170,3.399,50,1.002,555,2.713,21.8
DATA,MOTOR_BREAKIN_V3,000001,39009,507,509,0.157,0.130,3.650,0.139,3.510,50,FWD,RUN,0.144,0.504,0.040,0.139,0.578,0.170,3.399,50,1.002,556,2.717,21.8
DATA,MOTOR_BREAKIN_V3,000001,39109,507,509,0.157,0.130,3.733,0.167,3.566,50,FWD,RUN,0.144,0.512,0.040,0.167,0.578,0.170,3.399,50,1.002,556,2.717,21.8
DATA,MOTOR_BREAKIN_V3,000001,39209,506,509,0.184,0.130,3.622,0.167,3.455,50,FWD,RUN,0.157,0.542,0.040,0.251,0.578,0.170,3.399,50,1.002,556,2.717,21.8
DATA,MOTOR_BREAKIN_V3,000001,39309,507,509,0.157,0.130,3.677,0.195,3.482,50,FWD,RUN,0.144,0.500,0.026,0.223,0.578,0.170,3.399,50,1.002,556,2.717,21.8
DATA,MOTOR_BREAKIN_V3,000001,39409,506,509,0.184,0.130,3.622,0.167,3.455,50,FWD,RUN,0.157,0.542,0.053,0.223,0.578,0.170,3.399,50,1.002,555,2.713,21.8
DATA,MOTOR_BREAKIN_V3,000001,39509,506,510,0.184,0.103,3.594,0.167,3.427,50,FWD,RUN,0.144,0.492,0.053,0.223,0.578,0.170,3.399,50,1.002,556,2.717,21.7
DATA,MOTOR_BREAKIN_V3,000001,39609,507,510,0.157,0.103,3.650,0.167,3.482,50,FWD,RUN,0.130,0.454,0.040,0.167,0.578,0.170,3.399,50,1.002,556,2.717,21.7
DATA,MOTOR_BREAKIN_V3,000001,39709,506,509,0.184,0.130,3.622,0.167,3.455,50,FWD,RUN,0.157,0.542,0.040,0.167,0.578,0.170,3.399,50,1.002,555,2.713,21.8
DATA,MOTOR_BREAKIN_V3,000001,39809,507,509,0.157,0.130,3.594,0.195,3.399,50,FWD,RUN,0.144,0.488,0.040,0.223,0.578,0.170,3.399,50,1.002,556,2.717,21.8
DATA,MOTOR_BREAKIN_V3,000001,39909,506,510,0.184,0.103,3.650,0.139,3.510,50,FWD,RUN,0.144,0.504,0.026,0.223,0.578,0.170,3.399,50,1.002,556,2.717,21.8
DATA,MOTOR_BREAKIN_V3,000001,40009,506,509,0.184,0.130,3.650,0.167,3.482,50,FWD,RUN,0.157,0.546,0.026,0.251,0.578,0.170,3.399,50,1.002,556,2.717,21.7
DATA,MOTOR_BREAKIN_V3,000001,40108,506,509,0.184,0.130,3.622,0.167,3.455,50,FWD,RUN,0.157,0.542,0.053,0.279,0.578,0.170,3.399,50,1.002,556,2.717,21.7
DATA,MOTOR_BREAKIN_V3,000001,40209,507,510,0.157,0.103,3.761,0.223,3.538,50,FWD,RUN,0.130,0.462,0.053,0.111,0.578,0.170,3.399,50,1.002,556,2.717,21.7
DATA,MOTOR_BREAKIN_V3,000001,40309,507,510,0.157,0.103,3.817,0.139,3.677,50,FWD,RUN,0.130,0.480,0.040,0.251,0.578,0.170,3.399,50,1.002,556,2.717,21.7
DATA,MOTOR_BREAKIN_V3,000001,40409,507,509,0.157,0.130,3.705,0.167,3.538,50,FWD,RUN,0.144,0.508,0.040,0.251,0.578,0.170,3.399,50,1.002,555,2.713,21.7
DATA,MOTOR_BREAKIN_V3,000001,40509,506,510,0.184,0.103,3.705,0.139,3.566,50,FWD,RUN,0.144,0.512,0.053,0.223,0.578,0.170,3.399,50,1.002,557,2.722,21.7
DATA,MOTOR_BREAKIN_V3,000001,40609,506,509,0.184,0.130,3.566,0.195,3.371,50,FWD,RUN,0.157,0.529,0.053,0.390,0.578,0.170,3.399,50,1.002,556,2.717,21.7
DATA,MOTOR_BREAKIN_V3,000001,40709,507,509,0.157,0.130,3.677,0.139,3.538,50,FWD,RUN,0.144,0.508,0.040,0.390,0.578,0.170,3.399,50,1.002,555,2.713,21.7
DATA,MOTOR_BREAKIN_V3,000001,40809,507,510,0.157,0.103,3.650,0.167,3.482,50,FWD,RUN,0.130,0.454,0.040,0.362,0.578,0.170,3.399,50,1.002,556,2.717,21.7
DATA,MOTOR_BREAKIN_V3,000001,40909,507,510,0.157,0.103,3.733,0.167,3.566,50,FWD,RUN,0.130,0.465,0.040,0.167,0.578,0.170,3.399,50,1.002,555,2.713,21.7
DATA,MOTOR_BREAKIN_V3,000001,41009,507,509,0.157,0.130,3.705,0.167,3.538,50,FWD,RUN,0.144,0.508,0.040,0.279,0.578,0.170,3.399,50,1.002,556,2.717,21.7
DATA,MOTOR_BREAKIN_V3,000001,41109,507,509,0.157,0.130,3.705,0.167,3.538,50,FWD,RUN,0.144,0.508,0.013,0.251,0.578,0.170,3.399,50,1.002,555,2.713,21.7
DATA,MOTOR_BREAKIN_V3,000001,41209,506,509,0.184,0.130,3.677,0.223,3.455,50,FWD,RUN,0.157,0.542,0.040,0.167,0.578,0.170,3.399,50,1.002,556,2.717,21.7
DATA,MOTOR_BREAKIN_V3,000001,41309,506,509,0.184,0.130,3.761,0.139,3.622,50,FWD,RUN,0.157,0.568,0.040,0.167,0.578,0.170,3.399,50,1.002,555,2.713,21.7
DATA,MOTOR_BREAKIN_V3,000001,41409,507,510,0.157,0.103,3.789,0.139,3.650,50,FWD,RUN,0.130,0.476,0.040,0.167,0.578,0.170,3.399,50,1.002,555,2.713,21.7
DATA,MOTOR_BREAKIN_V3,000001,41509,506,509,0.184,0.130,3.900,0.167,3.733,50,FWD,RUN,0.157,0.586,0.040,0.251,0.586,0.157,3.733,50,1.002,555,2.713,21.7
DATA,MOTOR_BREAKIN_V3,000001,41609,507,510,0.157,0.103,3.677,0.167,3.510,50,FWD,RUN,0.130,0.458,0.040,0.251,0.586,0.157,3.733,50,1.002,556,2.717,21.7
DATA,MOTOR_BREAKIN_V3,000001,41709,507,510,0.157,0.103,3.761,0.139,3.622,50,FWD,RUN,0.130,0.473,0.026,0.167,0.586,0.157,3.733,50,1.002,556,2.717,21.7
DATA,MOTOR_BREAKIN_V3,000001,41809,507,510,0.157,0.103,3.733,0.167,3.566,50,FWD,RUN,0.130,0.465,0.053,0.251,0.586,0.157,3.733,50,1.002,556,2.717,21.7
DATA,MOTOR_BREAKIN_V3,000001,41909,507,510,0.157,0.103,3.789,0.111,3.677,50,FWD,RUN,0.130,0.480,0.053,0.251,0.586,0.157,3.733,50,1.002,555,2.713,21.7
DATA,MOTOR_BREAKIN_V3,000001,42009,507,510,0.157,0.103,3.733,0.167,3.566,50,FWD,RUN,0.130,0.465,0.026,0.111,0.586,0.157,3.733,50,1.002,556,2.717,21.7
DATA,MOTOR_BREAKIN_V3,000001,42109,507,510,0.157,0.103,3.845,0.139,3.705,50,FWD,RUN,0.130,0.483,0.026,0.167,0.586,0.157,3.733,50,1.002,556,2.717,21.7
DATA,MOTOR_BREAKIN_V3,000001,42209,507,511,0.157,0.077,3.872,0.167,3.705,50,FWD,RUN,0.117,0.435,0.026,0.195,0.586,0.157,3.733,50,1.002,556,2.717,21.7
DATA,MOTOR_BREAKIN_V3,000001,42309,507,510,0.157,0.103,3.761,0.167,3.594,50,FWD,RUN,0.130,0.469,0.040,0.195,0.586,0.157,3.733,50,1.002,556,2.717,21.7
DATA,MOTOR_BREAKIN_V3,000001,42409,506,510,0.184,0.103,3.733,0.111,3.622,50,FWD,RUN,0.144,0.520,0.040,0.139,0.586,0.157,3.733,50,1.002,555,2.713,21.7
DATA,MOTOR_BREAKIN_V3,000001,42509,507,510,0.157,0.103,3.845,0.111,3.733,50,FWD,RUN,0.130,0.487,0.026,0.195,0.586,0.157,3.733,50,1.002,556,2.717,21.7
DATA,MOTOR_BREAKIN_V3,000001,42609,507,509,0.157,0.130,3.705,0.167,3.538,50,FWD,RUN,0.144,0.508,0.026,0.251,0.586,0.157,3.733,50,1.002,556,2.717,21.7
DATA,MOTOR_BREAKIN_V3,000001,42709,506,509,0.184,0.130,3.789,0.195,3.594,50,FWD,RUN,0.157,0.564,0.040,0.223,0.586,0.157,3.733,50,1.002,556,2.717,21.7
DATA,MOTOR_BREAKIN_V3,000001,42809,507,510,0.157,0.103,3.705,0.167,3.538,50,FWD,RUN,0.130,0.462,0.040,0.139,0.586,0.157,3.733,50,1.002,556,2.717,21.7
DATA,MOTOR_BREAKIN_V3,000001,42909,507,510,0.157,0.103,3.817,0.167,3.650,50,FWD,RUN,0.130,0.476,0.026,0.111,0.586,0.157,3.733,50,1.002,556,2.717,21.7
DATA,MOTOR_BREAKIN_V3,000001,43009,508,510,0.131,0.103,3.789,0.111,3.677,50,FWD,RUN,0.117,0.431,0.026,0.139,0.586,0.157,3.733,50,1.002,556,2.717,21.7
DATA,MOTOR_BREAKIN_V3,000001,43109,507,509,0.157,0.130,3.845,0.139,3.705,50,FWD,RUN,0.144,0.532,0.040,0.167,0.586,0.157,3.733,50,1.002,556,2.717,21.7
DATA,MOTOR_BREAKIN_V3,000001,43209,508,511,0.131,0.077,3.677,0.139,3.538,50,FWD,RUN,0.104,0.368,0.053,0.195,0.586,0.157,3.733,50,1.002,556,2.717,21.7
DATA,MOTOR_BREAKIN_V3,000001,43308,507,510,0.157,0.103,3.650,0.167,3.482,50,FWD,RUN,0.130,0.454,0.040,0.251,0.586,0.157,3.733,50,1.002,556,2.717,21.7
DATA,MOTOR_BREAKIN_V3,000001,43409,506,510,0.184,0.103,3.817,0.111,3.705,50,FWD,RUN,0.144,0.532,0.040,0.223,0.586,0.157,3.733,50,1.002,555,2.713,21.7
DATA,MOTOR_BREAKIN_V3,000001,43509,508,510,0.131,0.103,3.817,0.111,3.705,50,FWD,RUN,0.117,0.435,0.040,0.223,0.586,0.157,3.733,50,1.002,557,2.722,21.7
DATA,MOTOR_BREAKIN_V3,000001,43609,508,510,0.131,0.103,3.817,0.167,3.650,50,FWD,RUN,0.117,0.428,0.053,0.306,0.586,0.157,3.733,50,1.002,556,2.717,21.7
DATA,MOTOR_BREAKIN_V3,000001,43709,507,509,0.157,0.130,3.705,0.139,3.566,50,FWD,RUN,0.144,0.512,0.053,0.306,0.586,0.157,3.733,50,1.002,558,2.727,21.7
DATA,MOTOR_BREAKIN_V3,000001,43809,506,510,0.184,0.103,3.705,0.167,3.538,50,FWD,RUN,0.144,0.508,0.026,0.195,0.586,0.157,3.733,50,1.002,556,2.717,21.7
DATA,MOTOR_BREAKIN_V3,000001,43909,507,509,0.157,0.130,3.705,0.139,3.566,50,FWD,RUN,0.144,0.512,0.040,0.195,0.586,0.157,3.733,50,1.002,556,2.717,21.7
DATA,MOTOR_BREAKIN_V3,000001,44009,508,510,0.131,0.103,3.789,0.111,3.677,50,FWD,RUN,0.117,0.431,0.040,0.139,0.586,0.157,3.733,50,1.002,557,2.722,21.6
DATA,MOTOR_BREAKIN_V3,000001,44109,507,509,0.157,0.130,3.705,0.167,3.538,50,FWD,RUN,0.144,0.508,0.040,0.167,0.586,0.157,3.733,50,1.002,556,2.717,21.6
DATA,MOTOR_BREAKIN_V3,000001,44209,507,510,0.157,0.103,3.705,0.167,3.538,50,FWD,RUN,0.130,0.462,0.026,0.167,0.586,0.157,3.733,50,1.002,556,2.717,21.7
DATA,MOTOR_BREAKIN_V3,000001,44309,508,511,0.131,0.077,3.789,0.167,3.622,50,FWD,RUN,0.104,0.377,0.053,0.139,0.586,0.157,3.733,50,1.002,557,2.722,21.6
DATA,MOTOR_BREAKIN_V3,000001,44409,507,510,0.157,0.103,3.789,0.195,3.594,50,FWD,RUN,0.130,0.469,0.053,0.251,0.586,0.157,3.733,50,1.002,556,2.717,21.6
DATA,MOTOR_BREAKIN_V3,000001,44509,508,511,0.131,0.077,3.872,0.167,3.705,50,FWD,RUN,0.104,0.386,0.040,0.279,0.586,0.157,3.733,50,1.002,555,2.713,21.7
DATA,MOTOR_BREAKIN_V3,000001,44609,508,509,0.131,0.130,3.817,0.167,3.650,50,FWD,RUN,0.130,0.476,0.040,0.195,0.586,0.157,3.733,50,1.002,557,2.722,21.6
DATA,MOTOR_BREAKIN_V3,000001,44709,508,509,0.131,0.130,3.761,0.167,3.594,50,FWD,RUN,0.130,0.469,0.026,0.279,0.586,0.157,3.733,50,1.002,556,2.717,21.6
DATA,MOTOR_BREAKIN_V3,000001,44809,507,510,0.157,0.103,3.733,0.167,3.566,50,FWD,RUN,0.130,0.465,0.026,0.251,0.586,0.157,3.733,50,1.002,555,2.713,21.6
DATA,MOTOR_BREAKIN_V3,000001,44909,507,509,0.157,0.130,3.789,0.167,3.622,50,FWD,RUN,0.144,0.520,0.040,0.195,0.586,0.157,3.733,50,1.002,556,2.717,21.6
DATA,MOTOR_BREAKIN_V3,000001,45009,507,510,0.157,0.103,3.817,0.139,3.677,50,FWD,RUN,0.130,0.480,0.040,0.195,0.586,0.157,3.733,50,1.002,556,2.717,21.6
DATA,MOTOR_BREAKIN_V3,000001,45109,507,510,0.157,0.103,3.845,0.167,3.677,50,FWD,RUN,0.130,0.480,0.026,0.111,0.586,0.157,3.733,50,1.002,555,2.713,21.6
DATA,MOTOR_BREAKIN_V3,000001,45209,507,510,0.157,0.103,3.900,0.390,3.510,50,FWD,RUN,0.130,0.458,0.026,0.334,0.586,0.157,3.733,50,1.002,557,2.722,21.6
DATA,MOTOR_BREAKIN_V3,000001,45309,506,511,0.184,0.077,3.845,0.139,3.705,50,FWD,RUN,0.130,0.483,0.053,0.334,0.586,0.157,3.733,50,1.002,555,2.713,21.6
DATA,MOTOR_BREAKIN_V3,000001,45409,506,510,0.184,0.103,3.761,0.167,3.594,50,FWD,RUN,0.144,0.516,0.053,0.251,0.586,0.157,3.733,50,1.002,556,2.717,21.6
DATA,MOTOR_BREAKIN_V3,000001,45509,507,510,0.157,0.103,3.845,0.223,3.622,50,FWD,RUN,0.130,0.473,0.026,0.139,0.586,0.157,3.733,50,1.002,555,2.713,21.6
DATA,MOTOR_BREAKIN_V3,000001,45609,507,510,0.157,0.103,3.900,0.167,3.733,50,FWD,RUN,0.130,0.487,0.053,0.139,0.586,0.157,3.733,50,1.002,556,2.717,21.6
DATA,MOTOR_BREAKIN_V3,000001,45709,507,510,0.157,0.103,3.761,0.139,3.622,50,FWD,RUN,0.130,0.473,0.040,0.334,0.586,0.157,3.733,50,1.002,556,2.717,21.6
DATA,MOTOR_BREAKIN_V3,000001,45809,506,510,0.184,0.103,3.789,0.167,3.622,50,FWD,RUN,0.144,0.520,0.040,0.334,0.586,0.157,3.733,50,1.002,556,2.717,21.6
DATA,MOTOR_BREAKIN_V3,000001,45909,507,510,0.157,0.103,3.845,0.139,3.705,50,FWD,RUN,0.130,0.483,0.040,0.251,0.586,0.157,3.733,50,1.002,556,2.717,21.6
DATA,MOTOR_BREAKIN_V3,000001,46009,508,510,0.131,0.103,3.705,0.167,3.538,50,FWD,RUN,0.117,0.415,0.040,0.279,0.586,0.157,3.733,50,1.002,556,2.717,21.6
DATA,MOTOR_BREAKIN_V3,000001,46109,507,510,0.157,0.103,3.817,0.111,3.705,50,FWD,RUN,0.130,0.483,0.040,0.279,0.586,0.157,3.733,50,1.002,556,2.717,21.6
DATA,MOTOR_BREAKIN_V3,000001,46209,507,509,0.157,0.130,3.817,0.139,3.677,50,FWD,RUN,0.144,0.528,0.040,0.251,0.586,0.157,3.733,50,1.002,555,2.713,21.6
DATA,MOTOR_BREAKIN_V3,000001,46309,506,510,0.184,0.103,3.900,0.167,3.733,50,FWD,RUN,0.144,0.536,0.053,0.251,0.586,0.157,3.733,50,1.002,555,2.713,21.6
DATA,MOTOR_BREAKIN_V3,000001,46409,507,511,0.157,0.077,3.872,0.167,3.705,50,FWD,RUN,0.117,0.435,0.053,0.223,0.586,0.157,3.733,50,1.002,556,2.717,21.6
DATA,MOTOR_BREAKIN_V3,000001,46508,507,510,0.157,0.103,3.845,0.111,3.733,50,FWD,RUN,0.130,0.487,0.026,0.139,0.586,0.157,3.733,50,1.002,556,2.717,21.6
DATA,MOTOR_BREAKIN_V3,000001,46609,506,510,0.184,0.103,3.900,0.167,3.733,50,FWD,RUN,0.144,0.536,0.026,0.167,0.586,0.157,3.733,50,1.002,556,2.717,21.6
DATA,MOTOR_BREAKIN_V3,000001,46709,506,510,0.184,0.103,3.845,0.111,3.733,50,FWD,RUN,0.144,0.536,0.026,0.167,0.586,0.157,3.733,50,1.002,556,2.717,21.6
DATA,MOTOR_BREAKIN_V3,000001,46809,507,509,0.157,0.130,3.984,0.139,3.845,50,FWD,RUN,0.144,0.552,0.040,0.279,0.586,0.157,3.733,50,1.002,555,2.713,21.6
DATA,MOTOR_BREAKIN_V3,000001,46909,507,510,0.157,0.103,3.845,0.139,3.705,50,FWD,RUN,0.130,0.483,0.040,0.279,0.586,0.157,3.733,50,1.002,557,2.722,21.6
DATA,MOTOR_BREAKIN_V3,000001,47009,506,510,0.184,0.103,3.984,0.195,3.789,50,FWD,RUN,0.144,0.544,0.066,0.251,0.586,0.157,3.733,50,1.002,555,2.713,21.6
DATA,MOTOR_BREAKIN_V3,000001,47109,507,511,0.157,0.077,3.956,0.139,3.817,50,FWD,RUN,0.117,0.448,0.053,0.195,0.586,0.157,3.733,50,1.002,555,2.713,21.6
DATA,MOTOR_BREAKIN_V3,000001,47209,507,509,0.157,0.130,3.789,0.167,3.622,50,FWD,RUN,0.144,0.520,0.040,0.195,0.586,0.157,3.733,50,1.002,555,2.713,21.6
DATA,MOTOR_BREAKIN_V3,000001,47309,506,511,0.184,0.077,3.900,0.167,3.733,50,FWD,RUN,0.130,0.487,0.026,0.167,0.586,0.157,3.733,50,1.002,557,2.722,21.6
DATA,MOTOR_BREAKIN_V3,000001,47409,507,510,0.157,0.103,3.956,0.167,3.789,50,FWD,RUN,0.130,0.494,0.040,0.139,0.594,0.157,3.789,50,1.002,556,2.717,21.6
DATA,MOTOR_BREAKIN_V3,000001,47509,507,511,0.157,0.077,3.872,0.139,3.733,50,FWD,RUN,0.117,0.438,0.040,0.139,0.594,0.157,3.789,50,1.002,555,2.713,21.6
DATA,MOTOR_BREAKIN_V3,000001,47609,508,510,0.131,0.103,4.095,0.139,3.956,50,FWD,RUN,0.117,0.464,0.026,0.306,0.594,0.157,3.789,50,1.002,555,2.713,21.6
DATA,MOTOR_BREAKIN_V3,000001,47709,507,509,0.157,0.130,3.900,0.139,3.761,50,FWD,RUN,0.144,0.540,0.026,0.306,0.594,0.157,3.789,50,1.002,555,2.713,21.6
DATA,MOTOR_BREAKIN_V3,000001,47809,507,509,0.157,0.130,3.900,0.167,3.733,50,FWD,RUN,0.144,0.536,0.040,0.223,0.594,0.157,3.789,50,1.002,554,2.708,21.6
DATA,MOTOR_BREAKIN_V3,000001,47909,508,510,0.131,0.103,4.012,0.195,3.817,50,FWD,RUN,0.117,0.448,0.040,0.223,0.594,0.157,3.789,50,1.002,555,2.713,21.6
DATA,MOTOR_BREAKIN_V3,000001,48009,507,510,0.157,0.103,3.845,0.139,3.705,50,FWD,RUN,0.130,0.483,0.026,0.195,0.594,0.157,3.789,50,1.002,555,2.713,21.6
DATA,MOTOR_BREAKIN_V3,000001,48109,506,509,0.184,0.130,3.928,0.167,3.761,50,FWD,RUN,0.157,0.590,0.040,0.223,0.594,0.157,3.789,50,1.002,555,2.713,21.6
DATA,MOTOR_BREAKIN_V3,000001,48209,507,511,0.157,0.077,3.900,0.111,3.789,50,FWD,RUN,0.117,0.444,0.040,0.195,0.594,0.157,3.789,50,1.002,555,2.713,21.6
DATA,MOTOR_BREAKIN_V3,000001,48309,507,510,0.157,0.103,3.956,0.167,3.789,50,FWD,RUN,0.130,0.494,0.026,0.334,0.594,0.157,3.789,50,1.002,555,2.713,21.6
DATA,MOTOR_BREAKIN_V3,000001,48409,508,509,0.131,0.130,3.872,0.167,3.705,50,FWD,RUN,0.130,0.483,0.026,0.362,0.594,0.157,3.789,50,1.002,555,2.713,21.6
DATA,MOTOR_BREAKIN_V3,000001,48509,507,510,0.157,0.103,3.956,0.167,3.789,50,FWD,RUN,0.130,0.494,0.040,0.279,0.594,0.157,3.789,50,1.002,555,2.713,21.6
DATA,MOTOR_BREAKIN_V3,000001,48609,508,509,0.131,0.130,3.845,0.139,3.705,50,FWD,RUN,0.130,0.483,0.040,0.279,0.594,0.157,3.789,50,1.002,555,2.713,21.6
DATA,MOTOR_BREAKIN_V3,000001,48709,507,510,0.157,0.103,3.984,0.139,3.845,50,FWD,RUN,0.130,0.502,0.040,0.251,0.594,0.157,3.789,50,1.002,555,2.713,21.6
DATA,MOTOR_BREAKIN_V3,000001,48809,507,510,0.157,0.103,3.900,0.139,3.761,50,FWD,RUN,0.130,0.491,0.040,0.167,0.594,0.157,3.789,50,1.002,556,2.717,21.6
DATA,MOTOR_BREAKIN_V3,000001,48909,506,510,0.184,0.103,3.789,0.195,3.594,50,FWD,RUN,0.144,0.516,0.053,0.279,0.594,0.157,3.789,50,1.002,555,2.713,21.6
DATA,MOTOR_BREAKIN_V3,000001,49009,507,509,0.157,0.130,3.872,0.139,3.733,50,FWD,RUN,0.144,0.536,0.053,0.279,0.594,0.157,3.789,50,1.002,555,2.713,21.6
DATA,MOTOR_BREAKIN_V3,000001,49109,507,510,0.157,0.103,4.040,0.111,3.928,50,FWD,RUN,0.130,0.513,0.040,0.251,0.594,0.157,3.789,50,1.002,555,2.713,21.6
DATA,MOTOR_BREAKIN_V3,000001,49209,507,509,0.157,0.130,3.845,0.167,3.677,50,FWD,RUN,0.144,0.528,0.040,0.251,0.599,0.157,3.817,50,1.002,555,2.713,21.6
DATA,MOTOR_BREAKIN_V3,000001,49309,507,510,0.157,0.103,3.900,0.139,3.761,50,FWD,RUN,0.130,0.491,0.040,0.139,0.599,0.157,3.817,50,1.002,555,2.713,21.6
DATA,MOTOR_BREAKIN_V3,000001,49409,506,509,0.184,0.130,3.984,0.111,3.872,50,FWD,RUN,0.157,0.608,0.040,0.306,0.608,0.157,3.872,50,1.002,556,2.717,21.6
DATA,MOTOR_BREAKIN_V3,000001,49509,507,510,0.157,0.103,4.040,0.111,3.928,50,FWD,RUN,0.130,0.513,0.040,0.334,0.608,0.157,3.872,50,1.002,557,2.722,21.6
DATA,MOTOR_BREAKIN_V3,000001,49609,507,509,0.157,0.130,3.872,0.195,3.677,50,FWD,RUN,0.144,0.528,0.026,0.279,0.608,0.157,3.872,50,1.002,557,2.722,21.6
DATA,MOTOR_BREAKIN_V3,000001,49708,507,510,0.157,0.103,3.900,0.167,3.733,50,FWD,RUN,0.130,0.487,0.026,0.251,0.608,0.157,3.872,50,1.002,557,2.722,21.6
DATA,MOTOR_BREAKIN_V3,000001,49809,507,510,0.157,0.103,3.956,0.167,3.789,50,FWD,RUN,0.130,0.494,0.040,0.306,0.608,0.157,3.872,50,1.002,557,2.722,21.6
DATA,MOTOR_BREAKIN_V3,000001,49909,507,509,0.157,0.130,3.900,0.139,3.761,50,FWD,RUN,0.144,0.540,0.053,0.306,0.608,0.157,3.872,50,1.002,557,2.722,21.6
DATA,MOTOR_BREAKIN_V3,000001,50009,507,510,0.157,0.103,4.067,0.139,3.928,50,FWD,RUN,0.130,0.513,0.053,0.195,0.608,0.157,3.872,50,1.002,558,2.727,21.6
DATA,MOTOR_BREAKIN_V3,000001,50109,507,511,0.157,0.077,3.872,0.139,3.733,50,FWD,RUN,0.117,0.438,0.026,0.334,0.608,0.157,3.872,50,1.002,557,2.722,21.6
DATA,MOTOR_BREAKIN_V3,000001,50209,507,510,0.157,0.103,4.067,0.167,3.900,50,FWD,RUN,0.130,0.509,0.040,0.334,0.608,0.157,3.872,50,1.002,558,2.727,21.6
DATA,MOTOR_BREAKIN_V3,000001,50309,508,511,0.131,0.077,4.123,0.111,4.012,50,FWD,RUN,0.104,0.417,0.040,0.279,0.608,0.157,3.872,50,1.002,557,2.722,21.5
DATA,MOTOR_BREAKIN_V3,000001,50409,508,510,0.131,0.103,3.956,0.111,3.845,50,FWD,RUN,0.117,0.451,0.040,0.195,0.608,0.157,3.872,50,1.002,558,2.727,21.5
DATA,MOTOR_BREAKIN_V3,000001,50509,508,510,0.131,0.103,4.123,0.084,4.040,50,FWD,RUN,0.117,0.474,0.026,0.195,0.608,0.157,3.872,50,1.002,556,2.717,21.6
DATA,MOTOR_BREAKIN_V3,000001,50609,507,510,0.157,0.103,4.067,0.167,3.900,50,FWD,RUN,0.130,0.509,0.040,0.195,0.608,0.157,3.872,50,1.002,558,2.727,21.6
DATA,MOTOR_BREAKIN_V3,000001,50709,507,510,0.157,0.103,4.012,0.139,3.872,50,FWD,RUN,0.130,0.505,0.026,0.111,0.608,0.157,3.872,50,1.002,557,2.722,21.5
DATA,MOTOR_BREAKIN_V3,000001,50809,507,510,0.157,0.103,4.012,0.111,3.900,50,FWD,RUN,0.130,0.509,0.040,0.111,0.608,0.157,3.872,50,1.002,557,2.722,21.6
DATA,MOTOR_BREAKIN_V3,000001,50909,507,510,0.157,0.103,4.040,0.139,3.900,50,FWD,RUN,0.130,0.509,0.040,0.223,0.608,0.157,3.872,50,1.002,558,2.727,21.5
DATA,MOTOR_BREAKIN_V3,000001,51009,507,510,0.157,0.103,4.067,0.167,3.900,50,FWD,RUN,0.130,0.509,0.026,0.223,0.608,0.157,3.872,50,1.002,557,2.722,21.5
DATA,MOTOR_BREAKIN_V3,000001,51109,507,510,0.157,0.103,3.845,0.167,3.677,50,FWD,RUN,0.130,0.480,0.040,0.251,0.608,0.157,3.872,50,1.002,558,2.727,21.5
DATA,MOTOR_BREAKIN_V3,000001,51209,508,511,0.131,0.077,4.012,0.167,3.845,50,FWD,RUN,0.104,0.400,0.040,0.251,0.608,0.157,3.872,50,1.002,557,2.722,21.5
DATA,MOTOR_BREAKIN_V3,000001,51309,507,509,0.157,0.130,3.984,0.362,3.622,50,FWD,RUN,0.144,0.520,0.040,0.501,0.608,0.157,3.872,50,1.002,558,2.727,21.5
DATA,MOTOR_BREAKIN_V3,000001,51409,507,510,0.157,0.103,4.067,0.139,3.928,50,FWD,RUN,0.130,0.513,0.040,0.501,0.608,0.157,3.872,50,1.002,557,2.722,21.5
DATA,MOTOR_BREAKIN_V3,000001,51509,507,510,0.157,0.103,4.067,0.111,3.956,50,FWD,RUN,0.130,0.516,0.040,0.251,0.608,0.157,3.872,50,1.002,558,2.727,21.5
DATA,MOTOR_BREAKIN_V3,000001,51609,507,509,0.157,0.130,4.095,0.084,4.012,50,FWD,RUN,0.144,0.576,0.026,0.195,0.608,0.157,3.872,50,1.002,558,2.727,21.5
DATA,MOTOR_BREAKIN_V3,000001,51709,508,511,0.131,0.077,4.067,0.084,3.984,50,FWD,RUN,0.104,0.415,0.040,0.334,0.608,0.157,3.872,50,1.002,558,2.727,21.5
DATA,MOTOR_BREAKIN_V3,000001,51809,508,509,0.131,0.130,4.012,0.167,3.845,50,FWD,RUN,0.130,0.502,0.040,0.362,0.608,0.157,3.872,50,1.002,558,2.727,21.5
DATA,MOTOR_BREAKIN_V3,000001,51909,507,510,0.157,0.103,4.040,0.111,3.928,50,FWD,RUN,0.130,0.513,0.026,0.279,0.608,0.157,3.872,50,1.002,557,2.722,21.5
DATA,MOTOR_BREAKIN_V3,000001,52009,507,510,0.157,0.103,3.956,0.111,3.845,50,FWD,RUN,0.130,0.502,0.053,0.306,0.608,0.157,3.872,50,1.002,557,2.722,21.5
DATA,MOTOR_BREAKIN_V3,000001,52109,507,510,0.157,0.103,3.984,0.111,3.872,50,FWD,RUN,0.130,0.505,0.040,0.251,0.608,0.157,3.872,50,1.002,557,2.722,21.5
DATA,MOTOR_BREAKIN_V3,000001,52209,506,510,0.184,0.103,4.040,0.167,3.872,50,FWD,RUN,0.144,0.556,0.053,0.111,0.608,0.157,3.872,50,1.002,557,2.722,21.5
DATA,MOTOR_BREAKIN_V3,000001,52309,507,510,0.157,0.103,3.872,0.139,3.733,50,FWD,RUN,0.130,0.487,0.053,0.279,0.608,0.157,3.872,50,1.002,558,2.727,21.5
DATA,MOTOR_BREAKIN_V3,000001,52409,507,510,0.157,0.103,4.040,0.139,3.900,50,FWD,RUN,0.130,0.509,0.040,0.279,0.608,0.157,3.872,50,1.002,558,2.727,21.5
DATA,MOTOR_BREAKIN_V3,000001,52509,506,509,0.184,0.130,3.984,0.251,3.733,50,FWD,RUN,0.157,0.586,0.040,0.251,0.608,0.157,3.872,50,1.002,558,2.727,21.5
DATA,MOTOR_BREAKIN_V3,000001,52609,507,510,0.157,0.103,4.040,0.084,3.956,50,FWD,RUN,0.130,0.516,0.040,0.223,0.608,0.157,3.872,50,1.002,557,2.722,21.5
DATA,MOTOR_BREAKIN_V3,000001,52709,508,510,0.131,0.103,4.095,0.111,3.984,50,FWD,RUN,0.117,0.467,0.026,0.251,0.608,0.157,3.872,50,1.002,555,2.713,21.5
DATA,MOTOR_BREAKIN_V3,000001,52809,506,510,0.184,0.103,4.040,0.167,3.872,50,FWD,RUN,0.144,0.556,0.026,0.418,0.608,0.157,3.872,50,1.002,555,2.713,21.5
DATA,MOTOR_BREAKIN_V3,000001,52908,507,510,0.157,0.103,3.956,0.111,3.845,50,FWD,RUN,0.130,0.502,0.040,0.306,0.608,0.157,3.872,50,1.002,555,2.713,21.5
DATA,MOTOR_BREAKIN_V3,000001,53009,507,510,0.157,0.103,3.956,0.111,3.845,50,FWD,RUN,0.130,0.502,0.040,0.334,0.608,0.157,3.872,50,1.002,555,2.713,21.5
DATA,MOTOR_BREAKIN_V3,000001,53109,507,510,0.157,0.103,3.984,0.306,3.677,50,FWD,RUN,0.130,0.480,0.026,0.474,0.608,0.157,3.872,50,1.002,555,2.713,21.5
DATA,MOTOR_BREAKIN_V3,000001,53209,508,510,0.131,0.103,3.928,0.167,3.761,50,FWD,RUN,0.117,0.441,0.040,0.474,0.608,0.157,3.872,50,1.002,556,2.717,21.5
DATA,MOTOR_BREAKIN_V3,000001,53309,507,510,0.157,0.103,3.928,0.139,3.789,50,FWD,RUN,0.130,0.494,0.026,0.195,0.608,0.157,3.872,50,1.002,558,2.727,21.5
DATA,MOTOR_BREAKIN_V3,000001,53409,507,509,0.157,0.130,3.984,0.167,3.817,50,FWD,RUN,0.144,0.548,0.026,0.195,0.608,0.157,3.872,50,1.002,557,2.722,21.5
DATA,MOTOR_BREAKIN_V3,000001,53509,507,510,0.157,0.103,4.067,0.167,3.900,50,FWD,RUN,0.130,0.509,0.053,0.195,0.608,0.157,3.872,50,1.002,558,2.727,21.4
DATA,MOTOR_BREAKIN_V3,000001,53609,508,510,0.131,0.103,3.984,0.139,3.845,50,FWD,RUN,0.117,0.451,0.053,0.223,0.608,0.157,3.872,50,1.002,557,2.722,21.4
DATA,MOTOR_BREAKIN_V3,000001,53709,508,510,0.131,0.103,4.207,0.111,4.095,50,FWD,RUN,0.117,0.480,0.040,0.418,0.608,0.157,3.872,50,1.002,558,2.727,21.5
DATA,MOTOR_BREAKIN_V3,000001,53809,507,509,0.157,0.130,3.928,0.139,3.789,50,FWD,RUN,0.144,0.544,0.040,0.334,0.608,0.157,3.872,50,1.002,558,2.727,21.5
DATA,MOTOR_BREAKIN_V3,000001,53909,507,510,0.157,0.103,4.012,0.084,3.928,50,FWD,RUN,0.130,0.513,0.026,0.223,0.608,0.157,3.872,50,1.002,557,2.722,21.5
DATA,MOTOR_BREAKIN_V3,000001,54009,509,510,0.105,0.103,4.012,0.111,3.900,50,FWD,RUN,0.104,0.406,0.040,0.362,0.608,0.157,3.872,50,1.002,558,2.727,21.4
DATA,MOTOR_BREAKIN_V3,000001,54109,507,510,0.157,0.103,4.012,0.167,3.845,50,FWD,RUN,0.130,0.502,0.040,0.474,0.608,0.157,3.872,50,1.002,557,2.722,21.4
DATA,MOTOR_BREAKIN_V3,000001,54209,507,510,0.157,0.103,4.123,0.139,3.984,50,FWD,RUN,0.130,0.520,0.013,0.306,0.608,0.157,3.872,50,1.002,558,2.727,21.4
DATA,MOTOR_BREAKIN_V3,000001,54309,506,510,0.184,0.103,3.984,0.111,3.872,50,FWD,RUN,0.144,0.556,0.053,0.251,0.608,0.157,3.872,50,1.002,557,2.722,21.4
DATA,MOTOR_BREAKIN_V3,000001,54409,508,510,0.131,0.103,4.040,0.084,3.956,50,FWD,RUN,0.117,0.464,0.053,0.223,0.608,0.157,3.872,50,1.002,557,2.722,21.4
DATA,MOTOR_BREAKIN_V3,000001,54509,507,510,0.157,0.103,4.012,0.084,3.928,50,FWD,RUN,0.130,0.513,0.026,0.139,0.608,0.157,3.872,50,1.002,557,2.722,21.4
DATA,MOTOR_BREAKIN_V3,000001,54609,508,510,0.131,0.103,4.012,0.139,3.872,50,FWD,RUN,0.117,0.454,0.026,0.251,0.608,0.157,3.872,50,1.002,558,2.727,21.4
DATA,MOTOR_BREAKIN_V3,000001,54709,507,510,0.157,0.103,3.761,0.167,3.594,50,FWD,RUN,0.130,0.469,0.026,0.418,0.608,0.157,3.872,50,1.002,557,2.722,21.4
DATA,MOTOR_BREAKIN_V3,000001,54809,507,510,0.157,0.103,4.040,0.111,3.928,50,FWD,RUN,0.130,0.513,0.026,0.418,0.608,0.157,3.872,50,1.002,557,2.722,21.4
DATA,MOTOR_BREAKIN_V3,000001,54909,508,509,0.131,0.130,4.040,0.139,3.900,50,FWD,RUN,0.130,0.509,0.013,0.279,0.608,0.157,3.872,50,1.002,556,2.717,21.4
DATA,MOTOR_BREAKIN_V3,000001,55009,508,509,0.131,0.130,3.928,0.139,3.789,50,FWD,RUN,0.130,0.494,0.040,0.167,0.608,0.157,3.872,50,1.002,557,2.722,21.4
DATA,MOTOR_BREAKIN_V3,000001,55109,507,510,0.157,0.103,3.900,0.167,3.733,50,FWD,RUN,0.130,0.487,0.040,0.167,0.608,0.157,3.872,50,1.002,557,2.722,21.4
DATA,MOTOR_BREAKIN_V3,000001,55209,507,510,0.157,0.103,3.928,0.167,3.761,50,FWD,RUN,0.130,0.491,0.040,0.223,0.608,0.157,3.872,50,1.002,558,2.727,21.4
DATA,MOTOR_BREAKIN_V3,000001,55309,507,509,0.157,0.130,3.789,0.167,3.622,50,FWD,RUN,0.144,0.520,0.040,0.251,0.608,0.157,3.872,50,1.002,558,2.727,21.4
DATA,MOTOR_BREAKIN_V3,000001,55409,507,510,0.157,0.103,4.123,0.167,3.956,50,FWD,RUN,0.130,0.516,0.040,0.334,0.608,0.157,3.872,50,1.002,556,2.717,21.4
DATA,MOTOR_BREAKIN_V3,000001,55509,507,509,0.157,0.130,4.067,0.167,3.900,50,FWD,RUN,0.144,0.560,0.040,0.223,0.608,0.157,3.872,50,1.002,558,2.727,21.4
DATA,MOTOR_BREAKIN_V3,000001,55609,508,510,0.131,0.103,4.040,0.084,3.956,50,FWD,RUN,0.117,0.464,0.026,0.139,0.608,0.157,3.872,50,1.002,557,2.722,21.4
DATA,MOTOR_BREAKIN_V3,000001,55709,507,510,0.157,0.103,4.012,0.139,3.872,50,FWD,RUN,0.130,0.505,0.079,0.223,0.608,0.157,3.872,50,1.002,557,2.722,21.4
DATA,MOTOR_BREAKIN_V3,000001,55809,507,510,0.157,0.103,3.928,0.111,3.817,50,FWD,RUN,0.130,0.498,0.079,0.390,0.608,0.157,3.872,50,1.002,557,2.722,21.4
DATA,MOTOR_BREAKIN_V3,000001,55909,508,510,0.131,0.103,4.067,0.111,3.956,50,FWD,RUN,0.117,0.464,0.026,0.390,0.608,0.157,3.872,50,1.002,557,2.722,21.4
DATA,MOTOR_BREAKIN_V3,000001,56009,506,509,0.184,0.130,3.845,0.167,3.677,50,FWD,RUN,0.157,0.577,0.053,0.279,0.608,0.157,3.872,50,1.002,556,2.717,21.4
DATA,MOTOR_BREAKIN_V3,000001,56108,507,510,0.157,0.103,4.123,0.167,3.956,50,FWD,RUN,0.130,0.516,0.040,0.279,0.608,0.157,3.872,50,1.002,557,2.722,21.4
DATA,MOTOR_BREAKIN_V3,000001,56209,507,509,0.157,0.130,3.900,0.139,3.761,50,FWD,RUN,0.144,0.540,0.040,0.195,0.608,0.157,3.872,50,1.002,558,2.727,21.4
DATA,MOTOR_BREAKIN_V3,000001,56309,507,509,0.157,0.130,3.845,0.167,3.677,50,FWD,RUN,0.144,0.528,0.026,0.251,0.608,0.157,3.872,50,1.002,557,2.722,21.3
DATA,MOTOR_BREAKIN_V3,000001,56409,507,510,0.157,0.103,3.956,0.167,3.789,50,FWD,RUN,0.130,0.494,0.026,0.279,0.608,0.157,3.872,50,1.002,558,2.727,21.3
DATA,MOTOR_BREAKIN_V3,000001,56509,507,509,0.157,0.130,3.928,0.167,3.761,50,FWD,RUN,0.144,0.540,0.026,0.279,0.608,0.157,3.872,50,1.002,558,2.727,21.3
DATA,MOTOR_BREAKIN_V3,000001,56609,507,509,0.157,0.130,3.984,0.111,3.872,50,FWD,RUN,0.144,0.556,0.026,0.279,0.608,0.157,3.872,50,1.002,558,2.727,21.4
DATA,MOTOR_BREAKIN_V3,000001,56709,507,509,0.157,0.130,3.956,0.084,3.872,50,FWD,RUN,0.144,0.556,0.053,0.139,0.608,0.157,3.872,50,1.002,557,2.722,21.3
DATA,MOTOR_BREAKIN_V3,000001,56809,507,509,0.157,0.130,3.789,0.139,3.650,50,FWD,RUN,0.144,0.524,0.053,0.251,0.608,0.157,3.872,50,1.002,557,2.722,21.3
DATA,MOTOR_BREAKIN_V3,000001,56909,507,509,0.157,0.130,4.012,0.167,3.845,50,FWD,RUN,0.144,0.552,0.040,0.306,0.608,0.157,3.872,50,1.002,558,2.727,21.3
DATA,MOTOR_BREAKIN_V3,000001,57009,507,509,0.157,0.130,3.845,0.167,3.677,50,FWD,RUN,0.144,0.528,0.026,0.306,0.608,0.157,3.872,50,1.002,557,2.722,21.3
DATA,MOTOR_BREAKIN_V3,000001,57109,506,509,0.184,0.130,3.928,0.139,3.789,50,FWD,RUN,0.157,0.594,0.040,0.306,0.608,0.157,3.872,50,1.002,557,2.722,21.3
DATA,MOTOR_BREAKIN_V3,000001,57209,507,509,0.157,0.130,4.012,0.167,3.845,50,FWD,RUN,0.144,0.552,0.040,0.167,0.608,0.157,3.872,50,1.002,557,2.722,21.3
DATA,MOTOR_BREAKIN_V3,000001,57309,507,510,0.157,0.103,3.956,0.139,3.817,50,FWD,RUN,0.130,0.498,0.040,0.195,0.608,0.157,3.872,50,1.002,556,2.717,21.3
DATA,MOTOR_BREAKIN_V3,000001,57409,507,510,0.157,0.103,3.984,0.111,3.872,50,FWD,RUN,0.130,0.505,0.040,0.251,0.608,0.157,3.872,50,1.002,558,2.727,21.3
DATA,MOTOR_BREAKIN_V3,000001,57509,507,509,0.157,0.130,4.040,0.167,3.872,50,FWD,RUN,0.144,0.556,0.053,0.251,0.608,0.157,3.872,50,1.002,557,2.722,21.3
DATA,MOTOR_BREAKIN_V3,000001,57609,507,510,0.157,0.103,4.040,0.167,3.872,50,FWD,RUN,0.130,0.505,0.040,0.167,0.612,0.157,3.900,50,1.002,557,2.722,21.3
DATA,MOTOR_BREAKIN_V3,000001,57709,509,511,0.105,0.077,4.040,0.111,3.928,50,FWD,RUN,0.091,0.357,0.066,0.306,0.612,0.157,3.900,50,1.002,558,2.727,21.3
DATA,MOTOR_BREAKIN_V3,000001,57809,507,510,0.157,0.103,3.900,0.111,3.789,50,FWD,RUN,0.130,0.494,0.053,0.306,0.612,0.157,3.900,50,1.002,557,2.722,21.3
DATA,MOTOR_BREAKIN_V3,000001,57909,507,509,0.157,0.130,3.872,0.167,3.705,50,FWD,RUN,0.144,0.532,0.026,0.223,0.612,0.157,3.900,50,1.002,557,2.722,21.2
DATA,MOTOR_BREAKIN_V3,000001,58009,506,510,0.184,0.103,4.012,0.111,3.900,50,FWD,RUN,0.144,0.560,0.040,0.195,0.612,0.157,3.900,50,1.002,557,2.722,21.3
DATA,MOTOR_BREAKIN_V3,000001,58109,508,509,0.131,0.130,4.012,0.167,3.845,50,FWD,RUN,0.130,0.502,0.040,0.195,0.612,0.157,3.900,50,1.002,557,2.722,21.3
DATA,MOTOR_BREAKIN_V3,000001,58209,508,510,0.131,0.103,3.956,0.139,3.817,50,FWD,RUN,0.117,0.448,0.053,0.251,0.612,0.157,3.900,50,1.002,558,2.727,21.3
DATA,MOTOR_BREAKIN_V3,000001,58309,507,509,0.157,0.130,4.012,0.084,3.928,50,FWD,RUN,0.144,0.564,0.053,0.167,0.612,0.157,3.900,50,1.002,557,2.722,21.3
DATA,MOTOR_BREAKIN_V3,000001,58409,508,510,0.131,0.103,4.067,0.139,3.928,50,FWD,RUN,0.117,0.461,0.040,0.111,0.612,0.157,3.900,50,1.002,557,2.722,21.3
DATA,MOTOR_BREAKIN_V3,000001,58509,507,510,0.157,0.103,3.817,0.139,3.677,50,FWD,RUN,0.130,0.480,0.013,0.306,0.612,0.157,3.900,50,1.002,557,2.722,21.3
DATA,MOTOR_BREAKIN_V3,000001,58609,507,509,0.157,0.130,4.012,0.167,3.845,50,FWD,RUN,0.144,0.552,0.026,0.223,0.612,0.157,3.900,50,1.002,557,2.722,21.3
DATA,MOTOR_BREAKIN_V3,000001,58709,507,510,0.157,0.103,3.928,0.111,3.817,50,FWD,RUN,0.130,0.498,0.040,0.223,0.612,0.157,3.900,50,1.002,557,2.722,21.3
DATA,MOTOR_BREAKIN_V3,000001,58809,507,509,0.157,0.130,3.928,0.139,3.789,50,FWD,RUN,0.144,0.544,0.040,0.139,0.612,0.157,3.900,50,1.002,558,2.727,21.2
DATA,MOTOR_BREAKIN_V3,000001,58909,507,509,0.157,0.130,3.872,0.167,3.705,50,FWD,RUN,0.144,0.532,0.026,0.139,0.612,0.157,3.900,50,1.002,558,2.727,21.3
DATA,MOTOR_BREAKIN_V3,000001,59009,507,510,0.157,0.103,3.900,0.167,3.733,50,FWD,RUN,0.130,0.487,0.040,0.139,0.612,0.157,3.900,50,1.002,558,2.727,21.2
DATA,MOTOR_BREAKIN_V3,000001,59109,508,511,0.131,0.077,4.040,0.223,3.817,50,FWD,RUN,0.104,0.397,0.066,0.167,0.612,0.157,3.900,50,1.002,557,2.722,21.2
DATA,MOTOR_BREAKIN_V3,000001,59209,507,510,0.157,0.103,3.928,0.139,3.789,50,FWD,RUN,0.130,0.494,0.053,0.167,0.612,0.157,3.900,50,1.002,557,2.722,21.2
DATA,MOTOR_BREAKIN_V3,000001,59308,508,510,0.131,0.103,3.956,0.111,3.845,50,FWD,RUN,0.117,0.451,0.026,0.195,0.612,0.157,3.900,50,1.002,558,2.727,21.2
DATA,MOTOR_BREAKIN_V3,000001,59409,507,510,0.157,0.103,3.928,0.111,3.817,50,FWD,RUN,0.130,0.498,0.026,0.195,0.612,0.157,3.900,50,1.002,558,2.727,21.2
DATA,MOTOR_BREAKIN_V3,000001,59509,507,509,0.157,0.130,3.928,0.167,3.761,50,FWD,RUN,0.144,0.540,0.026,0.167,0.612,0.157,3.900,50,1.002,558,2.727,21.2
DATA,MOTOR_BREAKIN_V3,000001,59609,508,511,0.131,0.077,3.984,0.111,3.872,50,FWD,RUN,0.104,0.403,0.040,0.279,0.612,0.157,3.900,50,1.002,557,2.722,21.2
DATA,MOTOR_BREAKIN_V3,000001,59709,507,510,0.157,0.103,3.984,0.167,3.817,50,FWD,RUN,0.130,0.498,0.040,0.279,0.612,0.157,3.900,50,1.002,557,2.722,21.2
DATA,MOTOR_BREAKIN_V3,000001,59809,507,509,0.157,0.130,3.928,0.167,3.761,50,FWD,RUN,0.144,0.540,0.026,0.223,0.612,0.157,3.900,50,1.002,557,2.722,21.2
DATA,MOTOR_BREAKIN_V3,000001,59909,507,510,0.157,0.103,3.928,0.111,3.817,50,FWD,RUN,0.130,0.498,0.026,0.167,0.612,0.157,3.900,50,1.002,558,2.727,21.2
DATA,MOTOR_BREAKIN_V3,000001,60009,508,510,0.131,0.103,3.900,0.167,3.733,50,FWD,RUN,0.117,0.438,0.040,0.167,0.612,0.157,3.900,50,1.002,558,2.727,21.2
DATA,MOTOR_BREAKIN_V3,000001,60109,507,510,0.157,0.103,4.012,0.167,3.845,50,FWD,RUN,0.130,0.502,0.053,0.139,0.612,0.157,3.900,50,1.002,558,2.727,21.2
DATA,MOTOR_BREAKIN_V3,000001,60209,507,509,0.157,0.130,3.928,0.111,3.817,50,FWD,RUN,0.144,0.548,0.040,0.167,0.612,0.157,3.900,50,1.002,557,2.722,21.2
DATA,MOTOR_BREAKIN_V3,000001,60309,507,510,0.157,0.103,3.956,0.084,3.872,50,FWD,RUN,0.130,0.505,0.026,0.111,0.612,0.157,3.900,50,1.002,557,2.722,21.2
DATA,MOTOR_BREAKIN_V3,000001,60409,507,509,0.157,0.130,3.928,0.139,3.789,50,FWD,RUN,0.144,0.544,0.026,0.139,0.612,0.157,3.900,50,1.002,557,2.722,21.2
DATA,MOTOR_BREAKIN_V3,000001,60509,507,510,0.157,0.103,3.984,0.111,3.872,50,FWD,RUN,0.130,0.505,0.040,0.111,0.612,0.157,3.900,50,1.002,558,2.727,21.2
DATA,MOTOR_BREAKIN_V3,000001,60609,507,509,0.157,0.130,3.900,0.139,3.761,50,FWD,RUN,0.144,0.540,0.040,0.139,0.612,0.157,3.900,50,1.002,557,2.722,21.2
DATA,MOTOR_BREAKIN_V3,000001,60709,507,509,0.157,0.130,3.984,0.084,3.900,50,FWD,RUN,0.144,0.560,0.026,0.139,0.612,0.157,3.900,50,1.002,558,2.727,21.2
DATA,MOTOR_BREAKIN_V3,000001,60809,508,509,0.131,0.130,3.900,0.167,3.733,50,FWD,RUN,0.130,0.487,0.026,0.195,0.612,0.157,3.900,50,1.002,558,2.727,21.2
DATA,MOTOR_BREAKIN_V3,000001,60909,507,509,0.157,0.130,3.956,0.139,3.817,50,FWD,RUN,0.144,0.548,0.040,0.167,0.612,0.157,3.900,50,1.002,557,2.722,21.2
DATA,MOTOR_BREAKIN_V3,000001,61009,507,510,0.157,0.103,3.956,0.084,3.872,50,FWD,RUN,0.130,0.505,0.040,0.056,0.612,0.157,3.900,50,1.002,555,2.713,21.2
DATA,MOTOR_BREAKIN_V3,000001,61109,507,509,0.157,0.130,3.984,0.111,3.872,50,FWD,RUN,0.144,0.556,0.026,0.084,0.612,0.157,3.900,50,1.002,558,2.727,21.2
DATA,MOTOR_BREAKIN_V3,000001,61209,507,510,0.157,0.103,3.900,0.111,3.789,50,FWD,RUN,0.130,0.494,0.026,0.167,0.612,0.157,3.900,50,1.002,558,2.727,21.1
DATA,MOTOR_BREAKIN_V3,000001,61309,507,510,0.157,0.103,3.956,0.111,3.845,50,FWD,RUN,0.130,0.502,0.040,0.167,0.612,0.157,3.900,50,1.002,558,2.727,21.2
DATA,MOTOR_BREAKIN_V3,000001,61409,507,509,0.157,0.130,3.928,0.111,3.817,50,FWD,RUN,0.144,0.548,0.040,0.111,0.612,0.157,3.900,50,1.002,557,2.722,21.2
DATA,MOTOR_BREAKIN_V3,000001,61509,507,509,0.157,0.130,3.872,0.167,3.705,50,FWD,RUN,0.144,0.532,0.040,0.195,0.612,0.157,3.900,50,1.002,557,2.722,21.1
DATA,MOTOR_BREAKIN_V3,000001,61609,509,511,0.105,0.077,4.040,0.111,3.928,50,FWD,RUN,0.091,0.357,0.053,0.251,0.612,0.157,3.900,50,1.002,557,2.722,21.1
DATA,MOTOR_BREAKIN_V3,000001,61709,509,510,0.105,0.103,4.040,0.028,4.012,50,FWD,RUN,0.104,0.417,0.053,0.251,0.612,0.157,3.900,50,1.002,558,2.727,21.1
DATA,MOTOR_BREAKIN_V3,000001,61809,507,510,0.157,0.103,3.984,0.111,3.872,50,FWD,RUN,0.130,0.505,0.026,0.251,0.612,0.157,3.900,50,1.002,558,2.727,21.1
DATA,MOTOR_BREAKIN_V3,000001,61909,507,510,0.157,0.103,3.984,0.167,3.817,50,FWD,RUN,0.130,0.498,0.026,0.195,0.612,0.157,3.900,50,1.002,557,2.722,21.1
DATA,MOTOR_BREAKIN_V3,000001,62009,508,510,0.131,0.103,3.928,0.139,3.789,50,FWD,RUN,0.117,0.444,0.026,0.111,0.612,0.157,3.900,50,1.002,558,2.727,21.1
DATA,MOTOR_BREAKIN_V3,000001,62109,507,509,0.157,0.130,4.067,0.167,3.900,50,FWD,RUN,0.144,0.560,0.040,0.223,0.612,0.157,3.900,50,1.002,557,2.722,21.1
OK
DATA,MOTOR_BREAKIN_V3,000001,62209,509,511,0.105,0.077,3.705,0.056,3.650,35,FWD,RUN,0.091,0.332,0.092,0.362,0.612,0.157,3.900,50,1.002,557,2.722,21.1
DATA,MOTOR_BREAKIN_V3,000001,62309,510,511,0.078,0.077,3.455,0.056,3.399,35,FWD,RUN,0.078,0.264,0.079,0.362,0.612,0.157,3.900,50,1.002,557,2.722,21.1
DATA,MOTOR_BREAKIN_V3,000001,62409,509,511,0.105,0.077,3.371,0.056,3.315,35,FWD,RUN,0.091,0.301,0.026,0.223,0.612,0.157,3.900,50,1.002,558,2.727,21.1
DATA,MOTOR_BREAKIN_V3,000001,62508,510,512,0.078,0.051,3.260,0.084,3.176,35,FWD,RUN,0.064,0.205,0.026,0.223,0.612,0.157,3.900,50,1.002,558,2.727,21.1
DATA,MOTOR_BREAKIN_V3,000001,62609,510,512,0.078,0.051,3.120,0.084,3.037,35,FWD,RUN,0.064,0.196,0.040,0.223,0.612,0.157,3.900,50,1.002,557,2.722,21.1
DATA,MOTOR_BREAKIN_V3,000001,62709,509,511,0.105,0.077,3.065,0.084,2.981,35,FWD,RUN,0.091,0.271,0.040,0.279,0.612,0.157,3.900,50,1.002,558,2.727,21.1
DATA,MOTOR_BREAKIN_V3,000001,62809,510,510,0.078,0.103,2.981,0.056,2.925,35,FWD,RUN,0.091,0.266,0.040,0.223,0.612,0.157,3.900,50,1.002,558,2.727,21.1
OK
DATA,MOTOR_BREAKIN_V3,000001,62909,510,511,0.078,0.077,2.981,0.056,2.925,37,FWD,RUN,0.078,0.227,0.040,0.195,0.612,0.157,3.900,50,1.002,557,2.722,21.1
OK
DATA,MOTOR_BREAKIN_V3,000001,63009,508,511,0.131,0.077,3.009,0.111,2.897,39,FWD,RUN,0.104,0.301,0.040,0.111,0.612,0.157,3.900,50,1.002,557,2.722,21.1
OK
DATA,MOTOR_BREAKIN_V3,000001,63109,509,511,0.105,0.077,3.065,0.139,2.925,41,FWD,RUN,0.091,0.266,0.053,0.084,0.612,0.157,3.900,50,1.002,557,2.722,21.0
OK
DATA,MOTOR_BREAKIN_V3,000001,63209,509,511,0.105,0.077,3.037,0.167,2.870,43,FWD,RUN,0.091,0.261,0.040,0.084,0.612,0.157,3.900,50,1.002,558,2.727,21.0
OK
DATA,MOTOR_BREAKIN_V3,000001,63309,508,510,0.131,0.103,3.092,0.139,2.953,46,FWD,RUN,0.117,0.346,0.053,0.111,0.612,0.157,3.900,50,1.002,558,2.727,21.1
OK
DATA,MOTOR_BREAKIN_V3,000001,63409,508,510,0.131,0.103,3.176,0.195,2.981,47,FWD,RUN,0.117,0.350,0.053,0.167,0.612,0.157,3.900,50,1.002,557,2.722,21.0
DATA,MOTOR_BREAKIN_V3,000001,63509,507,509,0.157,0.130,3.287,0.167,3.120,47,FWD,RUN,0.144,0.448,0.040,0.251,0.612,0.157,3.900,50,1.002,558,2.727,21.0
OK
DATA,MOTOR_BREAKIN_V3,000001,63609,508,510,0.131,0.103,3.287,0.139,3.148,45,FWD,RUN,0.117,0.369,0.026,0.084,0.612,0.157,3.900,50,1.002,557,2.722,21.0
DATA,MOTOR_BREAKIN_V3,000001,63709,508,510,0.131,0.103,3.315,0.167,3.148,45,FWD,RUN,0.117,0.369,0.053,0.084,0.612,0.157,3.900,50,1.002,558,2.727,21.0
OK
DATA,MOTOR_BREAKIN_V3,000001,63809,508,511,0.131,0.077,3.260,0.139,3.120,42,FWD,RUN,0.104,0.325,0.040,0.084,0.612,0.157,3.900,50,1.002,558,2.727,21.0
OK
DATA,MOTOR_BREAKIN_V3,000001,63909,509,510,0.105,0.103,3.232,0.139,3.092,40,FWD,RUN,0.104,0.322,0.013,0.111,0.612,0.157,3.900,50,1.002,558,2.727,21.0
OK
DATA,MOTOR_BREAKIN_V3,000001,64009,510,511,0.078,0.077,3.065,0.084,2.981,38,FWD,RUN,0.078,0.231,0.026,0.111,0.612,0.157,3.900,50,1.002,557,2.722,21.0
DATA,MOTOR_BREAKIN_V3,000001,64109,510,511,0.078,0.077,3.037,0.111,2.925,38,FWD,RUN,0.078,0.227,0.040,0.139,0.612,0.157,3.900,50,1.002,557,2.722,21.0
OK
DATA,MOTOR_BREAKIN_V3,000001,64209,509,510,0.105,0.103,3.065,0.111,2.953,40,FWD,RUN,0.104,0.307,0.053,0.167,0.612,0.157,3.900,50,1.002,558,2.727,21.0
OK
DATA,MOTOR_BREAKIN_V3,000001,64309,509,510,0.105,0.103,3.009,0.139,2.870,41,FWD,RUN,0.104,0.299,0.040,0.167,0.612,0.157,3.900,50,1.002,558,2.727,21.0
OK
DATA,MOTOR_BREAKIN_V3,000001,64409,508,510,0.131,0.103,3.120,0.111,3.009,44,FWD,RUN,0.117,0.353,0.040,0.167,0.612,0.157,3.900,50,1.002,558,2.727,20.9
DATA,MOTOR_BREAKIN_V3,000001,64509,509,510,0.105,0.103,3.176,0.111,3.065,44,FWD,RUN,0.104,0.319,0.040,0.223,0.612,0.157,3.900,50,1.002,558,2.727,21.0
DATA,MOTOR_BREAKIN_V3,000001,64609,508,510,0.131,0.103,3.176,0.139,3.037,44,FWD,RUN,0.117,0.356,0.013,0.111,0.612,0.157,3.900,50,1.002,558,2.727,21.0
OK
DATA,MOTOR_BREAKIN_V3,000001,64709,508,509,0.131,0.130,3.092,0.084,3.009,43,FWD,RUN,0.130,0.393,0.040,0.111,0.612,0.157,3.900,50,1.002,557,2.722,20.9
DATA,MOTOR_BREAKIN_V3,000001,64809,508,510,0.131,0.103,3.204,0.111,3.092,43,FWD,RUN,0.117,0.363,0.040,0.251,0.612,0.157,3.900,50,1.002,557,2.722,20.9
OK
DATA,MOTOR_BREAKIN_V3,000001,64909,510,510,0.078,0.103,3.204,0.111,3.092,41,FWD,RUN,0.091,0.281,0.040,0.195,0.612,0.157,3.900,50,1.002,557,2.722,21.0
OK
DATA,MOTOR_BREAKIN_V3,000001,65009,509,512,0.105,0.051,3.148,0.111,3.037,39,FWD,RUN,0.078,0.236,0.053,0.167,0.612,0.157,3.900,50,1.002,557,2.722,21.0
OK
DATA,MOTOR_BREAKIN_V3,000001,65109,509,510,0.105,0.103,3.037,0.084,2.953,38,FWD,RUN,0.104,0.307,0.026,0.223,0.612,0.157,3.900,50,1.002,558,2.727,21.0
OK
DATA,MOTOR_BREAKIN_V3,000001,65209,509,511,0.105,0.077,2.953,0.139,2.814,39,FWD,RUN,0.091,0.256,0.026,0.223,0.612,0.157,3.900,50,1.002,557,2.722,21.0
OK
DATA,MOTOR_BREAKIN_V3,000001,65309,508,510,0.131,0.103,3.092,0.139,2.953,43,FWD,RUN,0.117,0.346,0.040,0.223,0.612,0.157,3.900,50,1.002,558,2.727,20.9
OK
DATA,MOTOR_BREAKIN_V3,000001,65409,508,511,0.131,0.077,3.148,0.167,2.981,44,FWD,RUN,0.104,0.310,0.040,0.139,0.612,0.157,3.900,50,1.002,557,2.722,21.0
DATA,MOTOR_BREAKIN_V3,000001,65509,508,510,0.131,0.103,3.065,0.167,2.897,44,FWD,RUN,0.117,0.340,0.026,0.167,0.612,0.157,3.900,50,1.002,557,2.722,21.0
OK
DATA,MOTOR_BREAKIN_V3,000001,65609,507,510,0.157,0.103,3.260,0.111,3.148,46,FWD,RUN,0.130,0.411,0.040,0.251,0.612,0.157,3.900,50,1.002,557,2.722,21.0
OK
DATA,MOTOR_BREAKIN_V3,000001,65708,508,510,0.131,0.103,3.204,0.139,3.065,43,FWD,RUN,0.117,0.359,0.040,0.223,0.612,0.157,3.900,50,1.002,557,2.722,20.9
OK
DATA,MOTOR_BREAKIN_V3,000001,65809,509,511,0.105,0.077,3.232,0.139,3.092,42,FWD,RUN,0.091,0.281,0.026,0.139,0.612,0.157,3.900,50,1.002,558,2.727,20.9
OK
DATA,MOTOR_BREAKIN_V3,000001,65909,509,510,0.105,0.103,3.120,0.139,2.981,40,FWD,RUN,0.104,0.310,0.026,0.167,0.612,0.157,3.900,50,1.002,558,2.727,20.9
DATA,MOTOR_BREAKIN_V3,000001,66009,509,511,0.105,0.077,3.176,0.111,3.065,40,FWD,RUN,0.091,0.278,0.026,0.167,0.612,0.157,3.900,50,1.002,557,2.722,20.9
OK
DATA,MOTOR_BREAKIN_V3,000001,66109,509,511,0.105,0.077,3.092,0.139,2.953,39,FWD,RUN,0.091,0.268,0.026,0.139,0.612,0.157,3.900,50,1.002,558,2.727,20.9
OK
DATA,MOTOR_BREAKIN_V3,000001,66209,508,511,0.131,0.077,3.065,0.084,2.981,40,FWD,RUN,0.104,0.310,0.040,0.139,0.612,0.157,3.900,50,1.002,557,2.722,20.9
DATA,MOTOR_BREAKIN_V3,000001,66309,509,510,0.105,0.103,3.037,0.084,2.953,40,FWD,RUN,0.104,0.307,0.026,0.111,0.612,0.157,3.900,50,1.002,557,2.722,21.0
DATA,MOTOR_BREAKIN_V3,000001,66409,508,510,0.131,0.103,3.092,0.139,2.953,40,FWD,RUN,0.117,0.346,0.040,0.111,0.612,0.157,3.900,50,1.002,558,2.727,21.0
OK
DATA,MOTOR_BREAKIN_V3,000001,66509,508,510,0.131,0.103,3.065,0.084,2.981,41,FWD,RUN,0.117,0.350,0.053,0.084,0.612,0.157,3.900,50,1.002,558,2.727,20.8
DATA,MOTOR_BREAKIN_V3,000001,66609,509,511,0.105,0.077,3.065,0.139,2.925,41,FWD,RUN,0.091,0.266,0.040,0.167,0.612,0.157,3.900,50,1.002,558,2.727,20.8
OK
DATA,MOTOR_BREAKIN_V3,000001,66709,508,510,0.131,0.103,3.176,0.167,3.009,43,FWD,RUN,0.117,0.353,0.026,0.167,0.612,0.157,3.900,50,1.002,558,2.727,20.9
DATA,MOTOR_BREAKIN_V3,000001,66809,508,510,0.131,0.103,3.148,0.139,3.009,43,FWD,RUN,0.117,0.353,0.040,0.111,0.612,0.157,3.900,50,1.002,558,2.727,20.9
DATA,MOTOR_BREAKIN_V3,000001,66909,508,510,0.131,0.103,3.092,0.111,2.981,43,FWD,RUN,0.117,0.350,0.040,0.111,0.612,0.157,3.900,50,1.002,557,2.722,20.7
DATA,MOTOR_BREAKIN_V3,000001,67009,509,510,0.105,0.103,3.204,0.139,3.065,43,FWD,RUN,0.104,0.319,0.026,0.111,0.612,0.157,3.900,50,1.002,557,2.722,20.8
OK
DATA,MOTOR_BREAKIN_V3,000001,67109,509,510,0.105,0.103,3.120,0.084,3.037,42,FWD,RUN,0.104,0.316,0.026,0.167,0.612,0.157,3.900,50,1.002,557,2.722,21.0
OK
DATA,MOTOR_BREAKIN_V3,000001,67209,509,511,0.105,0.077,3.204,0.139,3.065,41,FWD,RUN,0.091,0.278,0.026,0.139,0.612,0.157,3.900,50,1.002,557,2.722,20.9
DATA,MOTOR_BREAKIN_V3,000001,67309,509,510,0.105,0.103,3.148,0.139,3.009,41,FWD,RUN,0.104,0.313,0.026,0.111,0.612,0.157,3.900,50,1.002,558,2.727,20.9
DATA,MOTOR_BREAKIN_V3,000001,67409,509,510,0.105,0.103,3.204,0.111,3.092,41,FWD,RUN,0.104,0.322,0.040,0.167,0.612,0.157,3.900,50,1.002,558,2.727,20.9
OK
DATA,MOTOR_BREAKIN_V3,000001,67509,509,511,0.105,0.077,3.037,0.111,2.925,39,FWD,RUN,0.091,0.266,0.040,0.195,0.612,0.157,3.900,50,1.002,557,2.722,20.9
OK
DATA,MOTOR_BREAKIN_V3,000001,67609,508,510,0.131,0.103,3.120,0.139,2.981,41,FWD,RUN,0.117,0.350,0.040,0.223,0.612,0.157,3.900,50,1.002,558,2.727,20.8
DATA,MOTOR_BREAKIN_V3,000001,67709,508,510,0.131,0.103,3.148,0.111,3.037,41,FWD,RUN,0.117,0.356,0.040,0.139,0.612,0.157,3.900,50,1.002,558,2.727,20.8
OK
DATA,MOTOR_BREAKIN_V3,000001,67809,508,510,0.131,0.103,3.065,0.111,2.953,40,FWD,RUN,0.117,0.346,0.040,0.084,0.612,0.157,3.900,50,1.002,557,2.722,20.9
OK
DATA,MOTOR_BREAKIN_V3,000001,67909,509,511,0.105,0.077,3.120,0.139,2.981,41,FWD,RUN,0.091,0.271,0.040,0.084,0.612,0.157,3.900,50,1.002,557,2.722,20.9
DATA,MOTOR_BREAKIN_V3,000001,68009,509,510,0.105,0.103,3.120,0.139,2.981,41,FWD,RUN,0.104,0.310,0.040,0.195,0.612,0.157,3.900,50,1.002,558,2.727,20.8
DATA,MOTOR_BREAKIN_V3,000001,68109,510,511,0.078,0.077,3.148,0.139,3.009,41,FWD,RUN,0.078,0.234,0.053,0.195,0.612,0.157,3.900,50,1.002,557,2.722,20.8
DATA,MOTOR_BREAKIN_V3,000001,68209,508,510,0.131,0.103,3.148,0.139,3.009,41,FWD,RUN,0.117,0.353,0.040,0.223,0.612,0.157,3.900,50,1.002,558,2.727,20.8
DATA,MOTOR_BREAKIN_V3,000001,68309,508,510,0.131,0.103,3.037,0.084,2.953,41,FWD,RUN,0.117,0.346,0.040,0.223,0.612,0.157,3.900,50,1.002,557,2.722,20.9
OK
DATA,MOTOR_BREAKIN_V3,000001,68409,509,510,0.105,0.103,3.120,0.139,2.981,42,FWD,RUN,0.104,0.310,0.013,0.139,0.612,0.157,3.900,50,1.002,557,2.722,20.8
DATA,MOTOR_BREAKIN_V3,000001,68509,508,510,0.131,0.103,3.092,0.111,2.981,42,FWD,RUN,0.117,0.350,0.026,0.167,0.612,0.157,3.900,50,1.002,558,2.727,20.8
DATA,MOTOR_BREAKIN_V3,000001,68609,509,511,0.105,0.077,3.092,0.139,2.953,42,FWD,RUN,0.091,0.268,0.026,0.139,0.612,0.157,3.900,50,1.002,558,2.727,20.8
OK
DATA,MOTOR_BREAKIN_V3,000001,68709,508,510,0.131,0.103,3.204,0.139,3.065,43,FWD,RUN,0.117,0.359,0.040,0.139,0.612,0.157,3.900,50,1.002,558,2.727,20.8
OK
DATA,MOTOR_BREAKIN_V3,000001,68809,509,510,0.105,0.103,3.065,0.139,2.925,42,FWD,RUN,0.104,0.304,0.040,0.279,0.612,0.157,3.900,50,1.002,558,2.727,20.7
OK
DATA,MOTOR_BREAKIN_V3,000001,68908,507,510,0.157,0.103,3.176,0.139,3.037,44,FWD,RUN,0.130,0.396,0.040,0.279,0.612,0.157,3.900,50,1.002,558,2.727,20.7
OK
DATA,MOTOR_BREAKIN_V3,000001,69009,508,510,0.131,0.103,3.232,0.139,3.092,43,FWD,RUN,0.117,0.363,0.053,0.195,0.612,0.157,3.900,50,1.002,558,2.727,20.8
OK
DATA,MOTOR_BREAKIN_V3,000001,69109,509,510,0.105,0.103,3.176,0.139,3.037,41,FWD,RUN,0.104,0.316,0.053,0.223,0.612,0.157,3.900,50,1.002,557,2.722,20.8
DATA,MOTOR_BREAKIN_V3,000001,69209,509,510,0.105,0.103,3.148,0.111,3.037,41,FWD,RUN,0.104,0.316,0.053,0.306,0.612,0.157,3.900,50,1.002,558,2.727,20.8
OK
DATA,MOTOR_BREAKIN_V3,000001,69309,509,511,0.105,0.077,3.176,0.111,3.065,40,FWD,RUN,0.091,0.278,0.066,0.334,0.612,0.157,3.900,50,1.002,556,2.717,20.9
OK
DATA,MOTOR_BREAKIN_V3,000001,69409,509,511,0.105,0.077,3.120,0.139,2.981,39,FWD,RUN,0.091,0.271,0.066,0.167,0.612,0.157,3.900,50,1.002,558,2.727,20.8
DATA,MOTOR_BREAKIN_V3,000001,69509,510,511,0.078,0.077,2.925,0.139,2.786,39,FWD,RUN,0.078,0.216,0.026,0.251,0.612,0.157,3.900,50,1.002,557,2.722,20.8
OK
DATA,MOTOR_BREAKIN_V3,000001,69609,508,510,0.131,0.103,3.065,0.111,2.953,43,FWD,RUN,0.117,0.346,0.040,0.223,0.612,0.157,3.900,50,1.002,557,2.722,20.3
OK
DATA,MOTOR_BREAKIN_V3,000001,69709,509,510,0.105,0.103,3.065,0.139,2.925,44,FWD,RUN,0.104,0.304,0.026,0.084,0.612,0.157,3.900,50,1.002,558,2.727,20.8
OK
DATA,MOTOR_BREAKIN_V3,000001,69809,508,511,0.131,0.077,3.204,0.167,3.037,46,FWD,RUN,0.104,0.316,0.053,0.279,0.612,0.157,3.900,50,1.002,558,2.727,20.8
OK
DATA,MOTOR_BREAKIN_V3,000001,69909,508,510,0.131,0.103,3.204,0.139,3.065,45,FWD,RUN,0.117,0.359,0.053,0.195,0.612,0.157,3.900,50,1.002,558,2.727,20.7
OK
DATA,MOTOR_BREAKIN_V3,000001,70009,508,510,0.131,0.103,3.148,0.111,3.037,44,FWD,RUN,0.117,0.356,0.026,0.167,0.612,0.157,3.900,50,1.002,557,2.722,20.6
OK
DATA,MOTOR_BREAKIN_V3,000001,70109,509,510,0.105,0.103,3.148,0.139,3.009,43,FWD,RUN,0.104,0.313,0.040,0.306,0.612,0.157,3.900,50,1.002,558,2.727,20.7
DATA,MOTOR_BREAKIN_V3,000001,70209,510,512,0.078,0.051,3.343,0.111,3.232,43,FWD,RUN,0.064,0.208,0.053,0.334,0.612,0.157,3.900,50,1.002,557,2.722,20.7
OK
DATA,MOTOR_BREAKIN_V3,000001,70309,510,511,0.078,0.077,3.120,0.111,3.009,38,FWD,RUN,0.078,0.234,0.053,0.334,0.612,0.157,3.900,50,1.002,558,2.727,20.8
DATA,MOTOR_BREAKIN_V3,000001,70409,510,511,0.078,0.077,3.120,0.139,2.981,38,FWD,RUN,0.078,0.231,0.040,0.223,0.612,0.157,3.900,50,1.002,558,2.727,20.8
DATA,MOTOR_BREAKIN_V3,000001,70509,510,510,0.078,0.103,3.037,0.111,2.925,38,FWD,RUN,0.091,0.266,0.040,0.251,0.612,0.157,3.900,50,1.002,557,2.722,20.8
OK
DATA,MOTOR_BREAKIN_V3,000001,70609,509,510,0.105,0.103,3.009,0.111,2.897,40,FWD,RUN,0.104,0.301,0.026,0.279,0.612,0.157,3.900,50,1.002,558,2.727,20.7
OK
DATA,MOTOR_BREAKIN_V3,000001,70709,508,510,0.131,0.103,3.065,0.139,2.925,42,FWD,RUN,0.117,0.343,0.040,0.111,0.612,0.157,3.900,50,1.002,558,2.727,20.7
OK
DATA,MOTOR_BREAKIN_V3,000001,70809,508,510,0.131,0.103,3.148,0.167,2.981,44,FWD,RUN,0.117,0.350,0.040,0.139,0.612,0.157,3.900,50,1.002,557,2.722,20.7
DATA,MOTOR_BREAKIN_V3,000001,70909,508,510,0.131,0.103,3.204,0.195,3.009,44,FWD,RUN,0.117,0.353,0.040,0.111,0.612,0.157,3.900,50,1.002,558,2.727,20.8
DATA,MOTOR_BREAKIN_V3,000001,71009,508,510,0.131,0.103,3.148,0.139,3.009,44,FWD,RUN,0.117,0.353,0.026,0.111,0.612,0.157,3.900,50,1.002,558,2.727,20.7
DATA,MOTOR_BREAKIN_V3,000001,71109,508,510,0.131,0.103,3.232,0.167,3.065,44,FWD,RUN,0.117,0.359,0.040,0.167,0.612,0.157,3.900,50,1.002,557,2.722,20.7
DATA,MOTOR_BREAKIN_V3,000001,71209,508,510,0.131,0.103,3.148,0.167,2.981,44,FWD,RUN,0.117,0.350,0.026,0.223,0.612,0.157,3.900,50,1.002,558,2.727,20.6
DATA,MOTOR_BREAKIN_V3,000001,71309,508,510,0.131,0.103,3.148,0.167,2.981,44,FWD,RUN,0.117,0.350,0.040,0.306,0.612,0.157,3.900,50,1.002,558,2.727,20.6
DATA,MOTOR_BREAKIN_V3,000001,71409,507,510,0.157,0.103,3.204,0.167,3.037,44,FWD,RUN,0.130,0.396,0.040,0.306,0.612,0.157,3.900,50,1.002,557,2.722,20.7
OK
DATA,MOTOR_BREAKIN_V3,000001,71509,509,510,0.105,0.103,3.092,0.139,2.953,43,FWD,RUN,0.104,0.307,0.026,0.167,0.612,0.157,3.900,50,1.002,557,2.722,20.6
OK
DATA,MOTOR_BREAKIN_V3,000001,71609,508,510,0.131,0.103,3.204,0.167,3.037,44,FWD,RUN,0.117,0.356,0.013,0.139,0.612,0.157,3.900,50,1.002,557,2.722,20.6
OK
DATA,MOTOR_BREAKIN_V3,000001,71709,508,510,0.131,0.103,3.176,0.111,3.065,43,FWD,RUN,0.117,0.359,0.026,0.139,0.612,0.157,3.900,50,1.002,557,2.722,20.6
OK
DATA,MOTOR_BREAKIN_V3,000001,71809,508,511,0.131,0.077,3.287,0.139,3.148,42,FWD,RUN,0.104,0.328,0.040,0.139,0.612,0.157,3.900,50,1.002,557,2.722,20.6
OK
DATA,MOTOR_BREAKIN_V3,000001,71909,509,511,0.105,0.077,3.148,0.111,3.037,39,FWD,RUN,0.091,0.276,0.040,0.111,0.612,0.157,3.900,50,1.002,558,2.727,20.8
OK
DATA,MOTOR_BREAKIN_V3,000001,72009,509,511,0.105,0.077,3.148,0.111,3.037,38,FWD,RUN,0.091,0.276,0.040,0.139,0.612,0.157,3.900,50,1.002,558,2.727,20.6
DATA,MOTOR_BREAKIN_V3,000001,72108,510,511,0.078,0.077,3.120,0.111,3.009,38,FWD,RUN,0.078,0.234,0.026,0.223,0.612,0.157,3.900,50,1.002,558,2.727,20.7
OK
DATA,MOTOR_BREAKIN_V3,000001,72209,509,511,0.105,0.077,3.037,0.111,2.925,37,FWD,RUN,0.091,0.266,0.026,0.139,0.612,0.157,3.900,50,1.002,557,2.722,20.7
OK
DATA,MOTOR_BREAKIN_V3,000001,72309,507,510,0.157,0.103,3.204,0.167,3.037,46,FWD,RUN,0.130,0.396,0.040,0.111,0.612,0.157,3.900,50,1.002,558,2.727,20.7
DATA,MOTOR_BREAKIN_V3,000001,72409,508,510,0.131,0.103,3.204,0.111,3.092,46,FWD,RUN,0.117,0.363,0.013,0.167,0.612,0.157,3.900,50,1.002,558,2.727,20.7
DATA,MOTOR_BREAKIN_V3,000001,72509,508,510,0.131,0.103,3.260,0.167,3.092,46,FWD,RUN,0.117,0.363,0.026,0.139,0.612,0.157,3.900,50,1.002,557,2.722,20.7
DATA,MOTOR_BREAKIN_V3,000001,72609,507,509,0.157,0.130,3.260,0.195,3.065,46,FWD,RUN,0.144,0.440,0.040,0.167,0.612,0.157,3.900,50,1.002,557,2.722,20.7
DATA,MOTOR_BREAKIN_V3,000001,72709,507,510,0.157,0.103,3.315,0.223,3.092,46,FWD,RUN,0.130,0.403,0.040,0.167,0.612,0.157,3.900,50,1.002,557,2.722,20.7
DATA,MOTOR_BREAKIN_V3,000001,72809,508,509,0.131,0.130,3.371,0.167,3.204,46,FWD,RUN,0.130,0.418,0.013,0.195,0.612,0.157,3.900,50,1.002,557,2.722,20.7
DATA,MOTOR_BREAKIN_V3,000001,72909,508,510,0.131,0.103,3.287,0.167,3.120,46,FWD,RUN,0.117,0.366,0.026,0.084,0.612,0.157,3.900,50,1.002,558,2.727,20.7
DATA,MOTOR_BREAKIN_V3,000001,73009,507,509,0.157,0.130,3.343,0.139,3.204,46,FWD,RUN,0.144,0.460,0.026,0.139,0.612,0.157,3.900,50,1.002,557,2.722,20.7
DATA,MOTOR_BREAKIN_V3,000001,73109,508,510,0.131,0.103,3.399,0.167,3.232,46,FWD,RUN,0.117,0.379,0.053,0.195,0.612,0.157,3.900,50,1.002,557,2.722,20.7
DATA,MOTOR_BREAKIN_V3,000001,73209,508,509,0.131,0.130,3.343,0.139,3.204,46,FWD,RUN,0.130,0.418,0.053,0.167,0.612,0.157,3.900,50,1.002,558,2.727,20.7
DATA,MOTOR_BREAKIN_V3,000001,73309,507,510,0.157,0.103,3.399,0.167,3.232,46,FWD,RUN,0.130,0.422,0.040,0.167,0.612,0.157,3.900,50,1.002,558,2.727,20.7
DATA,MOTOR_BREAKIN_V3,000001,73409,507,510,0.157,0.103,3.399,0.167,3.232,46,FWD,RUN,0.130,0.422,0.026,0.111,0.612,0.157,3.900,50,1.002,558,2.727,20.7
DATA,MOTOR_BREAKIN_V3,000001,73509,508,510,0.131,0.103,3.287,0.139,3.148,46,FWD,RUN,0.117,0.369,0.026,0.167,0.612,0.157,3.900,50,1.002,558,2.727,20.7
DATA,MOTOR_BREAKIN_V3,000001,73609,508,510,0.131,0.103,3.399,0.167,3.232,46,FWD,RUN,0.117,0.379,0.040,0.195,0.612,0.157,3.900,50,1.002,557,2.722,20.7
DATA,MOTOR_BREAKIN_V3,000001,73709,508,510,0.131,0.103,3.371,0.139,3.232,46,FWD,RUN,0.117,0.379,0.053,0.111,0.612,0.157,3.900,50,1.002,557,2.722,20.6
DATA,MOTOR_BREAKIN_V3,000001,73809,507,510,0.157,0.103,3.482,0.139,3.343,46,FWD,RUN,0.130,0.436,0.053,0.139,0.612,0.157,3.900,50,1.002,558,2.727,20.6
DATA,MOTOR_BREAKIN_V3,000001,73909,508,510,0.131,0.103,3.399,0.111,3.287,46,FWD,RUN,0.117,0.386,0.026,0.111,0.612,0.157,3.900,50,1.002,557,2.722,20.6
DATA,MOTOR_BREAKIN_V3,000001,74009,508,510,0.131,0.103,3.482,0.167,3.315,46,FWD,RUN,0.117,0.389,0.026,0.111,0.612,0.157,3.900,50,1.002,558,2.727,20.6
DATA,MOTOR_BREAKIN_V3,000001,74109,508,510,0.131,0.103,3.399,0.139,3.260,46,FWD,RUN,0.117,0.382,0.026,0.167,0.612,0.157,3.900,50,1.002,558,2.727,20.6
DATA,MOTOR_BREAKIN_V3,000001,74209,507,510,0.157,0.103,3.343,0.139,3.204,46,FWD,RUN,0.130,0.418,0.040,0.167,0.612,0.157,3.900,50,1.002,557,2.722,20.6
DATA,MOTOR_BREAKIN_V3,000001,74309,508,510,0.131,0.103,3.455,0.167,3.287,46,FWD,RUN,0.117,0.386,0.040,0.167,0.612,0.157,3.900,50,1.002,557,2.722,20.6
DATA,MOTOR_BREAKIN_V3,000001,74409,508,510,0.131,0.103,3.510,0.139,3.371,46,FWD,RUN,0.117,0.395,0.026,0.223,0.612,0.157,3.900,50,1.002,557,2.722,20.6
DATA,MOTOR_BREAKIN_V3,000001,74509,507,510,0.157,0.103,3.427,0.139,3.287,46,FWD,RUN,0.130,0.429,0.026,0.223,0.612,0.157,3.900,50,1.002,557,2.722,20.6
DATA,MOTOR_BREAKIN_V3,000001,74609,508,510,0.131,0.103,3.399,0.139,3.260,46,FWD,RUN,0.117,0.382,0.026,0.139,0.612,0.157,3.900,50,1.002,557,2.722,20.6
DATA,MOTOR_BREAKIN_V3,000001,74709,508,510,0.131,0.103,3.371,0.139,3.232,46,FWD,RUN,0.117,0.379,0.026,0.167,0.612,0.157,3.900,50,1.002,558,2.727,20.6
DATA,MOTOR_BREAKIN_V3,000001,74809,508,510,0.131,0.103,3.399,0.139,3.260,46,FWD,RUN,0.117,0.382,0.040,0.167,0.612,0.157,3.900,50,1.002,557,2.722,20.6
DATA,MOTOR_BREAKIN_V3,000001,74909,507,511,0.157,0.077,3.455,0.111,3.343,46,FWD,RUN,0.117,0.392,0.040,0.167,0.612,0.157,3.900,50,1.002,558,2.727,20.6
DATA,MOTOR_BREAKIN_V3,000001,75009,508,510,0.131,0.103,3.371,0.139,3.232,46,FWD,RUN,0.117,0.379,0.026,0.195,0.612,0.157,3.900,50,1.002,557,2.722,20.6
DATA,MOTOR_BREAKIN_V3,000001,75109,508,510,0.131,0.103,3.482,0.139,3.343,46,FWD,RUN,0.117,0.392,0.026,0.251,0.612,0.157,3.900,50,1.002,557,2.722,20.6
DATA,MOTOR_BREAKIN_V3,000001,75209,508,510,0.131,0.103,3.566,0.139,3.427,46,FWD,RUN,0.117,0.402,0.026,0.223,0.612,0.157,3.900,50,1.002,558,2.727,20.6
DATA,MOTOR_BREAKIN_V3,000001,75308,507,510,0.157,0.103,3.371,0.139,3.232,46,FWD,RUN,0.130,0.422,0.026,0.223,0.612,0.157,3.900,50,1.002,557,2.722,20.6
DATA,MOTOR_BREAKIN_V3,000001,75409,508,511,0.131,0.077,3.510,0.167,3.343,46,FWD,RUN,0.104,0.348,0.026,0.111,0.612,0.157,3.900,50,1.002,558,2.727,20.6
DATA,MOTOR_BREAKIN_V3,000001,75509,507,510,0.157,0.103,3.399,0.139,3.260,46,FWD,RUN,0.130,0.425,0.026,0.139,0.612,0.157,3.900,50,1.002,557,2.722,20.6
DATA,MOTOR_BREAKIN_V3,000001,75609,508,509,0.131,0.130,3.343,0.139,3.204,46,FWD,RUN,0.130,0.418,0.040,0.167,0.612,0.157,3.900,50,1.002,557,2.722,20.5
DATA,MOTOR_BREAKIN_V3,000001,75709,508,510,0.131,0.103,3.399,0.167,3.232,46,FWD,RUN,0.117,0.379,0.026,0.139,0.612,0.157,3.900,50,1.002,558,2.727,20.5
DATA,MOTOR_BREAKIN_V3,000001,75809,507,510,0.157,0.103,3.482,0.167,3.315,46,FWD,RUN,0.130,0.433,0.013,0.223,0.612,0.157,3.900,50,1.002,558,2.727,20.5
DATA,MOTOR_BREAKIN_V3,000001,75909,507,510,0.157,0.103,3.538,0.167,3.371,46,FWD,RUN,0.130,0.440,0.013,0.195,0.612,0.157,3.900,50,1.002,557,2.722,20.5
DATA,MOTOR_BREAKIN_V3,000001,76009,507,510,0.157,0.103,3.343,0.139,3.204,46,FWD,RUN,0.130,0.418,0.013,0.167,0.612,0.157,3.900,50,1.002,557,2.722,20.5
DATA,MOTOR_BREAKIN_V3,000001,76109,508,510,0.131,0.103,3.538,0.139,3.399,46,FWD,RUN,0.117,0.399,0.026,0.251,0.612,0.157,3.900,50,1.002,558,2.727,20.5
DATA,MOTOR_BREAKIN_V3,000001,76209,508,510,0.131,0.103,3.455,0.167,3.287,46,FWD,RUN,0.117,0.386,0.040,0.251,0.612,0.157,3.900,50,1.002,557,2.722,20.5
DATA,MOTOR_BREAKIN_V3,000001,76309,508,510,0.131,0.103,3.427,0.139,3.287,46,FWD,RUN,0.117,0.386,0.026,0.251,0.612,0.157,3.900,50,1.002,557,2.722,20.5
DATA,MOTOR_BREAKIN_V3,000001,76409,507,510,0.157,0.103,3.427,0.139,3.287,46,FWD,RUN,0.130,0.429,0.013,0.251,0.612,0.157,3.900,50,1.002,557,2.722,20.5
DATA,MOTOR_BREAKIN_V3,000001,76509,507,510,0.157,0.103,3.427,0.167,3.260,46,FWD,RUN,0.130,0.425,0.026,0.195,0.612,0.157,3.900,50,1.002,557,2.722,20.5
DATA,MOTOR_BREAKIN_V3,000001,76609,508,509,0.131,0.130,3.427,0.167,3.260,46,FWD,RUN,0.130,0.425,0.026,0.167,0.612,0.157,3.900,50,1.002,557,2.722,20.5
DATA,MOTOR_BREAKIN_V3,000001,76709,508,511,0.131,0.077,3.510,0.139,3.371,46,FWD,RUN,0.104,0.351,0.026,0.223,0.612,0.157,3.900,50,1.002,557,2.722,20.5
DATA,MOTOR_BREAKIN_V3,000001,76809,507,511,0.157,0.077,3.399,0.139,3.260,46,FWD,RUN,0.117,0.382,0.040,0.223,0.612,0.157,3.900,50,1.002,557,2.722,20.5
DATA,MOTOR_BREAKIN_V3,000001,76909,507,510,0.157,0.103,3.538,0.139,3.399,46,FWD,RUN,0.130,0.443,0.040,0.251,0.612,0.157,3.900,50,1.002,558,2.727,20.5
DATA,MOTOR_BREAKIN_V3,000001,77009,508,510,0.131,0.103,3.482,0.167,3.315,46,FWD,RUN,0.117,0.389,0.026,0.279,0.612,0.157,3.900,50,1.002,557,2.722,20.5
DATA,MOTOR_BREAKIN_V3,000001,77109,508,510,0.131,0.103,3.455,0.167,3.287,46,FWD,RUN,0.117,0.386,0.040,0.111,0.612,0.157,3.900,50,1.002,558,2.727,20.5
DATA,MOTOR_BREAKIN_V3,000001,77209,508,510,0.131,0.103,3.455,0.167,3.287,46,FWD,RUN,0.117,0.386,0.040,0.111,0.612,0.157,3.900,50,1.002,557,2.722,20.5
DATA,MOTOR_BREAKIN_V3,000001,77309,508,510,0.131,0.103,3.455,0.167,3.287,46,FWD,RUN,0.117,0.386,0.040,0.167,0.612,0.157,3.900,50,1.002,558,2.727,20.5
DATA,MOTOR_BREAKIN_V3,000001,77409,508,510,0.131,0.103,3.399,0.195,3.204,46,FWD,RUN,0.117,0.376,0.026,0.223,0.612,0.157,3.900,50,1.002,558,2.727,20.5
DATA,MOTOR_BREAKIN_V3,000001,77509,508,510,0.131,0.103,3.399,0.139,3.260,46,FWD,RUN,0.117,0.382,0.026,0.195,0.612,0.157,3.900,50,1.002,557,2.722,20.5
DATA,MOTOR_BREAKIN_V3,000001,77609,507,510,0.157,0.103,3.399,0.139,3.260,46,FWD,RUN,0.130,0.425,0.026,0.223,0.612,0.157,3.900,50,1.002,558,2.727,20.5
DATA,MOTOR_BREAKIN_V3,000001,77709,508,509,0.131,0.130,3.482,0.167,3.315,46,FWD,RUN,0.130,0.433,0.026,0.223,0.612,0.157,3.900,50,1.002,557,2.722,20.5
DATA,MOTOR_BREAKIN_V3,000001,77809,508,510,0.131,0.103,3.510,0.167,3.343,46,FWD,RUN,0.117,0.392,0.026,0.223,0.612,0.157,3.900,50,1.002,557,2.722,20.5
DATA,MOTOR_BREAKIN_V3,000001,77909,507,510,0.157,0.103,3.427,0.139,3.287,46,FWD,RUN,0.130,0.429,0.040,0.195,0.612,0.157,3.900,50,1.002,557,2.722,20.5
DATA,MOTOR_BREAKIN_V3,000001,78009,507,509,0.157,0.130,3.399,0.139,3.260,46,FWD,RUN,0.144,0.468,0.053,0.251,0.612,0.157,3.900,50,1.002,558,2.727,20.5
DATA,MOTOR_BREAKIN_V3,000001,78109,507,510,0.157,0.103,3.371,0.139,3.232,46,FWD,RUN,0.130,0.422,0.040,0.251,0.612,0.157,3.900,50,1.002,557,2.722,20.5
DATA,MOTOR_BREAKIN_V3,000001,78209,508,510,0.131,0.103,3.399,0.139,3.260,46,FWD,RUN,0.117,0.382,0.013,0.111,0.612,0.157,3.900,50,1.002,558,2.727,20.4
DATA,MOTOR_BREAKIN_V3,000001,78309,508,510,0.131,0.103,3.427,0.139,3.287,46,FWD,RUN,0.117,0.386,0.040,0.111,0.612,0.157,3.900,50,1.002,558,2.727,20.4
DATA,MOTOR_BREAKIN_V3,000001,78409,508,510,0.131,0.103,3.371,0.139,3.232,46,FWD,RUN,0.117,0.379,0.040,0.167,0.612,0.157,3.900,50,1.002,557,2.722,20.4
DATA,MOTOR_BREAKIN_V3,000001,78508,507,510,0.157,0.103,3.427,0.084,3.343,46,FWD,RUN,0.130,0.436,0.026,0.167,0.612,0.157,3.900,50,1.002,557,2.722,20.5
DATA,MOTOR_BREAKIN_V3,000001,78609,508,510,0.131,0.103,3.455,0.139,3.315,46,FWD,RUN,0.117,0.389,0.053,0.195,0.612,0.157,3.900,50,1.002,558,2.727,20.4
DATA,MOTOR_BREAKIN_V3,000001,78709,508,510,0.131,0.103,3.371,0.139,3.232,46,FWD,RUN,0.117,0.379,0.053,0.195,0.612,0.157,3.900,50,1.002,557,2.722,20.4
DATA,MOTOR_BREAKIN_V3,000001,78809,508,510,0.131,0.103,3.482,0.167,3.315,46,FWD,RUN,0.117,0.389,0.053,0.111,0.612,0.157,3.900,50,1.002,557,2.722,20.4
DATA,MOTOR_BREAKIN_V3,000001,78909,508,510,0.131,0.103,3.482,0.306,3.176,46,FWD,RUN,0.117,0.372,0.040,0.167,0.612,0.157,3.900,50,1.002,558,2.727,20.4
DATA,MOTOR_BREAKIN_V3,000001,79009,508,510,0.131,0.103,3.371,0.167,3.204,46,FWD,RUN,0.117,0.376,0.026,0.195,0.612,0.157,3.900,50,1.002,556,2.717,20.4
DATA,MOTOR_BREAKIN_V3,000001,79109,508,511,0.131,0.077,3.510,0.139,3.371,46,FWD,RUN,0.104,0.351,0.026,0.167,0.612,0.157,3.900,50,1.002,557,2.722,20.4
DATA,MOTOR_BREAKIN_V3,000001,79209,508,510,0.131,0.103,3.510,0.139,3.371,46,FWD,RUN,0.117,0.395,0.026,0.167,0.612,0.157,3.900,50,1.002,558,2.727,20.4
DATA,MOTOR_BREAKIN_V3,000001,79309,509,509,0.105,0.130,3.566,0.139,3.427,46,FWD,RUN,0.117,0.402,0.040,0.195,0.612,0.157,3.900,50,1.002,557,2.722,20.4
DATA,MOTOR_BREAKIN_V3,000001,79409,508,509,0.131,0.130,3.399,0.139,3.260,46,FWD,RUN,0.130,0.425,0.026,0.223,0.612,0.157,3.900,50,1.002,557,2.722,20.4
DATA,MOTOR_BREAKIN_V3,000001,79509,507,509,0.157,0.130,3.427,0.195,3.232,46,FWD,RUN,0.144,0.464,0.040,0.139,0.612,0.157,3.900,50,1.002,558,2.727,20.4
DATA,MOTOR_BREAKIN_V3,000001,79609,507,509,0.157,0.130,3.538,0.139,3.399,46,FWD,RUN,0.144,0.488,0.040,0.223,0.612,0.157,3.900,50,1.002,557,2.722,20.4
DATA,MOTOR_BREAKIN_V3,000001,79709,508,509,0.131,0.130,3.427,0.139,3.287,46,FWD,RUN,0.130,0.429,0.026,0.223,0.612,0.157,3.900,50,1.002,557,2.722,20.4
DATA,MOTOR_BREAKIN_V3,000001,79809,508,510,0.131,0.103,3.482,0.139,3.343,46,FWD,RUN,0.117,0.392,0.040,0.167,0.612,0.157,3.900,50,1.002,558,2.727,20.4
DATA,MOTOR_BREAKIN_V3,000001,79909,508,511,0.131,0.077,3.455,0.167,3.287,46,FWD,RUN,0.104,0.342,0.040,0.111,0.612,0.157,3.900,50,1.002,557,2.722,20.4
DATA,MOTOR_BREAKIN_V3,000001,80009,507,510,0.157,0.103,3.427,0.111,3.315,46,FWD,RUN,0.130,0.433,0.040,0.167,0.612,0.157,3.900,50,1.002,558,2.727,20.4
DATA,MOTOR_BREAKIN_V3,000001,80109,507,510,0.157,0.103,3.399,0.111,3.287,46,FWD,RUN,0.130,0.429,0.040,0.223,0.612,0.157,3.900,50,1.002,557,2.722,20.4
DATA,MOTOR_BREAKIN_V3,000001,80209,508,510,0.131,0.103,3.399,0.111,3.287,46,FWD,RUN,0.117,0.386,0.040,0.167,0.612,0.157,3.900,50,1.002,558,2.727,20.4
DATA,MOTOR_BREAKIN_V3,000001,80309,508,509,0.131,0.130,3.482,0.139,3.343,46,FWD,RUN,0.130,0.436,0.026,0.111,0.612,0.157,3.900,50,1.002,558,2.727,20.3
DATA,MOTOR_BREAKIN_V3,000001,80409,507,509,0.157,0.130,3.399,0.167,3.232,46,FWD,RUN,0.144,0.464,0.026,0.139,0.612,0.157,3.900,50,1.002,557,2.722,20.3
DATA,MOTOR_BREAKIN_V3,000001,80509,508,510,0.131,0.103,3.455,0.139,3.315,46,FWD,RUN,0.117,0.389,0.026,0.195,0.612,0.157,3.900,50,1.002,558,2.727,20.3
DATA,MOTOR_BREAKIN_V3,000001,80609,508,509,0.131,0.130,3.371,0.139,3.232,46,FWD,RUN,0.130,0.422,0.013,0.279,0.612,0.157,3.900,50,1.002,558,2.727,20.3
DATA,MOTOR_BREAKIN_V3,000001,80709,508,509,0.131,0.130,3.399,0.167,3.232,46,FWD,RUN,0.130,0.422,0.013,0.223,0.612,0.157,3.900,50,1.002,557,2.722,20.3
DATA,MOTOR_BREAKIN_V3,000001,80809,508,510,0.131,0.103,3.455,0.167,3.287,46,FWD,RUN,0.117,0.386,0.013,0.139,0.612,0.157,3.900,50,1.002,558,2.727,20.3
DATA,MOTOR_BREAKIN_V3,000001,80909,507,510,0.157,0.103,3.427,0.139,3.287,46,FWD,RUN,0.130,0.429,0.013,0.195,0.612,0.157,3.900,50,1.002,558,2.727,20.3
DATA,MOTOR_BREAKIN_V3,000001,81009,508,510,0.131,0.103,3.399,0.195,3.204,46,FWD,RUN,0.117,0.376,0.013,0.223,0.612,0.157,3.900,50,1.002,557,2.722,20.3
DATA,MOTOR_BREAKIN_V3,000001,81109,508,510,0.131,0.103,3.538,0.139,3.399,46,FWD,RUN,0.117,0.399,0.026,0.279,0.612,0.157,3.900,50,1.002,558,2.727,20.3
DATA,MOTOR_BREAKIN_V3,000001,81209,508,509,0.131,0.130,3.482,0.139,3.343,46,FWD,RUN,0.130,0.436,0.026,0.251,0.612,0.157,3.900,50,1.002,558,2.727,20.3
DATA,MOTOR_BREAKIN_V3,000001,81309,508,510,0.131,0.103,3.399,0.167,3.232,46,FWD,RUN,0.117,0.379,0.026,0.139,0.612,0.157,3.900,50,1.002,557,2.722,20.3
DATA,MOTOR_BREAKIN_V3,000001,81409,507,510,0.157,0.103,3.455,0.139,3.315,46,FWD,RUN,0.130,0.433,0.026,0.139,0.612,0.157,3.900,50,1.002,558,2.727,20.3
DATA,MOTOR_BREAKIN_V3,000001,81509,508,510,0.131,0.103,3.427,0.139,3.287,46,FWD,RUN,0.117,0.386,0.026,0.167,0.612,0.157,3.900,50,1.002,557,2.722,20.3
DATA,MOTOR_BREAKIN_V3,000001,81609,508,510,0.131,0.103,3.455,0.167,3.287,46,FWD,RUN,0.117,0.386,0.026,0.167,0.612,0.157,3.900,50,1.002,557,2.722,20.3
DATA,MOTOR_BREAKIN_V3,000001,81708,508,510,0.131,0.103,3.343,0.167,3.176,46,FWD,RUN,0.117,0.372,0.026,0.139,0.612,0.157,3.900,50,1.002,557,2.722,20.3
DATA,MOTOR_BREAKIN_V3,000001,81809,508,510,0.131,0.103,3.482,0.111,3.371,46,FWD,RUN,0.117,0.395,0.026,0.195,0.612,0.157,3.900,50,1.002,558,2.727,20.3
DATA,MOTOR_BREAKIN_V3,000001,81909,508,510,0.131,0.103,3.455,0.167,3.287,46,FWD,RUN,0.117,0.386,0.013,0.195,0.612,0.157,3.900,50,1.002,557,2.722,20.3
DATA,MOTOR_BREAKIN_V3,000001,82009,508,510,0.131,0.103,3.455,0.167,3.287,46,FWD,RUN,0.117,0.386,0.013,0.139,0.612,0.157,3.900,50,1.002,558,2.727,20.3
DATA,MOTOR_BREAKIN_V3,000001,82109,508,510,0.131,0.103,3.399,0.167,3.232,46,FWD,RUN,0.117,0.379,0.013,0.223,0.612,0.157,3.900,50,1.002,557,2.722,20.3
DATA,MOTOR_BREAKIN_V3,000001,82209,508,510,0.131,0.103,3.427,0.167,3.260,46,FWD,RUN,0.117,0.382,0.026,0.195,0.612,0.157,3.900,50,1.002,558,2.727,20.3
DATA,MOTOR_BREAKIN_V3,000001,82309,508,510,0.131,0.103,3.482,0.167,3.315,46,FWD,RUN,0.117,0.389,0.026,0.111,0.612,0.157,3.900,50,1.002,557,2.722,20.3
DATA,MOTOR_BREAKIN_V3,000001,82409,507,509,0.157,0.130,3.482,0.167,3.315,46,FWD,RUN,0.144,0.476,0.040,0.195,0.612,0.157,3.900,50,1.002,557,2.722,20.3
DATA,MOTOR_BREAKIN_V3,000001,82509,508,510,0.131,0.103,3.455,0.167,3.287,46,FWD,RUN,0.117,0.386,0.040,0.195,0.612,0.157,3.900,50,1.002,557,2.722,20.3
DATA,MOTOR_BREAKIN_V3,000001,82609,508,511,0.131,0.077,3.371,0.139,3.232,46,FWD,RUN,0.104,0.336,0.026,0.167,0.612,0.157,3.900,50,1.002,558,2.727,20.3
DATA,MOTOR_BREAKIN_V3,000001,82709,507,511,0.157,0.077,3.399,0.139,3.260,46,FWD,RUN,0.117,0.382,0.026,0.139,0.612,0.157,3.900,50,1.002,557,2.722,20.3
DATA,MOTOR_BREAKIN_V3,000001,82809,507,510,0.157,0.103,3.510,0.167,3.343,46,FWD,RUN,0.130,0.436,0.026,0.195,0.612,0.157,3.900,50,1.002,558,2.727,20.3
DATA,MOTOR_BREAKIN_V3,000001,82909,508,511,0.131,0.077,3.315,0.139,3.176,46,FWD,RUN,0.104,0.330,0.026,0.195,0.612,0.157,3.900,50,1.002,557,2.722,20.3
DATA,MOTOR_BREAKIN_V3,000001,83009,508,509,0.131,0.130,3.455,0.167,3.287,46,FWD,RUN,0.130,0.429,0.026,0.167,0.612,0.157,3.900,50,1.002,558,2.727,20.3
DATA,MOTOR_BREAKIN_V3,000001,83109,508,511,0.131,0.077,3.455,0.167,3.287,46,FWD,RUN,0.104,0.342,0.026,0.084,0.612,0.157,3.900,50,1.002,557,2.722,20.3
DATA,MOTOR_BREAKIN_V3,000001,83209,508,509,0.131,0.130,3.455,0.139,3.315,46,FWD,RUN,0.130,0.433,0.040,0.111,0.612,0.157,3.900,50,1.002,557,2.722,20.3
DATA,MOTOR_BREAKIN_V3,000001,83309,507,511,0.157,0.077,3.482,0.139,3.343,46,FWD,RUN,0.117,0.392,0.040,0.111,0.612,0.157,3.900,50,1.002,557,2.722,20.3
DATA,MOTOR_BREAKIN_V3,000001,83409,507,510,0.157,0.103,3.455,0.195,3.260,46,FWD,RUN,0.130,0.425,0.026,0.167,0.612,0.157,3.900,50,1.002,557,2.722,20.3
DATA,MOTOR_BREAKIN_V3,000001,83509,508,510,0.131,0.103,3.455,0.167,3.287,46,FWD,RUN,0.117,0.386,0.026,0.167,0.612,0.157,3.900,50,1.002,557,2.722,20.3
DATA,MOTOR_BREAKIN_V3,000001,83609,507,509,0.157,0.130,3.482,0.167,3.315,46,FWD,RUN,0.144,0.476,0.026,0.084,0.612,0.157,3.900,50,1.002,557,2.722,20.3
DATA,MOTOR_BREAKIN_V3,000001,83709,507,509,0.157,0.130,3.482,0.167,3.315,46,FWD,RUN,0.144,0.476,0.040,0.195,0.612,0.157,3.900,50,1.002,557,2.722,20.3
DATA,MOTOR_BREAKIN_V3,000001,83809,508,510,0.131,0.103,3.343,0.139,3.204,46,FWD,RUN,0.117,0.376,0.040,0.223,0.612,0.157,3.900,50,1.002,557,2.722,20.3
DATA,MOTOR_BREAKIN_V3,000001,83909,508,510,0.131,0.103,3.371,0.139,3.232,46,FWD,RUN,0.117,0.379,0.053,0.195,0.612,0.157,3.900,50,1.002,558,2.727,20.3
DATA,MOTOR_BREAKIN_V3,000001,84009,508,510,0.131,0.103,3.371,0.139,3.232,46,FWD,RUN,0.117,0.379,0.053,0.251,0.612,0.157,3.900,50,1.002,557,2.722,20.3
DATA,MOTOR_BREAKIN_V3,000001,84109,507,511,0.157,0.077,3.371,0.167,3.204,46,FWD,RUN,0.117,0.376,0.040,0.195,0.612,0.157,3.900,50,1.002,557,2.722,20.3
DATA,MOTOR_BREAKIN_V3,000001,84209,507,510,0.157,0.103,3.455,0.111,3.343,46,FWD,RUN,0.130,0.436,0.053,0.167,0.612,0.157,3.900,50,1.002,558,2.727,20.2
DATA,MOTOR_BREAKIN_V3,000001,84309,508,509,0.131,0.130,3.343,0.167,3.176,46,FWD,RUN,0.130,0.414,0.053,0.195,0.612,0.157,3.900,50,1.002,557,2.722,20.3
DATA,MOTOR_BREAKIN_V3,000001,84409,508,510,0.131,0.103,3.482,0.139,3.343,46,FWD,RUN,0.117,0.392,0.013,0.167,0.612,0.157,3.900,50,1.002,556,2.717,20.3
DATA,MOTOR_BREAKIN_V3,000001,84509,508,510,0.131,0.103,3.455,0.084,3.371,46,FWD,RUN,0.117,0.395,0.026,0.195,0.612,0.157,3.900,50,1.002,558,2.727,20.2
DATA,MOTOR_BREAKIN_V3,000001,84609,508,510,0.131,0.103,3.343,0.167,3.176,46,FWD,RUN,0.117,0.372,0.026,0.223,0.612,0.157,3.900,50,1.002,557,2.722,20.3
DATA,MOTOR_BREAKIN_V3,000001,84709,507,510,0.157,0.103,3.371,0.167,3.204,46,FWD,RUN,0.130,0.418,0.026,0.167,0.612,0.157,3.900,50,1.002,557,2.722,20.3
DATA,MOTOR_BREAKIN_V3,000001,84809,507,511,0.157,0.077,3.482,0.167,3.315,46,FWD,RUN,0.117,0.389,0.040,0.167,0.612,0.157,3.900,50,1.002,557,2.722,20.2
DATA,MOTOR_BREAKIN_V3,000001,84908,508,510,0.131,0.103,3.510,0.167,3.343,46,FWD,RUN,0.117,0.392,0.040,0.195,0.612,0.157,3.900,50,1.002,557,2.722,20.2
DATA,MOTOR_BREAKIN_V3,000001,85009,507,510,0.157,0.103,3.399,0.139,3.260,46,FWD,RUN,0.130,0.425,0.026,0.167,0.612,0.157,3.900,50,1.002,557,2.722,20.2
DATA,MOTOR_BREAKIN_V3,000001,85109,507,510,0.157,0.103,3.399,0.139,3.260,46,FWD,RUN,0.130,0.425,0.026,0.139,0.612,0.157,3.900,50,1.002,558,2.727,20.2
DATA,MOTOR_BREAKIN_V3,000001,85209,507,510,0.157,0.103,3.427,0.111,3.315,46,FWD,RUN,0.130,0.433,0.026,0.139,0.612,0.157,3.900,50,1.002,558,2.727,20.2
DATA,MOTOR_BREAKIN_V3,000001,85309,507,510,0.157,0.103,3.482,0.139,3.343,46,FWD,RUN,0.130,0.436,0.026,0.139,0.612,0.157,3.900,50,1.002,558,2.727,20.2
DATA,MOTOR_BREAKIN_V3,000001,85409,508,510,0.131,0.103,3.427,0.139,3.287,46,FWD,RUN,0.117,0.386,0.026,0.139,0.612,0.157,3.900,50,1.002,556,2.717,20.2
DATA,MOTOR_BREAKIN_V3,000001,85509,508,509,0.131,0.130,3.482,0.167,3.315,46,FWD,RUN,0.130,0.433,0.026,0.111,0.612,0.157,3.900,50,1.002,557,2.722,20.2
DATA,MOTOR_BREAKIN_V3,000001,85609,508,509,0.131,0.130,3.566,0.167,3.399,46,FWD,RUN,0.130,0.443,0.026,0.306,0.612,0.157,3.900,50,1.002,558,2.727,20.2
DATA,MOTOR_BREAKIN_V3,000001,85709,507,510,0.157,0.103,3.538,0.167,3.371,46,FWD,RUN,0.130,0.440,0.026,0.306,0.612,0.157,3.900,50,1.002,557,2.722,20.2
DATA,MOTOR_BREAKIN_V3,000001,85809,507,510,0.157,0.103,3.455,0.139,3.315,46,FWD,RUN,0.130,0.433,0.040,0.223,0.612,0.157,3.900,50,1.002,557,2.722,20.2
DATA,MOTOR_BREAKIN_V3,000001,85909,508,510,0.131,0.103,3.371,0.167,3.204,46,FWD,RUN,0.117,0.376,0.040,0.223,0.612,0.157,3.900,50,1.002,558,2.727,20.2
DATA,MOTOR_BREAKIN_V3,000001,86009,507,509,0.157,0.130,3.371,0.167,3.204,46,FWD,RUN,0.144,0.460,0.026,0.167,0.612,0.157,3.900,50,1.002,557,2.722,20.2
DATA,MOTOR_BREAKIN_V3,000001,86109,507,511,0.157,0.077,3.455,0.167,3.287,46,FWD,RUN,0.117,0.386,0.053,0.167,0.612,0.157,3.900,50,1.002,558,2.727,20.2
DATA,MOTOR_BREAKIN_V3,000001,86209,508,510,0.131,0.103,3.399,0.195,3.204,46,FWD,RUN,0.117,0.376,0.053,0.167,0.612,0.157,3.900,50,1.002,557,2.722,20.2
DATA,MOTOR_BREAKIN_V3,000001,86309,507,510,0.157,0.103,3.455,0.139,3.315,46,FWD,RUN,0.130,0.433,0.026,0.111,0.612,0.157,3.900,50,1.002,558,2.727,20.2
DATA,MOTOR_BREAKIN_V3,000001,86409,508,510,0.131,0.103,3.399,0.139,3.260,46,FWD,RUN,0.117,0.382,0.040,0.111,0.612,0.157,3.900,50,1.002,557,2.722,20.2
DATA,MOTOR_BREAKIN_V3,000001,86509,508,509,0.131,0.130,3.427,0.111,3.315,46,FWD,RUN,0.130,0.433,0.040,0.139,0.612,0.157,3.900,50,1.002,557,2.722,20.2
DATA,MOTOR_BREAKIN_V3,000001,86609,507,509,0.157,0.130,3.399,0.139,3.260,46,FWD,RUN,0.144,0.468,0.053,0.195,0.612,0.157,3.900,50,1.002,557,2.722,20.2
DATA,MOTOR_BREAKIN_V3,000001,86709,507,510,0.157,0.103,3.399,0.167,3.232,46,FWD,RUN,0.130,0.422,0.053,0.195,0.612,0.157,3.900,50,1.002,557,2.722,20.2
DATA,MOTOR_BREAKIN_V3,000001,86809,507,510,0.157,0.103,3.399,0.167,3.232,46,FWD,RUN,0.130,0.422,0.040,0.195,0.612,0.157,3.900,50,1.002,557,2.722,20.2
DATA,MOTOR_BREAKIN_V3,000001,86909,508,509,0.131,0.130,3.455,0.111,3.343,46,FWD,RUN,0.130,0.436,0.053,0.195,0.612,0.157,3.900,50,1.002,557,2.722,20.2
DATA,MOTOR_BREAKIN_V3,000001,87009,508,509,0.131,0.130,3.455,0.167,3.287,46,FWD,RUN,0.130,0.429,0.066,0.251,0.612,0.157,3.900,50,1.002,557,2.722,20.1
DATA,MOTOR_BREAKIN_V3,000001,87109,507,510,0.157,0.103,3.371,0.167,3.204,46,FWD,RUN,0.130,0.418,0.066,0.195,0.612,0.157,3.900,50,1.002,557,2.722,20.2
DATA,MOTOR_BREAKIN_V3,000001,87209,507,510,0.157,0.103,3.399,0.167,3.232,46,FWD,RUN,0.130,0.422,0.040,0.139,0.612,0.157,3.900,50,1.002,557,2.722,20.2
DATA,MOTOR_BREAKIN_V3,000001,87309,508,510,0.131,0.103,3.315,0.167,3.148,46,FWD,RUN,0.117,0.369,0.040,0.195,0.612,0.157,3.900,50,1.002,557,2.722,20.1
DATA,MOTOR_BREAKIN_V3,000001,87409,508,510,0.131,0.103,3.343,0.195,3.148,46,FWD,RUN,0.117,0.369,0.026,0.251,0.612,0.157,3.900,50,1.002,557,2.722,20.1
DATA,MOTOR_BREAKIN_V3,000001,87509,507,510,0.157,0.103,3.455,0.139,3.315,46,FWD,RUN,0.130,0.433,0.053,0.223,0.612,0.157,3.900,50,1.002,557,2.722,20.1
DATA,MOTOR_BREAKIN_V3,000001,87609,508,511,0.131,0.077,3.399,0.167,3.232,46,FWD,RUN,0.104,0.336,0.040,0.139,0.612,0.157,3.900,50,1.002,558,2.727,20.1
DATA,MOTOR_BREAKIN_V3,000001,87709,507,510,0.157,0.103,3.315,0.167,3.148,46,FWD,RUN,0.130,0.411,0.026,0.139,0.612,0.157,3.900,50,1.002,558,2.727,20.1
DATA,MOTOR_BREAKIN_V3,000001,87809,507,510,0.157,0.103,3.343,0.139,3.204,46,FWD,RUN,0.130,0.418,0.026,0.167,0.612,0.157,3.900,50,1.002,557,2.722,20.1
DATA,MOTOR_BREAKIN_V3,000001,87909,508,510,0.131,0.103,3.455,0.167,3.287,46,FWD,RUN,0.117,0.386,0.026,0.139,0.612,0.157,3.900,50,1.002,557,2.722,20.1
DATA,MOTOR_BREAKIN_V3,000001,88009,508,510,0.131,0.103,3.427,0.167,3.260,46,FWD,RUN,0.117,0.382,0.026,0.139,0.612,0.157,3.900,50,1.002,558,2.727,20.1
DATA,MOTOR_BREAKIN_V3,000001,88108,507,510,0.157,0.103,3.399,0.167,3.232,46,FWD,RUN,0.130,0.422,0.053,0.084,0.612,0.157,3.900,50,1.002,557,2.722,20.1
DATA,MOTOR_BREAKIN_V3,000001,88209,508,510,0.131,0.103,3.371,0.139,3.232,46,FWD,RUN,0.117,0.379,0.040,0.195,0.612,0.157,3.900,50,1.002,558,2.727,20.1
DATA,MOTOR_BREAKIN_V3,000001,88309,508,509,0.131,0.130,3.455,0.195,3.260,46,FWD,RUN,0.130,0.425,0.040,0.306,0.612,0.157,3.900,50,1.002,558,2.727,20.1
DATA,MOTOR_BREAKIN_V3,000001,88409,508,510,0.131,0.103,3.399,0.111,3.287,46,FWD,RUN,0.117,0.386,0.040,0.223,0.612,0.157,3.900,50,1.002,557,2.722,20.1
DATA,MOTOR_BREAKIN_V3,000001,88509,508,511,0.131,0.077,3.371,0.111,3.260,46,FWD,RUN,0.104,0.339,0.026,0.195,0.612,0.157,3.900,50,1.002,557,2.722,20.1
DATA,MOTOR_BREAKIN_V3,000001,88609,507,509,0.157,0.130,3.399,0.139,3.260,46,FWD,RUN,0.144,0.468,0.053,0.084,0.612,0.157,3.900,50,1.002,558,2.727,20.1
DATA,MOTOR_BREAKIN_V3,000001,88709,508,511,0.131,0.077,3.510,0.167,3.343,46,FWD,RUN,0.104,0.348,0.053,0.223,0.612,0.157,3.900,50,1.002,557,2.722,20.1
DATA,MOTOR_BREAKIN_V3,000001,88809,508,510,0.131,0.103,3.482,0.167,3.315,46,FWD,RUN,0.117,0.389,0.026,0.139,0.612,0.157,3.900,50,1.002,557,2.722,20.1
DATA,MOTOR_BREAKIN_V3,000001,88909,507,510,0.157,0.103,3.510,0.139,3.371,46,FWD,RUN,0.130,0.440,0.040,0.139,0.612,0.157,3.900,50,1.002,557,2.722,20.1
DATA,MOTOR_BREAKIN_V3,000001,89009,507,510,0.157,0.103,3.371,0.167,3.204,46,FWD,RUN,0.130,0.418,0.040,0.167,0.612,0.157,3.900,50,1.002,557,2.722,20.1
DATA,MOTOR_BREAKIN_V3,000001,89109,507,510,0.157,0.103,3.482,0.167,3.315,46,FWD,RUN,0.130,0.433,0.040,0.111,0.612,0.157,3.900,50,1.002,557,2.722,20.1
DATA,MOTOR_BREAKIN_V3,000001,89209,507,510,0.157,0.103,3.399,0.139,3.260,46,FWD,RUN,0.130,0.425,0.040,0.167,0.612,0.157,3.900,50,1.002,557,2.722,20.1
DATA,MOTOR_BREAKIN_V3,000001,89309,507,510,0.157,0.103,3.399,0.167,3.232,46,FWD,RUN,0.130,0.422,0.026,0.195,0.612,0.157,3.900,50,1.002,557,2.722,20.1
DATA,MOTOR_BREAKIN_V3,000001,89409,507,511,0.157,0.077,3.455,0.167,3.287,46,FWD,RUN,0.117,0.386,0.026,0.195,0.612,0.157,3.900,50,1.002,558,2.727,20.1
DATA,MOTOR_BREAKIN_V3,000001,89509,508,510,0.131,0.103,3.427,0.167,3.260,46,FWD,RUN,0.117,0.382,0.026,0.195,0.612,0.157,3.900,50,1.002,558,2.727,20.1
DATA,MOTOR_BREAKIN_V3,000001,89609,508,511,0.131,0.077,3.287,0.195,3.092,46,FWD,RUN,0.104,0.322,0.026,0.251,0.612,0.157,3.900,50,1.002,558,2.727,20.1
DATA,MOTOR_BREAKIN_V3,000001,89709,507,510,0.157,0.103,3.427,0.111,3.315,46,FWD,RUN,0.130,0.433,0.040,0.251,0.612,0.157,3.900,50,1.002,556,2.717,20.0
DATA,MOTOR_BREAKIN_V3,000001,89809,507,510,0.157,0.103,3.427,0.167,3.260,46,FWD,RUN,0.130,0.425,0.040,0.139,0.612,0.157,3.900,50,1.002,557,2.722,20.0
DATA,MOTOR_BREAKIN_V3,000001,89909,508,510,0.131,0.103,3.427,0.139,3.287,46,FWD,RUN,0.117,0.386,0.053,0.111,0.612,0.157,3.900,50,1.002,557,2.722,20.0
DATA,MOTOR_BREAKIN_V3,000001,90009,508,510,0.131,0.103,3.427,0.195,3.232,46,FWD,RUN,0.117,0.379,0.053,0.084,0.612,0.157,3.900,50,1.002,556,2.717,20.0
DATA,MOTOR_BREAKIN_V3,000001,90109,508,510,0.131,0.103,3.510,0.167,3.343,46,FWD,RUN,0.117,0.392,0.040,0.167,0.612,0.157,3.900,50,1.002,556,2.717,20.0
DATA,MOTOR_BREAKIN_V3,000001,90209,507,510,0.157,0.103,3.343,0.167,3.176,46,FWD,RUN,0.130,0.414,0.040,0.167,0.612,0.157,3.900,50,1.002,557,2.722,20.0
DATA,MOTOR_BREAKIN_V3,000001,90309,507,510,0.157,0.103,3.510,0.167,3.343,46,FWD,RUN,0.130,0.436,0.026,0.195,0.612,0.157,3.900,50,1.002,557,2.722,20.0
DATA,MOTOR_BREAKIN_V3,000001,90409,507,509,0.157,0.130,3.427,0.167,3.260,46,FWD,RUN,0.144,0.468,0.040,0.195,0.612,0.157,3.900,50,1.002,557,2.722,20.0
DATA,MOTOR_BREAKIN_V3,000001,90509,508,510,0.131,0.103,3.343,0.139,3.204,46,FWD,RUN,0.117,0.376,0.040,0.111,0.612,0.157,3.900,50,1.002,557,2.722,20.0
DATA,MOTOR_BREAKIN_V3,000001,90609,508,510,0.131,0.103,3.482,0.167,3.315,46,FWD,RUN,0.117,0.389,0.013,0.111,0.612,0.157,3.900,50,1.002,557,2.722,20.0
DATA,MOTOR_BREAKIN_V3,000001,90709,508,509,0.131,0.130,3.371,0.167,3.204,46,FWD,RUN,0.130,0.418,0.040,0.111,0.612,0.157,3.900,50,1.002,557,2.722,20.0
DATA,MOTOR_BREAKIN_V3,000001,90809,508,510,0.131,0.103,3.455,0.167,3.287,46,FWD,RUN,0.117,0.386,0.040,0.139,0.612,0.157,3.900,50,1.002,557,2.722,20.0
DATA,MOTOR_BREAKIN_V3,000001,90909,507,510,0.157,0.103,3.399,0.139,3.260,46,FWD,RUN,0.130,0.425,0.026,0.139,0.612,0.157,3.900,50,1.002,557,2.722,20.0
DATA,MOTOR_BREAKIN_V3,000001,91009,508,510,0.131,0.103,3.455,0.167,3.287,46,FWD,RUN,0.117,0.386,0.040,0.167,0.612,0.157,3.900,50,1.002,557,2.722,20.0
DATA,MOTOR_BREAKIN_V3,000001,91109,508,510,0.131,0.103,3.399,0.139,3.260,46,FWD,RUN,0.117,0.382,0.040,0.167,0.612,0.157,3.900,50,1.002,557,2.722,20.0
DATA,MOTOR_BREAKIN_V3,000001,91209,508,510,0.131,0.103,3.482,0.167,3.315,46,FWD,RUN,0.117,0.389,0.026,0.167,0.612,0.157,3.900,50,1.002,558,2.727,20.0
DATA,MOTOR_BREAKIN_V3,000001,91308,507,511,0.157,0.077,3.427,0.139,3.287,46,FWD,RUN,0.117,0.386,0.013,0.167,0.612,0.157,3.900,50,1.002,558,2.727,19.9
DATA,MOTOR_BREAKIN_V3,000001,91409,508,510,0.131,0.103,3.482,0.167,3.315,46,FWD,RUN,0.117,0.389,0.026,0.139,0.612,0.157,3.900,50,1.002,557,2.722,20.0
DATA,MOTOR_BREAKIN_V3,000001,91509,507,510,0.157,0.103,3.427,0.167,3.260,46,FWD,RUN,0.130,0.425,0.040,0.111,0.612,0.157,3.900,50,1.002,558,2.727,20.0
DATA,MOTOR_BREAKIN_V3,000001,91609,508,510,0.131,0.103,3.427,0.167,3.260,46,FWD,RUN,0.117,0.382,0.040,0.195,0.612,0.157,3.900,50,1.002,558,2.727,20.0
DATA,MOTOR_BREAKIN_V3,000001,91709,508,510,0.131,0.103,3.566,0.167,3.399,46,FWD,RUN,0.117,0.399,0.040,0.223,0.612,0.157,3.900,50,1.002,558,2.727,20.0
DATA,MOTOR_BREAKIN_V3,000001,91809,507,509,0.157,0.130,3.510,0.195,3.315,46,FWD,RUN,0.144,0.476,0.053,0.167,0.612,0.157,3.900,50,1.002,557,2.722,19.9
DATA,MOTOR_BREAKIN_V3,000001,91909,508,510,0.131,0.103,3.427,0.139,3.287,46,FWD,RUN,0.117,0.386,0.053,0.167,0.612,0.157,3.900,50,1.002,557,2.722,20.0
DATA,MOTOR_BREAKIN_V3,000001,92009,508,510,0.131,0.103,3.399,0.111,3.287,46,FWD,RUN,0.117,0.386,0.040,0.223,0.612,0.157,3.900,50,1.002,556,2.717,20.0
DATA,MOTOR_BREAKIN_V3,000001,92109,508,509,0.131,0.130,3.399,0.167,3.232,46,FWD,RUN,0.130,0.422,0.053,0.167,0.612,0.157,3.900,50,1.002,557,2.722,19.9
DATA,MOTOR_BREAKIN_V3,000001,92209,508,510,0.131,0.103,3.482,0.167,3.315,46,FWD,RUN,0.117,0.389,0.053,0.167,0.612,0.157,3.900,50,1.002,557,2.722,19.9
DATA,MOTOR_BREAKIN_V3,000001,92309,508,510,0.131,0.103,3.371,0.139,3.232,46,FWD,RUN,0.117,0.379,0.013,0.111,0.612,0.157,3.900,50,1.002,557,2.722,19.9
DATA,MOTOR_BREAKIN_V3,000001,92409,508,510,0.131,0.103,3.566,0.167,3.399,46,FWD,RUN,0.117,0.399,0.053,0.195,0.612,0.157,3.900,50,1.002,558,2.727,19.9
DATA,MOTOR_BREAKIN_V3,000001,92509,508,510,0.131,0.103,3.427,0.139,3.287,46,FWD,RUN,0.117,0.386,0.053,0.195,0.612,0.157,3.900,50,1.002,557,2.722,19.9
DATA,MOTOR_BREAKIN_V3,000001,92609,508,511,0.131,0.077,3.510,0.167,3.343,46,FWD,RUN,0.104,0.348,0.026,0.167,0.612,0.157,3.900,50,1.002,558,2.727,19.9
DATA,MOTOR_BREAKIN_V3,000001,92709,507,510,0.157,0.103,3.399,0.139,3.260,46,FWD,RUN,0.130,0.425,0.040,0.167,0.612,0.157,3.900,50,1.002,557,2.722,19.9
DATA,MOTOR_BREAKIN_V3,000001,92809,507,511,0.157,0.077,3.455,0.195,3.260,46,FWD,RUN,0.117,0.382,0.040,0.167,0.612,0.157,3.900,50,1.002,558,2.727,19.9
DATA,MOTOR_BREAKIN_V3,000001,92909,508,510,0.131,0.103,3.399,0.139,3.260,46,FWD,RUN,0.117,0.382,0.053,0.167,0.612,0.157,3.900,50,1.002,557,2.722,19.9
DATA,MOTOR_BREAKIN_V3,000001,93009,508,510,0.131,0.103,3.343,0.167,3.176,46,FWD,RUN,0.117,0.372,0.053,0.167,0.612,0.157,3.900,50,1.002,557,2.722,19.9
DATA,MOTOR_BREAKIN_V3,000001,93109,507,510,0.157,0.103,3.399,0.167,3.232,46,FWD,RUN,0.130,0.422,0.040,0.139,0.612,0.157,3.900,50,1.002,557,2.722,19.9
DATA,MOTOR_BREAKIN_V3,000001,93209,509,510,0.105,0.103,3.510,0.167,3.343,46,FWD,RUN,0.104,0.348,0.053,0.195,0.612,0.157,3.900,50,1.002,557,2.722,19.9
DATA,MOTOR_BREAKIN_V3,000001,93309,507,510,0.157,0.103,3.371,0.139,3.232,46,FWD,RUN,0.130,0.422,0.053,0.167,0.612,0.157,3.900,50,1.002,557,2.722,19.9
DATA,MOTOR_BREAKIN_V3,000001,93409,507,510,0.157,0.103,3.343,0.167,3.176,46,FWD,RUN,0.130,0.414,0.040,0.056,0.612,0.157,3.900,50,1.002,557,2.722,19.9
DATA,MOTOR_BREAKIN_V3,000001,93509,508,510,0.131,0.103,3.482,0.167,3.315,46,FWD,RUN,0.117,0.389,0.040,0.139,0.612,0.157,3.900,50,1.002,558,2.727,19.9
DATA,MOTOR_BREAKIN_V3,000001,93609,507,510,0.157,0.103,3.427,0.167,3.260,46,FWD,RUN,0.130,0.425,0.013,0.167,0.612,0.157,3.900,50,1.002,558,2.727,19.9
DATA,MOTOR_BREAKIN_V3,000001,93709,508,510,0.131,0.103,3.343,0.111,3.232,46,FWD,RUN,0.117,0.379,0.026,0.139,0.612,0.157,3.900,50,1.002,557,2.722,19.9
DATA,MOTOR_BREAKIN_V3,000001,93809,508,510,0.131,0.103,3.399,0.139,3.260,46,FWD,RUN,0.117,0.382,0.013,0.084,0.612,0.157,3.900,50,1.002,557,2.722,19.8
DATA,MOTOR_BREAKIN_V3,000001,93909,508,510,0.131,0.103,3.371,0.167,3.204,46,FWD,RUN,0.117,0.376,0.040,0.084,0.612,0.157,3.900,50,1.002,557,2.722,19.9
DATA,MOTOR_BREAKIN_V3,000001,94009,509,510,0.105,0.103,3.371,0.167,3.204,46,FWD,RUN,0.104,0.333,0.053,0.111,0.612,0.157,3.900,50,1.002,557,2.722,19.9
DATA,MOTOR_BREAKIN_V3,000001,94109,507,511,0.157,0.077,3.427,0.139,3.287,46,FWD,RUN,0.117,0.386,0.040,0.139,0.612,0.157,3.900,50,1.002,557,2.722,19.8
DATA,MOTOR_BREAKIN_V3,000001,94209,508,511,0.131,0.077,3.315,0.111,3.204,46,FWD,RUN,0.104,0.333,0.040,0.223,0.612,0.157,3.900,50,1.002,557,2.722,19.8
DATA,MOTOR_BREAKIN_V3,000001,94309,508,511,0.131,0.077,3.427,0.139,3.287,46,FWD,RUN,0.104,0.342,0.026,0.195,0.612,0.157,3.900,50,1.002,558,2.727,19.8
DATA,MOTOR_BREAKIN_V3,000001,94409,508,510,0.131,0.103,3.427,0.167,3.260,46,FWD,RUN,0.117,0.382,0.026,0.084,0.612,0.157,3.900,50,1.002,557,2.722,19.8
DATA,MOTOR_BREAKIN_V3,000001,94508,507,509,0.157,0.130,3.399,0.139,3.260,46,FWD,RUN,0.144,0.468,0.040,0.167,0.612,0.157,3.900,50,1.002,557,2.722,19.8
DATA,MOTOR_BREAKIN_V3,000001,94609,508,510,0.131,0.103,3.399,0.139,3.260,46,FWD,RUN,0.117,0.382,0.053,0.111,0.612,0.157,3.900,50,1.002,557,2.722,19.8
DATA,MOTOR_BREAKIN_V3,000001,94709,508,510,0.131,0.103,3.427,0.111,3.315,46,FWD,RUN,0.117,0.389,0.053,0.223,0.612,0.157,3.900,50,1.002,558,2.727,19.8
DATA,MOTOR_BREAKIN_V3,000001,94809,508,511,0.131,0.077,3.371,0.167,3.204,46,FWD,RUN,0.104,0.333,0.026,0.195,0.612,0.157,3.900,50,1.002,557,2.722,19.8
DATA,MOTOR_BREAKIN_V3,000001,94909,509,510,0.105,0.103,3.399,0.139,3.260,46,FWD,RUN,0.104,0.339,0.040,0.139,0.612,0.157,3.900,50,1.002,557,2.722,19.8
DATA,MOTOR_BREAKIN_V3,000001,95009,508,510,0.131,0.103,3.455,0.139,3.315,46,FWD,RUN,0.117,0.389,0.053,0.139,0.612,0.157,3.900,50,1.002,557,2.722,19.8
DATA,MOTOR_BREAKIN_V3,000001,95109,509,510,0.105,0.103,3.343,0.167,3.176,46,FWD,RUN,0.104,0.330,0.053,0.195,0.612,0.157,3.900,50,1.002,557,2.722,19.8
DATA,MOTOR_BREAKIN_V3,000001,95209,508,510,0.131,0.103,3.427,0.167,3.260,46,FWD,RUN,0.117,0.382,0.026,0.167,0.612,0.157,3.900,50,1.002,557,2.722,19.8
DATA,MOTOR_BREAKIN_V3,000001,95309,507,510,0.157,0.103,3.343,0.167,3.176,46,FWD,RUN,0.130,0.414,0.026,0.195,0.612,0.157,3.900,50,1.002,557,2.722,19.8
DATA,MOTOR_BREAKIN_V3,000001,95409,508,509,0.131,0.130,3.427,0.167,3.260,46,FWD,RUN,0.130,0.425,0.040,0.167,0.612,0.157,3.900,50,1.002,557,2.722,19.8
DATA,MOTOR_BREAKIN_V3,000001,95509,508,510,0.131,0.103,3.371,0.139,3.232,46,FWD,RUN,0.117,0.379,0.040,0.139,0.612,0.157,3.900,50,1.002,557,2.722,19.8
DATA,MOTOR_BREAKIN_V3,000001,95609,508,510,0.131,0.103,3.343,0.139,3.204,46,FWD,RUN,0.117,0.376,0.013,0.167,0.612,0.157,3.900,50,1.002,557,2.722,19.8
DATA,MOTOR_BREAKIN_V3,000001,95709,508,510,0.131,0.103,3.371,0.167,3.204,46,FWD,RUN,0.117,0.376,0.040,0.139,0.612,0.157,3.900,50,1.002,557,2.722,19.8
DATA,MOTOR_BREAKIN_V3,000001,95809,508,510,0.131,0.103,3.315,0.139,3.176,46,FWD,RUN,0.117,0.372,0.040,0.139,0.612,0.157,3.900,50,1.002,557,2.722,19.8
DATA,MOTOR_BREAKIN_V3,000001,95909,508,510,0.131,0.103,3.427,0.195,3.232,46,FWD,RUN,0.117,0.379,0.053,0.139,0.612,0.157,3.900,50,1.002,557,2.722,19.8
DATA,MOTOR_BREAKIN_V3,000001,96009,507,510,0.157,0.103,3.315,0.167,3.148,46,FWD,RUN,0.130,0.411,0.053,0.223,0.612,0.157,3.900,50,1.002,557,2.722,19.8
DATA,MOTOR_BREAKIN_V3,000001,96109,508,509,0.131,0.130,3.482,0.167,3.315,46,FWD,RUN,0.130,0.433,0.026,0.223,0.612,0.157,3.900,50,1.002,557,2.722,19.8
DATA,MOTOR_BREAKIN_V3,000001,96209,508,509,0.131,0.130,3.371,0.167,3.204,46,FWD,RUN,0.130,0.418,0.026,0.139,0.612,0.157,3.900,50,1.002,557,2.722,19.8
DATA,MOTOR_BREAKIN_V3,000001,96309,508,510,0.131,0.103,3.371,0.195,3.176,46,FWD,RUN,0.117,0.372,0.053,0.111,0.612,0.157,3.900,50,1.002,557,2.722,19.8
DATA,MOTOR_BREAKIN_V3,000001,96409,508,510,0.131,0.103,3.343,0.167,3.176,46,FWD,RUN,0.117,0.372,0.053,0.111,0.612,0.157,3.900,50,1.002,557,2.722,19.7
DATA,MOTOR_BREAKIN_V3,000001,96509,508,510,0.131,0.103,3.399,0.139,3.260,46,FWD,RUN,0.117,0.382,0.026,0.139,0.612,0.157,3.900,50,1.002,557,2.722,19.7
DATA,MOTOR_BREAKIN_V3,000001,96609,508,510,0.131,0.103,3.510,0.111,3.399,46,FWD,RUN,0.117,0.399,0.040,0.223,0.612,0.157,3.900,50,1.002,557,2.722,19.7
DATA,MOTOR_BREAKIN_V3,000001,96709,508,509,0.131,0.130,3.399,0.139,3.260,46,FWD,RUN,0.130,0.425,0.053,0.223,0.612,0.157,3.900,50,1.002,557,2.722,19.7
DATA,MOTOR_BREAKIN_V3,000001,96809,508,510,0.131,0.103,3.371,0.195,3.176,46,FWD,RUN,0.117,0.372,0.053,0.111,0.612,0.157,3.900,50,1.002,557,2.722,19.8
DATA,MOTOR_BREAKIN_V3,000001,96909,508,510,0.131,0.103,3.315,0.167,3.148,46,FWD,RUN,0.117,0.369,0.013,0.195,0.612,0.157,3.900,50,1.002,557,2.722,19.7
DATA,MOTOR_BREAKIN_V3,000001,97009,507,510,0.157,0.103,3.427,0.139,3.287,46,FWD,RUN,0.130,0.429,0.040,0.195,0.612,0.157,3.900,50,1.002,556,2.717,19.7
DATA,MOTOR_BREAKIN_V3,000001,97109,507,509,0.157,0.130,3.343,0.111,3.232,46,FWD,RUN,0.144,0.464,0.053,0.167,0.612,0.157,3.900,50,1.002,557,2.722,19.7
DATA,MOTOR_BREAKIN_V3,000001,97209,508,511,0.131,0.077,3.371,0.139,3.232,46,FWD,RUN,0.104,0.336,0.053,0.195,0.612,0.157,3.900,50,1.002,557,2.722,19.7
DATA,MOTOR_BREAKIN_V3,000001,97309,507,510,0.157,0.103,3.315,0.167,3.148,46,FWD,RUN,0.130,0.411,0.026,0.195,0.612,0.157,3.900,50,1.002,557,2.722,19.7
DATA,MOTOR_BREAKIN_V3,000001,97409,508,510,0.131,0.103,3.510,0.223,3.287,46,FWD,RUN,0.117,0.386,0.026,0.167,0.612,0.157,3.900,50,1.002,556,2.717,19.7
DATA,MOTOR_BREAKIN_V3,000001,97509,508,511,0.131,0.077,3.371,0.167,3.204,46,FWD,RUN,0.104,0.333,0.026,0.195,0.612,0.157,3.900,50,1.002,557,2.722,19.7
DATA,MOTOR_BREAKIN_V3,000001,97609,507,510,0.157,0.103,3.455,0.167,3.287,46,FWD,RUN,0.130,0.429,0.026,0.195,0.612,0.157,3.900,50,1.002,557,2.722,19.7
DATA,MOTOR_BREAKIN_V3,000001,97708,508,511,0.131,0.077,3.427,0.139,3.287,46,FWD,RUN,0.104,0.342,0.040,0.084,0.612,0.157,3.900,50,1.002,558,2.727,19.7
DATA,MOTOR_BREAKIN_V3,000001,97809,507,510,0.157,0.103,3.343,0.167,3.176,46,FWD,RUN,0.130,0.414,0.053,0.111,0.612,0.157,3.900,50,1.002,557,2.722,19.7
DATA,MOTOR_BREAKIN_V3,000001,97909,508,509,0.131,0.130,3.427,0.195,3.232,46,FWD,RUN,0.130,0.422,0.040,0.111,0.612,0.157,3.900,50,1.002,557,2.722,19.7
DATA,MOTOR_BREAKIN_V3,000001,98009,507,511,0.157,0.077,3.399,0.167,3.232,46,FWD,RUN,0.117,0.379,0.026,0.195,0.612,0.157,3.900,50,1.002,558,2.727,19.7
DATA,MOTOR_BREAKIN_V3,000001,98109,507,510,0.157,0.103,3.371,0.167,3.204,46,FWD,RUN,0.130,0.418,0.026,0.279,0.612,0.157,3.900,50,1.002,557,2.722,19.7
DATA,MOTOR_BREAKIN_V3,000001,98209,508,510,0.131,0.103,3.371,0.167,3.204,46,FWD,RUN,0.117,0.376,0.026,0.251,0.612,0.157,3.900,50,1.002,557,2.722,19.7
DATA,MOTOR_BREAKIN_V3,000001,98309,509,511,0.105,0.077,3.399,0.139,3.260,46,FWD,RUN,0.091,0.296,0.040,0.139,0.612,0.157,3.900,50,1.002,557,2.722,19.7
DATA,MOTOR_BREAKIN_V3,000001,98409,508,510,0.131,0.103,3.427,0.139,3.287,46,FWD,RUN,0.117,0.386,0.040,0.084,0.612,0.157,3.900,50,1.002,557,2.722,19.7
DATA,MOTOR_BREAKIN_V3,000001,98509,508,509,0.131,0.130,3.455,0.111,3.343,46,FWD,RUN,0.130,0.436,0.040,0.195,0.612,0.157,3.900,50,1.002,556,2.717,19.7
DATA,MOTOR_BREAKIN_V3,000001,98609,509,510,0.105,0.103,3.482,0.167,3.315,46,FWD,RUN,0.104,0.345,0.040,0.195,0.612,0.157,3.900,50,1.002,557,2.722,19.7
DATA,MOTOR_BREAKIN_V3,000001,98709,508,510,0.131,0.103,3.399,0.139,3.260,46,FWD,RUN,0.117,0.382,0.040,0.195,0.612,0.157,3.900,50,1.002,557,2.722,19.7
DATA,MOTOR_BREAKIN_V3,000001,98809,508,510,0.131,0.103,3.482,0.167,3.315,46,FWD,RUN,0.117,0.389,0.040,0.195,0.612,0.157,3.900,50,1.002,557,2.722,19.7
DATA,MOTOR_BREAKIN_V3,000001,98909,508,509,0.131,0.130,3.399,0.167,3.232,46,FWD,RUN,0.130,0.422,0.040,0.167,0.612,0.157,3.900,50,1.002,557,2.722,19.7
DATA,MOTOR_BREAKIN_V3,000001,99009,508,510,0.131,0.103,3.455,0.167,3.287,46,FWD,RUN,0.117,0.386,0.040,0.111,0.612,0.157,3.900,50,1.002,558,2.727,19.7
DATA,MOTOR_BREAKIN_V3,000001,99109,508,510,0.131,0.103,3.399,0.111,3.287,46,FWD,RUN,0.117,0.386,0.026,0.139,0.612,0.157,3.900,50,1.002,558,2.727,19.7
DATA,MOTOR_BREAKIN_V3,000001,99209,508,509,0.131,0.130,3.455,0.139,3.315,46,FWD,RUN,0.130,0.433,0.040,0.139,0.612,0.157,3.900,50,1.002,557,2.722,19.7
DATA,MOTOR_BREAKIN_V3,000001,99309,507,511,0.157,0.077,3.399,0.139,3.260,46,FWD,RUN,0.117,0.382,0.040,0.139,0.612,0.157,3.900,50,1.002,557,2.722,19.7
DATA,MOTOR_BREAKIN_V3,000001,99409,508,510,0.131,0.103,3.482,0.167,3.315,46,FWD,RUN,0.117,0.389,0.040,0.167,0.612,0.157,3.900,50,1.002,557,2.722,19.7
DATA,MOTOR_BREAKIN_V3,000001,99509,508,510,0.131,0.103,3.343,0.167,3.176,46,FWD,RUN,0.117,0.372,0.040,0.195,0.612,0.157,3.900,50,1.002,557,2.722,19.7
DATA,MOTOR_BREAKIN_V3,000001,99609,509,510,0.105,0.103,3.482,0.167,3.315,46,FWD,RUN,0.104,0.345,0.013,0.139,0.612,0.157,3.900,50,1.002,556,2.717,19.7
DATA,MOTOR_BREAKIN_V3,000001,99709,507,510,0.157,0.103,3.371,0.167,3.204,46,FWD,RUN,0.130,0.418,0.026,0.167,0.612,0.157,3.900,50,1.002,557,2.722,19.7
DATA,MOTOR_BREAKIN_V3,000001,99809,509,510,0.105,0.103,3.399,0.139,3.260,46,FWD,RUN,0.104,0.339,0.026,0.167,0.612,0.157,3.900,50,1.002,557,2.722,19.7
DATA,MOTOR_BREAKIN_V3,000001,99909,508,510,0.131,0.103,3.482,0.195,3.287,46,FWD,RUN,0.117,0.386,0.040,0.139,0.612,0.157,3.900,50,1.002,558,2.727,19.7
DATA,MOTOR_BREAKIN_V3,000001,100009,509,510,0.105,0.103,3.371,0.167,3.204,46,FWD,RUN,0.104,0.333,0.040,0.139,0.612,0.157,3.900,50,1.002,556,2.717,19.7
DATA,MOTOR_BREAKIN_V3,000001,100109,508,510,0.131,0.103,3.455,0.167,3.287,46,FWD,RUN,0.117,0.386,0.026,0.139,0.612,0.157,3.900,50,1.002,557,2.722,19.7
DATA,MOTOR_BREAKIN_V3,000001,100209,507,510,0.157,0.103,3.510,0.167,3.343,46,FWD,RUN,0.130,0.436,0.053,0.167,0.612,0.157,3.900,50,1.002,558,2.727,19.7
DATA,MOTOR_BREAKIN_V3,000001,100309,508,510,0.131,0.103,3.399,0.139,3.260,46,FWD,RUN,0.117,0.382,0.053,0.167,0.612,0.157,3.900,50,1.002,556,2.717,19.7
DATA,MOTOR_BREAKIN_V3,000001,100409,508,509,0.131,0.130,3.482,0.139,3.343,46,FWD,RUN,0.130,0.436,0.026,0.139,0.612,0.157,3.900,50,1.002,556,2.717,19.7
DATA,MOTOR_BREAKIN_V3,000001,100509,507,510,0.157,0.103,3.455,0.167,3.287,46,FWD,RUN,0.130,0.429,0.026,0.167,0.612,0.157,3.900,50,1.002,558,2.727,19.7
DATA,MOTOR_BREAKIN_V3,000001,100609,508,510,0.131,0.103,3.538,0.167,3.371,46,FWD,RUN,0.117,0.395,0.026,0.195,0.612,0.157,3.900,50,1.002,557,2.722,19.7
DATA,MOTOR_BREAKIN_V3,000001,100709,508,511,0.131,0.077,3.427,0.167,3.260,46,FWD,RUN,0.104,0.339,0.026,0.195,0.612,0.157,3.900,50,1.002,557,2.722,19.6
DATA,MOTOR_BREAKIN_V3,000001,100809,509,510,0.105,0.103,3.510,0.167,3.343,46,FWD,RUN,0.104,0.348,0.026,0.167,0.612,0.157,3.900,50,1.002,558,2.727,19.7
DATA,MOTOR_BREAKIN_V3,000001,100908,507,510,0.157,0.103,3.399,0.111,3.287,46,FWD,RUN,0.130,0.429,0.026,0.139,0.612,0.157,3.900,50,1.002,558,2.727,19.6
DATA,MOTOR_BREAKIN_V3,000001,101009,508,510,0.131,0.103,3.482,0.195,3.287,46,FWD,RUN,0.117,0.386,0.026,0.084,0.612,0.157,3.900,50,1.002,557,2.722,19.7
DATA,MOTOR_BREAKIN_V3,000001,101109,508,510,0.131,0.103,3.482,0.167,3.315,46,FWD,RUN,0.117,0.389,0.026,0.167,0.612,0.157,3.900,50,1.002,558,2.727,19.7
DATA,MOTOR_BREAKIN_V3,000001,101209,508,510,0.131,0.103,3.371,0.111,3.260,46,FWD,RUN,0.117,0.382,0.026,0.167,0.612,0.157,3.900,50,1.002,557,2.722,19.6
DATA,MOTOR_BREAKIN_V3,000001,101309,507,510,0.157,0.103,3.399,0.111,3.287,46,FWD,RUN,0.130,0.429,0.040,0.139,0.612,0.157,3.900,50,1.002,557,2.722,19.6
DATA,MOTOR_BREAKIN_V3,000001,101409,508,510,0.131,0.103,3.399,0.167,3.232,46,FWD,RUN,0.117,0.379,0.026,0.195,0.612,0.157,3.900,50,1.002,557,2.722,19.6
DATA,MOTOR_BREAKIN_V3,000001,101509,508,511,0.131,0.077,3.399,0.139,3.260,46,FWD,RUN,0.104,0.339,0.040,0.195,0.612,0.157,3.900,50,1.002,557,2.722,19.6
DATA,MOTOR_BREAKIN_V3,000001,101609,508,510,0.131,0.103,3.427,0.167,3.260,46,FWD,RUN,0.117,0.382,0.040,0.139,0.612,0.157,3.900,50,1.002,557,2.722,19.6
DATA,MOTOR_BREAKIN_V3,000001,101709,508,510,0.131,0.103,3.399,0.139,3.260,46,FWD,RUN,0.117,0.382,0.026,0.167,0.612,0.157,3.900,50,1.002,557,2.722,19.6
DATA,MOTOR_BREAKIN_V3,000001,101809,507,511,0.157,0.077,3.427,0.195,3.232,46,FWD,RUN,0.117,0.379,0.026,0.167,0.612,0.157,3.900,50,1.002,557,2.722,19.6
DATA,MOTOR_BREAKIN_V3,000001,101909,508,510,0.131,0.103,3.343,0.167,3.176,46,FWD,RUN,0.117,0.372,0.026,0.167,0.612,0.157,3.900,50,1.002,557,2.722,19.6
DATA,MOTOR_BREAKIN_V3,000001,102009,508,509,0.131,0.130,3.371,0.167,3.204,46,FWD,RUN,0.130,0.418,0.026,0.195,0.612,0.157,3.900,50,1.002,556,2.717,19.6
DATA,MOTOR_BREAKIN_V3,000001,102109,508,511,0.131,0.077,3.399,0.139,3.260,46,FWD,RUN,0.104,0.339,0.026,0.195,0.612,0.157,3.900,50,1.002,557,2.722,19.6
DATA,MOTOR_BREAKIN_V3,000001,102209,508,509,0.131,0.130,3.427,0.195,3.232,46,FWD,RUN,0.130,0.422,0.026,0.139,0.612,0.157,3.900,50,1.002,556,2.717,19.6
OK
DATA,MOTOR_BREAKIN_V3,000001,102309,509,510,0.105,0.103,3.343,0.139,3.204,41,FWD,RUN,0.104,0.333,0.040,0.223,0.612,0.157,3.900,50,1.002,557,2.722,19.5
OK
DATA,MOTOR_BREAKIN_V3,000001,102409,509,510,0.105,0.103,3.176,0.084,3.092,37,FWD,RUN,0.104,0.322,0.026,0.251,0.612,0.157,3.900,50,1.002,557,2.722,19.6
OK
DATA,MOTOR_BREAKIN_V3,000001,102509,510,511,0.078,0.077,3.092,0.056,3.037,35,FWD,RUN,0.078,0.236,0.040,0.167,0.612,0.157,3.900,50,1.002,557,2.722,19.6
DATA,MOTOR_BREAKIN_V3,000001,102609,510,512,0.078,0.051,3.065,0.111,2.953,35,FWD,RUN,0.064,0.190,0.040,0.167,0.612,0.157,3.900,50,1.002,557,2.722,19.6
OK
DATA,MOTOR_BREAKIN_V3,000001,102709,510,511,0.078,0.077,3.009,0.111,2.897,36,FWD,RUN,0.078,0.225,0.040,0.223,0.612,0.157,3.900,50,1.002,557,2.722,19.6
OK
DATA,MOTOR_BREAKIN_V3,000001,102809,509,511,0.105,0.077,3.065,0.111,2.953,38,FWD,RUN,0.091,0.268,0.040,0.167,0.612,0.157,3.900,50,1.002,558,2.727,19.6
OK
DATA,MOTOR_BREAKIN_V3,000001,102909,509,511,0.105,0.077,3.009,0.111,2.897,39,FWD,RUN,0.091,0.263,0.040,0.084,0.612,0.157,3.900,50,1.002,558,2.727,19.6
OK
DATA,MOTOR_BREAKIN_V3,000001,103009,509,510,0.105,0.103,2.981,0.111,2.870,41,FWD,RUN,0.104,0.299,0.026,0.167,0.612,0.157,3.900,50,1.002,557,2.722,19.6
OK
DATA,MOTOR_BREAKIN_V3,000001,103109,508,511,0.131,0.077,3.065,0.167,2.897,44,FWD,RUN,0.104,0.301,0.026,0.167,0.612,0.157,3.900,50,1.002,558,2.727,19.4
OK
DATA,MOTOR_BREAKIN_V3,000001,103209,508,511,0.131,0.077,3.232,0.167,3.065,46,FWD,RUN,0.104,0.319,0.053,0.223,0.612,0.157,3.900,50,1.002,558,2.727,19.6
DATA,MOTOR_BREAKIN_V3,000001,103309,508,510,0.131,0.103,3.232,0.167,3.065,46,FWD,RUN,0.117,0.359,0.026,0.195,0.612,0.157,3.900,50,1.002,557,2.722,19.5
OK
DATA,MOTOR_BREAKIN_V3,000001,103409,508,509,0.131,0.130,3.232,0.167,3.065,45,FWD,RUN,0.130,0.400,0.026,0.111,0.612,0.157,3.900,50,1.002,557,2.722,19.4
OK
DATA,MOTOR_BREAKIN_V3,000001,103509,508,511,0.131,0.077,3.427,0.139,3.287,44,FWD,RUN,0.104,0.342,0.026,0.279,0.612,0.157,3.900,50,1.002,558,2.727,19.2
OK
DATA,MOTOR_BREAKIN_V3,000001,103609,508,510,0.131,0.103,3.148,0.111,3.037,38,FWD,RUN,0.117,0.356,0.040,0.334,0.612,0.157,3.900,50,1.002,557,2.722,19.5
OK
DATA,MOTOR_BREAKIN_V3,000001,103709,508,512,0.131,0.051,3.065,0.084,2.981,37,FWD,RUN,0.091,0.271,0.040,0.195,0.612,0.157,3.900,50,1.002,557,2.722,19.5
DATA,MOTOR_BREAKIN_V3,000001,103809,510,511,0.078,0.077,2.953,0.111,2.842,37,FWD,RUN,0.078,0.221,0.026,0.251,0.612,0.157,3.900,50,1.002,557,2.722,19.5
OK
DATA,MOTOR_BREAKIN_V3,000001,103909,510,511,0.078,0.077,3.092,0.139,2.953,40,FWD,RUN,0.078,0.229,0.026,0.223,0.612,0.157,3.900,50,1.002,557,2.722,19.5
OK
DATA,MOTOR_BREAKIN_V3,000001,104009,509,510,0.105,0.103,2.981,0.139,2.842,41,FWD,RUN,0.104,0.296,0.053,0.195,0.612,0.157,3.900,50,1.002,557,2.722,19.4
DATA,MOTOR_BREAKIN_V3,000001,104108,508,510,0.131,0.103,3.092,0.139,2.953,41,FWD,RUN,0.117,0.346,0.040,0.139,0.612,0.157,3.900,50,1.002,557,2.722,19.4
OK
DATA,MOTOR_BREAKIN_V3,000001,104209,509,511,0.105,0.077,3.037,0.139,2.897,42,FWD,RUN,0.091,0.263,0.040,0.084,0.612,0.157,3.900,50,1.002,556,2.717,19.4
OK
DATA,MOTOR_BREAKIN_V3,000001,104309,508,511,0.131,0.077,3.176,0.139,3.037,44,FWD,RUN,0.104,0.316,0.026,0.139,0.612,0.157,3.900,50,1.002,556,2.717,19.4
OK
DATA,MOTOR_BREAKIN_V3,000001,104409,508,510,0.131,0.103,3.232,0.139,3.092,43,FWD,RUN,0.117,0.363,0.026,0.195,0.612,0.157,3.900,50,1.002,556,2.717,19.4
OK
DATA,MOTOR_BREAKIN_V3,000001,104509,508,511,0.131,0.077,3.148,0.111,3.037,41,FWD,RUN,0.104,0.316,0.026,0.167,0.612,0.157,3.900,50,1.002,557,2.722,19.4
OK
DATA,MOTOR_BREAKIN_V3,000001,104609,509,511,0.105,0.077,3.204,0.111,3.092,40,FWD,RUN,0.091,0.281,0.026,0.167,0.612,0.157,3.900,50,1.002,558,2.727,19.5
OK
DATA,MOTOR_BREAKIN_V3,000001,104709,509,510,0.105,0.103,3.120,0.111,3.009,38,FWD,RUN,0.104,0.313,0.026,0.167,0.612,0.157,3.900,50,1.002,557,2.722,19.5
DATA,MOTOR_BREAKIN_V3,000001,104809,509,511,0.105,0.077,3.065,0.084,2.981,38,FWD,RUN,0.091,0.271,0.053,0.056,0.612,0.157,3.900,50,1.002,557,2.722,19.5
DATA,MOTOR_BREAKIN_V3,000001,104909,510,512,0.078,0.051,3.009,0.111,2.897,38,FWD,RUN,0.064,0.187,0.040,0.111,0.612,0.157,3.900,50,1.002,557,2.722,19.5
OK
DATA,MOTOR_BREAKIN_V3,000001,105009,509,511,0.105,0.077,3.092,0.139,2.953,40,FWD,RUN,0.091,0.268,0.026,0.111,0.612,0.157,3.900,50,1.002,557,2.722,19.4
OK
DATA,MOTOR_BREAKIN_V3,000001,105109,509,511,0.105,0.077,3.148,0.139,3.009,41,FWD,RUN,0.091,0.273,0.013,0.139,0.612,0.157,3.900,50,1.002,557,2.722,19.4
DATA,MOTOR_BREAKIN_V3,000001,105209,509,510,0.105,0.103,3.120,0.139,2.981,41,FWD,RUN,0.104,0.310,0.026,0.139,0.612,0.157,3.900,50,1.002,558,2.727,19.3
DATA,MOTOR_BREAKIN_V3,000001,105309,509,510,0.105,0.103,3.092,0.139,2.953,41,FWD,RUN,0.104,0.307,0.040,0.223,0.612,0.157,3.900,50,1.002,557,2.722,19.4
OK
DATA,MOTOR_BREAKIN_V3,000001,105409,508,510,0.131,0.103,3.148,0.139,3.009,42,FWD,RUN,0.117,0.353,0.040,0.223,0.612,0.157,3.900,50,1.002,557,2.722,19.4
DATA,MOTOR_BREAKIN_V3,000001,105509,509,511,0.105,0.077,3.204,0.139,3.065,42,FWD,RUN,0.091,0.278,0.026,0.139,0.612,0.157,3.900,50,1.002,557,2.722,19.3
DATA,MOTOR_BREAKIN_V3,000001,105609,508,510,0.131,0.103,3.176,0.139,3.037,42,FWD,RUN,0.117,0.356,0.040,0.084,0.612,0.157,3.900,50,1.002,557,2.722,19.3
OK
DATA,MOTOR_BREAKIN_V3,000001,105709,509,510,0.105,0.103,3.092,0.139,2.953,41,FWD,RUN,0.104,0.307,0.040,0.139,0.612,0.157,3.900,50,1.002,558,2.727,19.3
OK
DATA,MOTOR_BREAKIN_V3,000001,105809,509,510,0.105,0.103,3.120,0.111,3.009,42,FWD,RUN,0.104,0.313,0.040,0.139,0.612,0.157,3.900,50,1.002,557,2.722,19.3
DATA,MOTOR_BREAKIN_V3,000001,105909,508,511,0.131,0.077,3.148,0.111,3.037,42,FWD,RUN,0.104,0.316,0.040,0.111,0.612,0.157,3.900,50,1.002,557,2.722,19.4
OK
DATA,MOTOR_BREAKIN_V3,000001,106009,508,510,0.131,0.103,3.092,0.139,2.953,41,FWD,RUN,0.117,0.346,0.040,0.111,0.612,0.157,3.900,50,1.002,557,2.722,19.3
OK
DATA,MOTOR_BREAKIN_V3,000001,106109,509,510,0.105,0.103,3.065,0.139,2.925,42,FWD,RUN,0.104,0.304,0.040,0.223,0.612,0.157,3.900,50,1.002,557,2.722,19.3
OK
DATA,MOTOR_BREAKIN_V3,000001,106209,508,511,0.131,0.077,3.204,0.167,3.037,44,FWD,RUN,0.104,0.316,0.026,0.223,0.612,0.157,3.900,50,1.002,557,2.722,19.3
DATA,MOTOR_BREAKIN_V3,000001,106309,508,510,0.131,0.103,3.260,0.195,3.065,44,FWD,RUN,0.117,0.359,0.026,0.111,0.612,0.157,3.900,50,1.002,557,2.722,19.4
OK
DATA,MOTOR_BREAKIN_V3,000001,106409,508,510,0.131,0.103,3.176,0.111,3.065,43,FWD,RUN,0.117,0.359,0.040,0.111,0.612,0.157,3.900,50,1.002,557,2.722,19.3
OK
DATA,MOTOR_BREAKIN_V3,000001,106509,508,511,0.131,0.077,3.204,0.167,3.037,42,FWD,RUN,0.104,0.316,0.040,0.167,0.612,0.157,3.900,50,1.002,557,2.722,19.3
OK
DATA,MOTOR_BREAKIN_V3,000001,106609,508,510,0.131,0.103,3.204,0.139,3.065,41,FWD,RUN,0.117,0.359,0.026,0.167,0.612,0.157,3.900,50,1.002,557,2.722,19.3
OK
DATA,MOTOR_BREAKIN_V3,000001,106709,508,511,0.131,0.077,3.232,0.056,3.176,40,FWD,RUN,0.104,0.330,0.040,0.139,0.612,0.157,3.900,50,1.002,558,2.727,19.4
OK
DATA,MOTOR_BREAKIN_V3,000001,106809,510,512,0.078,0.051,3.037,0.111,2.925,36,FWD,RUN,0.064,0.188,0.040,0.251,0.612,0.157,3.900,50,1.002,556,2.717,19.4
OK
DATA,MOTOR_BREAKIN_V3,000001,106909,509,510,0.105,0.103,3.120,0.139,2.981,38,FWD,RUN,0.104,0.310,0.040,0.139,0.612,0.157,3.900,50,1.002,557,2.722,19.4
DATA,MOTOR_BREAKIN_V3,000001,107009,509,510,0.105,0.103,3.092,0.139,2.953,38,FWD,RUN,0.104,0.307,0.040,0.139,0.612,0.157,3.900,50,1.002,557,2.722,19.4
DATA,MOTOR_BREAKIN_V3,000001,107109,510,511,0.078,0.077,3.065,0.111,2.953,38,FWD,RUN,0.078,0.229,0.040,0.084,0.612,0.157,3.900,50,1.002,557,2.722,19.4
OK
DATA,MOTOR_BREAKIN_V3,000001,107209,509,510,0.105,0.103,2.981,0.084,2.897,39,FWD,RUN,0.104,0.301,0.040,0.084,0.612,0.157,3.900,50,1.002,556,2.717,19.4
OK
DATA,MOTOR_BREAKIN_V3,000001,107308,509,510,0.105,0.103,3.009,0.139,2.870,41,FWD,RUN,0.104,0.299,0.026,0.111,0.612,0.157,3.900,50,1.002,557,2.722,19.3
OK
DATA,MOTOR_BREAKIN_V3,000001,107409,508,510,0.131,0.103,3.120,0.167,2.953,44,FWD,RUN,0.117,0.346,0.026,0.111,0.612,0.157,3.900,50,1.002,558,2.727,19.3
OK
DATA,MOTOR_BREAKIN_V3,000001,107509,507,510,0.157,0.103,3.204,0.195,3.009,45,FWD,RUN,0.130,0.393,0.040,0.195,0.612,0.157,3.900,50,1.002,556,2.717,19.4
DATA,MOTOR_BREAKIN_V3,000001,107609,508,510,0.131,0.103,3.176,0.111,3.065,45,FWD,RUN,0.117,0.359,0.040,0.139,0.612,0.157,3.900,50,1.002,557,2.722,19.2
OK
DATA,MOTOR_BREAKIN_V3,000001,107709,508,510,0.131,0.103,3.176,0.111,3.065,44,FWD,RUN,0.117,0.359,0.026,0.167,0.612,0.157,3.900,50,1.002,557,2.722,19.2
DATA,MOTOR_BREAKIN_V3,000001,107809,508,510,0.131,0.103,3.176,0.139,3.037,44,FWD,RUN,0.117,0.356,0.026,0.167,0.612,0.157,3.900,50,1.002,557,2.722,19.3
OK
DATA,MOTOR_BREAKIN_V3,000001,107909,508,511,0.131,0.077,3.204,0.139,3.065,43,FWD,RUN,0.104,0.319,0.053,0.251,0.612,0.157,3.900,50,1.002,557,2.722,19.2
OK
DATA,MOTOR_BREAKIN_V3,000001,108009,508,511,0.131,0.077,3.176,0.111,3.065,42,FWD,RUN,0.104,0.319,0.053,0.251,0.612,0.157,3.900,50,1.002,557,2.722,19.2
OK
DATA,MOTOR_BREAKIN_V3,000001,108109,509,510,0.105,0.103,3.176,0.111,3.065,41,FWD,RUN,0.104,0.319,0.053,0.111,0.612,0.157,3.900,50,1.002,556,2.717,19.2
OK
DATA,MOTOR_BREAKIN_V3,000001,108209,509,510,0.105,0.103,3.037,0.111,2.925,40,FWD,RUN,0.104,0.304,0.040,0.195,0.612,0.157,3.900,50,1.002,557,2.722,19.2
OK
DATA,MOTOR_BREAKIN_V3,000001,108309,509,511,0.105,0.077,3.148,0.139,3.009,42,FWD,RUN,0.091,0.273,0.026,0.167,0.612,0.157,3.900,50,1.002,557,2.722,19.2
DATA,MOTOR_BREAKIN_V3,000001,108409,508,510,0.131,0.103,3.232,0.139,3.092,42,FWD,RUN,0.117,0.363,0.040,0.111,0.612,0.157,3.900,50,1.002,557,2.722,19.2
OK
DATA,MOTOR_BREAKIN_V3,000001,108509,509,511,0.105,0.077,3.092,0.111,2.981,40,FWD,RUN,0.091,0.271,0.026,0.111,0.612,0.157,3.900,50,1.002,557,2.722,19.3
DATA,MOTOR_BREAKIN_V3,000001,108609,509,511,0.105,0.077,3.148,0.084,3.065,40,FWD,RUN,0.091,0.278,0.026,0.084,0.612,0.157,3.900,50,1.002,557,2.722,19.2
DATA,MOTOR_BREAKIN_V3,000001,108709,509,511,0.105,0.077,3.148,0.139,3.009,40,FWD,RUN,0.091,0.273,0.013,0.084,0.612,0.157,3.900,50,1.002,557,2.722,19.2
DATA,MOTOR_BREAKIN_V3,000001,108809,509,511,0.105,0.077,3.092,0.084,3.009,40,FWD,RUN,0.091,0.273,0.026,0.056,0.612,0.157,3.900,50,1.002,557,2.722,19.3
DATA,MOTOR_BREAKIN_V3,000001,108909,509,511,0.105,0.077,3.120,0.139,2.981,40,FWD,RUN,0.091,0.271,0.040,0.084,0.612,0.157,3.900,50,1.002,556,2.717,19.2
DATA,MOTOR_BREAKIN_V3,000001,109009,510,510,0.078,0.103,3.037,0.084,2.953,40,FWD,RUN,0.091,0.268,0.040,0.139,0.612,0.157,3.900,50,1.002,557,2.722,19.3
OK
DATA,MOTOR_BREAKIN_V3,000001,109109,509,511,0.105,0.077,3.092,0.139,2.953,41,FWD,RUN,0.091,0.268,0.013,0.111,0.612,0.157,3.900,50,1.002,557,2.722,19.2
OK
DATA,MOTOR_BREAKIN_V3,000001,109209,508,511,0.131,0.077,3.120,0.084,3.037,42,FWD,RUN,0.104,0.316,0.026,0.111,0.612,0.157,3.900,50,1.002,557,2.722,19.2
OK
DATA,MOTOR_BREAKIN_V3,000001,109309,508,511,0.131,0.077,3.065,0.139,2.925,41,FWD,RUN,0.104,0.304,0.040,0.111,0.612,0.157,3.900,50,1.002,557,2.722,19.2
OK
DATA,MOTOR_BREAKIN_V3,000001,109409,508,510,0.131,0.103,3.120,0.139,2.981,43,FWD,RUN,0.117,0.350,0.040,0.111,0.612,0.157,3.900,50,1.002,557,2.722,19.2
DATA,MOTOR_BREAKIN_V3,000001,109509,508,510,0.131,0.103,3.176,0.167,3.009,43,FWD,RUN,0.117,0.353,0.040,0.084,0.612,0.157,3.900,50,1.002,557,2.722,19.3
DATA,MOTOR_BREAKIN_V3,000001,109609,508,510,0.131,0.103,3.204,0.139,3.065,43,FWD,RUN,0.117,0.359,0.040,0.139,0.612,0.157,3.900,50,1.002,557,2.722,19.2
OK
DATA,MOTOR_BREAKIN_V3,000001,109709,509,510,0.105,0.103,3.204,0.111,3.092,42,FWD,RUN,0.104,0.322,0.040,0.139,0.612,0.157,3.900,50,1.002,557,2.722,19.2
OK
DATA,MOTOR_BREAKIN_V3,000001,109809,508,511,0.131,0.077,3.092,0.139,2.953,40,FWD,RUN,0.104,0.307,0.026,0.139,0.612,0.157,3.900,50,1.002,557,2.722,19.2
OK
DATA,MOTOR_BREAKIN_V3,000001,109909,509,512,0.105,0.051,3.120,0.111,3.009,41,FWD,RUN,0.078,0.234,0.040,0.111,0.612,0.157,3.900,50,1.002,556,2.717,19.3
DATA,MOTOR_BREAKIN_V3,000001,110009,509,510,0.105,0.103,3.148,0.139,3.009,41,FWD,RUN,0.104,0.313,0.026,0.084,0.612,0.157,3.900,50,1.002,557,2.722,19.1
DATA,MOTOR_BREAKIN_V3,000001,110109,509,512,0.105,0.051,3.176,0.139,3.037,41,FWD,RUN,0.078,0.236,0.040,0.139,0.612,0.157,3.900,50,1.002,556,2.717,19.2
OK
DATA,MOTOR_BREAKIN_V3,000001,110209,508,511,0.131,0.077,3.120,0.139,2.981,40,FWD,RUN,0.104,0.310,0.040,0.139,0.612,0.157,3.900,50,1.002,558,2.727,19.2
DATA,MOTOR_BREAKIN_V3,000001,110309,509,510,0.105,0.103,3.092,0.111,2.981,40,FWD,RUN,0.104,0.310,0.040,0.111,0.612,0.157,3.900,50,1.002,557,2.722,19.3
DATA,MOTOR_BREAKIN_V3,000001,110409,509,512,0.105,0.051,3.092,0.139,2.953,40,FWD,RUN,0.078,0.229,0.053,0.111,0.612,0.157,3.900,50,1.002,557,2.722,19.1
OK
DATA,MOTOR_BREAKIN_V3,000001,110508,508,511,0.131,0.077,3.148,0.139,3.009,41,FWD,RUN,0.104,0.313,0.040,0.195,0.612,0.157,3.900,50,1.002,557,2.722,19.1
DATA,MOTOR_BREAKIN_V3,000001,110609,509,511,0.105,0.077,3.148,0.167,2.981,41,FWD,RUN,0.091,0.271,0.040,0.167,0.612,0.157,3.900,50,1.002,557,2.722,19.1
DATA,MOTOR_BREAKIN_V3,000001,110709,509,511,0.105,0.077,3.176,0.139,3.037,41,FWD,RUN,0.091,0.276,0.053,0.139,0.612,0.157,3.900,50,1.002,558,2.727,19.1
DATA,MOTOR_BREAKIN_V3,000001,110809,509,510,0.105,0.103,3.120,0.111,3.009,41,FWD,RUN,0.104,0.313,0.040,0.139,0.612,0.157,3.900,50,1.002,557,2.722,19.1
DATA,MOTOR_BREAKIN_V3,000001,110909,508,510,0.131,0.103,3.120,0.111,3.009,41,FWD,RUN,0.117,0.353,0.040,0.139,0.612,0.157,3.900,50,1.002,556,2.717,19.2
DATA,MOTOR_BREAKIN_V3,000001,111009,508,511,0.131,0.077,3.092,0.139,2.953,41,FWD,RUN,0.104,0.307,0.040,0.111,0.612,0.157,3.900,50,1.002,557,2.722,19.1
OK
DATA,MOTOR_BREAKIN_V3,000001,111109,508,510,0.131,0.103,3.204,0.139,3.065,42,FWD,RUN,0.117,0.359,0.040,0.139,0.612,0.157,3.900,50,1.002,557,2.722,19.1
OK
DATA,MOTOR_BREAKIN_V3,000001,111209,509,511,0.105,0.077,3.176,0.167,3.009,41,FWD,RUN,0.091,0.273,0.040,0.139,0.612,0.157,3.900,50,1.002,557,2.722,19.1
DATA,MOTOR_BREAKIN_V3,000001,111309,509,511,0.105,0.077,3.148,0.111,3.037,41,FWD,RUN,0.091,0.276,0.040,0.139,0.612,0.157,3.900,50,1.002,558,2.727,19.2
OK
DATA,MOTOR_BREAKIN_V3,000001,111409,509,511,0.105,0.077,3.065,0.084,2.981,40,FWD,RUN,0.091,0.271,0.040,0.139,0.612,0.157,3.900,50,1.002,557,2.722,19.2
DATA,MOTOR_BREAKIN_V3,000001,111509,509,511,0.105,0.077,3.120,0.139,2.981,40,FWD,RUN,0.091,0.271,0.026,0.111,0.612,0.157,3.900,50,1.002,557,2.722,19.2
DATA,MOTOR_BREAKIN_V3,000001,111609,509,510,0.105,0.103,3.148,0.139,3.009,40,FWD,RUN,0.104,0.313,0.026,0.084,0.612,0.157,3.900,50,1.002,557,2.722,19.1
DATA,MOTOR_BREAKIN_V3,000001,111709,509,511,0.105,0.077,3.120,0.139,2.981,40,FWD,RUN,0.091,0.271,0.026,0.167,0.612,0.157,3.900,50,1.002,557,2.722,19.2
DATA,MOTOR_BREAKIN_V3,000001,111809,509,511,0.105,0.077,3.065,0.111,2.953,40,FWD,RUN,0.091,0.268,0.026,0.167,0.612,0.157,3.900,50,1.002,557,2.722,19.1
OK
DATA,MOTOR_BREAKIN_V3,000001,111909,509,510,0.105,0.103,3.148,0.139,3.009,41,FWD,RUN,0.104,0.313,0.026,0.084,0.612,0.157,3.900,50,1.002,557,2.722,19.1
DATA,MOTOR_BREAKIN_V3,000001,112009,509,511,0.105,0.077,3.065,0.139,2.925,41,FWD,RUN,0.091,0.266,0.026,0.167,0.612,0.157,3.900,50,1.002,557,2.722,19.1
DATA,MOTOR_BREAKIN_V3,000001,112109,509,511,0.105,0.077,3.148,0.111,3.037,41,FWD,RUN,0.091,0.276,0.026,0.167,0.612,0.157,3.900,50,1.002,557,2.722,19.1
OK
DATA,MOTOR_BREAKIN_V3,000001,112209,509,511,0.105,0.077,3.176,0.139,3.037,40,FWD,RUN,0.091,0.276,0.013,0.167,0.612,0.157,3.900,50,1.002,558,2.727,19.1
