DATA,MOTOR_BREAKIN_V3,000001,1275066002,509,513,0.227,0.141,17.579,0.279,17.301,60,FWD,RUN,0.184,3.183,0.106,6.993,25.145,1.333,18.861,60,1.333,537,2.625,24.3
OK
STOP,FWD
DATA,MOTOR_BREAKIN_V3,000001,1275066035,511,513,0.174,0.141,10.837,0.279,10.559,0,FWD,STOP,0.158,1.663,0.106,7.411,25.145,1.333,18.861,60,1.333,536,2.620,24.3
OK
RUN,FWD
OK
OK
DATA,MOTOR_BREAKIN_V3,000001,55,507,512,0.279,0.168,14.960,1.003,13.957,60,FWD,RUN,0.224,3.121,0.237,1.226,0.000,0.000,0.000,0,1.333,537,2.625,23.4
DATA,MOTOR_BREAKIN_V3,000001,155,507,512,0.279,0.168,14.264,0.752,13.512,60,FWD,RUN,0.224,3.021,0.237,5.098,0.000,0.000,0.000,0,1.333,536,2.620,23.4
DATA,MOTOR_BREAKIN_V3,000001,255,506,513,0.306,0.141,14.264,0.585,13.679,60,FWD,RUN,0.224,3.058,0.106,4.708,0.000,0.000,0.000,0,1.333,537,2.625,23.4
DATA,MOTOR_BREAKIN_V3,000001,355,508,512,0.253,0.168,14.654,0.529,14.125,60,FWD,RUN,0.210,2.971,0.132,4.235,0.000,0.000,0.000,0,1.333,536,2.620,23.4
DATA,MOTOR_BREAKIN_V3,000001,455,508,512,0.253,0.168,14.013,0.474,13.540,60,FWD,RUN,0.210,2.848,0.066,2.062,0.000,0.000,0.000,0,1.333,536,2.620,23.4
DATA,MOTOR_BREAKIN_V3,000001,555,508,512,0.253,0.168,15.016,0.446,14.570,60,FWD,RUN,0.210,3.065,0.119,1.672,0.000,0.000,0.000,0,1.333,536,2.620,23.4
DATA,MOTOR_BREAKIN_V3,000001,655,507,512,0.279,0.168,14.013,0.446,13.567,60,FWD,RUN,0.224,3.033,0.119,1.644,0.000,0.000,0.000,0,1.333,536,2.620,23.4
DATA,MOTOR_BREAKIN_V3,000001,755,508,513,0.253,0.141,12.760,0.446,12.314,60,FWD,RUN,0.197,2.428,0.053,1.867,0.000,0.000,0.000,0,1.333,536,2.620,23.4
DATA,MOTOR_BREAKIN_V3,000001,855,508,513,0.253,0.141,14.543,0.446,14.097,60,FWD,RUN,0.197,2.779,0.040,1.867,0.000,0.000,0.000,0,1.333,536,2.620,23.4
DATA,MOTOR_BREAKIN_V3,000001,955,509,513,0.227,0.141,15.350,0.446,14.905,60,FWD,RUN,0.184,2.742,0.040,1.950,0.000,0.000,0.000,0,1.333,537,2.625,23.4
DATA,MOTOR_BREAKIN_V3,000001,1055,507,513,0.279,0.141,14.570,0.418,14.152,60,FWD,RUN,0.210,2.977,0.106,4.402,0.000,0.000,0.000,0,1.333,536,2.620,23.4
DATA,MOTOR_BREAKIN_V3,000001,1155,509,513,0.227,0.141,8.469,0.390,8.079,60,FWD,RUN,0.184,1.486,0.132,6.937,0.000,0.000,0.000,0,1.333,536,2.620,23.4
DATA,MOTOR_BREAKIN_V3,000001,1255,509,513,0.227,0.141,8.246,0.362,7.884,60,FWD,RUN,0.184,1.450,0.119,7.661,0.000,0.000,0.000,0,1.333,536,2.620,23.4
DATA,MOTOR_BREAKIN_V3,000001,1355,508,513,0.253,0.141,13.010,0.390,12.620,60,FWD,RUN,0.197,2.488,0.106,8.831,0.000,0.000,0.000,0,1.333,537,2.625,23.4
DATA,MOTOR_BREAKIN_V3,000001,1455,509,513,0.227,0.141,11.952,0.362,11.589,60,FWD,RUN,0.184,2.132,0.053,8.386,0.000,0.000,0.000,0,1.333,536,2.620,23.4
DATA,MOTOR_BREAKIN_V3,000001,1555,508,512,0.253,0.168,11.283,0.390,10.893,60,FWD,RUN,0.210,2.292,0.053,5.154,0.000,0.000,0.000,0,1.333,536,2.620,23.4
DATA,MOTOR_BREAKIN_V3,000001,1655,509,513,0.227,0.141,10.559,0.334,10.224,60,FWD,RUN,0.184,1.881,0.040,4.569,0.000,0.000,0.000,0,1.333,536,2.620,23.4
DATA,MOTOR_BREAKIN_V3,000001,1755,507,512,0.279,0.168,9.054,0.390,8.664,60,FWD,RUN,0.224,1.937,0.053,4.067,0.000,0.000,0.000,0,1.333,537,2.625,23.4
DATA,MOTOR_BREAKIN_V3,000001,1855,509,514,0.227,0.115,14.988,0.334,14.654,60,FWD,RUN,0.171,2.502,0.159,5.990,0.000,0.000,0.000,0,1.333,536,2.620,23.4
DATA,MOTOR_BREAKIN_V3,000001,1955,509,513,0.227,0.141,11.172,0.362,10.809,60,FWD,RUN,0.184,1.988,0.132,5.628,0.000,0.000,0.000,0,1.333,537,2.625,23.4
DATA,MOTOR_BREAKIN_V3,000001,2055,509,513,0.227,0.141,15.100,0.390,14.710,60,FWD,RUN,0.184,2.706,0.106,6.547,0.000,0.000,0.000,0,1.333,536,2.620,23.4
DATA,MOTOR_BREAKIN_V3,000001,2155,509,514,0.227,0.115,13.066,0.279,12.787,60,FWD,RUN,0.171,2.183,0.163,6.603,0.000,0.000,0.000,0,1.333,536,2.620,23.4
DATA,MOTOR_BREAKIN_V3,000001,2254,509,514,0.227,0.115,8.441,0.390,8.051,60,FWD,RUN,0.171,1.375,0.163,7.048,0.000,0.000,0.000,0,1.333,537,2.625,23.4
DATA,MOTOR_BREAKIN_V3,000001,2355,510,513,0.200,0.141,10.670,0.334,10.336,60,FWD,RUN,0.171,1.765,0.106,7.048,0.000,0.000,0.000,0,1.333,536,2.620,23.4
DATA,MOTOR_BREAKIN_V3,000001,2455,509,513,0.227,0.141,10.531,0.279,10.252,60,FWD,RUN,0.184,1.886,0.119,6.826,0.000,0.000,0.000,0,1.333,536,2.620,23.4
DATA,MOTOR_BREAKIN_V3,000001,2555,509,513,0.227,0.141,14.292,0.334,13.957,60,FWD,RUN,0.184,2.568,0.119,7.048,0.000,0.000,0.000,0,1.333,537,2.625,23.4
DATA,MOTOR_BREAKIN_V3,000001,2655,509,513,0.227,0.141,14.682,0.306,14.375,60,FWD,RUN,0.184,2.644,0.106,7.466,0.000,0.000,0.000,0,1.333,536,2.620,23.4
DATA,MOTOR_BREAKIN_V3,000001,2755,513,515,0.121,0.088,11.701,0.279,11.422,60,FWD,RUN,0.105,1.196,0.166,5.628,0.000,0.000,0.000,0,1.333,536,2.620,23.4
DATA,MOTOR_BREAKIN_V3,000001,2855,508,513,0.253,0.141,8.386,0.501,7.884,60,FWD,RUN,0.197,1.554,0.166,5.572,0.000,0.000,0.000,0,1.333,536,2.620,23.4
DATA,MOTOR_BREAKIN_V3,000001,2955,509,513,0.227,0.141,13.010,0.251,12.760,60,FWD,RUN,0.184,2.347,0.132,6.101,0.000,0.000,0.000,0,1.333,537,2.625,23.4
DATA,MOTOR_BREAKIN_V3,000001,3055,510,514,0.200,0.115,13.038,0.362,12.676,60,FWD,RUN,0.158,1.997,0.053,5.906,3.077,0.210,14.626,60,1.333,536,2.620,23.4
DATA,MOTOR_BREAKIN_V3,000001,3155,509,513,0.227,0.141,10.503,0.306,10.196,60,FWD,RUN,0.184,1.876,0.053,6.296,3.206,0.210,15.239,60,1.333,536,2.620,23.4
DATA,MOTOR_BREAKIN_V3,000001,3255,509,514,0.227,0.115,11.729,0.279,11.450,60,FWD,RUN,0.171,1.955,0.179,8.887,3.206,0.210,15.239,60,1.333,536,2.620,23.4
DATA,MOTOR_BREAKIN_V3,000001,3355,516,516,0.000,0.062,11.673,0.139,11.534,60,FWD,RUN,0.031,0.358,0.166,5.683,3.206,0.210,15.239,60,1.333,536,2.620,23.4
DATA,MOTOR_BREAKIN_V3,000001,3455,515,517,0.068,0.000,10.726,0.139,10.587,60,FWD,RUN,0.034,0.361,0.166,9.221,3.206,0.210,15.239,60,1.333,536,2.620,23.4
DATA,MOTOR_BREAKIN_V3,000001,3555,509,514,0.227,0.115,12.732,0.334,12.397,60,FWD,RUN,0.171,2.117,0.163,9.221,3.206,0.210,15.239,60,1.333,536,2.620,23.4
DATA,MOTOR_BREAKIN_V3,000001,3655,510,513,0.200,0.141,14.013,0.390,13.623,60,FWD,RUN,0.171,2.326,0.079,8.497,3.206,0.210,15.239,60,1.333,536,2.620,23.4
DATA,MOTOR_BREAKIN_V3,000001,3755,512,516,0.147,0.062,12.927,0.279,12.648,60,FWD,RUN,0.105,1.324,0.119,5.878,3.206,0.210,15.239,60,1.333,536,2.620,23.5
DATA,MOTOR_BREAKIN_V3,000001,3855,509,513,0.227,0.141,11.673,0.334,11.339,60,FWD,RUN,0.184,2.086,0.119,6.129,3.206,0.210,15.239,60,1.333,536,2.620,23.4
DATA,MOTOR_BREAKIN_V3,000001,3955,509,513,0.227,0.141,12.565,0.334,12.230,60,FWD,RUN,0.184,2.250,0.119,6.129,3.206,0.210,15.239,60,1.333,536,2.620,23.4
DATA,MOTOR_BREAKIN_V3,000001,4055,510,513,0.200,0.141,13.317,0.279,13.038,60,FWD,RUN,0.171,2.226,0.119,5.238,3.206,0.210,15.239,60,1.333,537,2.625,23.4
DATA,MOTOR_BREAKIN_V3,000001,4155,510,514,0.200,0.115,12.871,0.279,12.592,60,FWD,RUN,0.158,1.984,0.106,6.965,3.206,0.210,15.239,60,1.333,536,2.620,23.5
DATA,MOTOR_BREAKIN_V3,000001,4255,508,513,0.253,0.141,14.375,0.362,14.013,60,FWD,RUN,0.197,2.763,0.179,6.965,3.206,0.210,15.239,60,1.333,536,2.620,23.4
DATA,MOTOR_BREAKIN_V3,000001,4355,509,513,0.227,0.141,14.375,0.390,13.985,60,FWD,RUN,0.184,2.573,0.179,5.878,3.206,0.210,15.239,60,1.333,536,2.620,23.4
DATA,MOTOR_BREAKIN_V3,000001,4455,511,513,0.174,0.141,9.974,0.195,9.779,60,FWD,RUN,0.158,1.540,0.053,7.522,3.206,0.210,15.239,60,1.333,537,2.625,23.5
DATA,MOTOR_BREAKIN_V3,000001,4555,508,513,0.253,0.141,11.478,0.362,11.116,60,FWD,RUN,0.197,2.192,0.163,7.383,3.206,0.210,15.239,60,1.333,536,2.620,23.4
DATA,MOTOR_BREAKIN_V3,000001,4655,509,512,0.227,0.168,10.782,0.334,10.447,60,FWD,RUN,0.197,2.060,0.163,6.881,3.206,0.210,15.239,60,1.333,537,2.625,23.5
DATA,MOTOR_BREAKIN_V3,000001,4755,509,514,0.227,0.115,13.233,0.334,12.899,60,FWD,RUN,0.171,2.202,0.079,5.906,3.206,0.210,15.239,60,1.333,536,2.620,23.5
DATA,MOTOR_BREAKIN_V3,000001,4855,511,515,0.174,0.088,12.815,0.195,12.620,60,FWD,RUN,0.131,1.655,0.092,6.157,3.233,0.224,14.459,60,1.333,537,2.625,23.4
DATA,MOTOR_BREAKIN_V3,000001,4955,509,513,0.227,0.141,15.072,0.362,14.710,60,FWD,RUN,0.184,2.706,0.092,6.101,3.233,0.224,14.459,60,1.333,536,2.620,23.4
DATA,MOTOR_BREAKIN_V3,000001,5055,508,513,0.253,0.141,9.054,0.334,8.720,60,FWD,RUN,0.197,1.719,0.040,7.383,3.233,0.224,14.459,60,1.333,536,2.620,23.4
DATA,MOTOR_BREAKIN_V3,000001,5155,510,513,0.200,0.141,12.955,0.362,12.592,60,FWD,RUN,0.171,2.150,0.132,5.265,3.233,0.224,14.459,60,1.333,536,2.620,23.4
DATA,MOTOR_BREAKIN_V3,000001,5255,515,516,0.068,0.062,10.698,0.195,10.503,60,FWD,RUN,0.065,0.683,0.132,3.733,3.233,0.224,14.459,60,1.333,535,2.615,23.4
DATA,MOTOR_BREAKIN_V3,000001,5355,509,513,0.227,0.141,14.933,0.390,14.543,60,FWD,RUN,0.184,2.675,0.132,5.293,3.233,0.224,14.459,60,1.333,536,2.620,23.4
DATA,MOTOR_BREAKIN_V3,000001,5454,508,513,0.253,0.141,10.196,1.087,9.110,60,FWD,RUN,0.197,1.796,0.132,6.463,3.233,0.224,14.459,60,1.333,537,2.625,23.4
DATA,MOTOR_BREAKIN_V3,000001,5555,513,515,0.121,0.088,11.840,0.195,11.645,60,FWD,RUN,0.105,1.219,0.176,6.575,3.233,0.224,14.459,60,1.333,536,2.620,23.4
DATA,MOTOR_BREAKIN_V3,000001,5655,508,514,0.253,0.115,8.915,0.334,8.581,60,FWD,RUN,0.184,1.578,0.176,6.965,3.233,0.224,14.459,60,1.333,536,2.620,23.5
DATA,MOTOR_BREAKIN_V3,000001,5755,510,513,0.200,0.141,11.422,0.139,11.283,60,FWD,RUN,0.171,1.927,0.040,7.689,3.233,0.224,14.459,60,1.333,536,2.620,23.4
DATA,MOTOR_BREAKIN_V3,000001,5855,510,513,0.200,0.141,11.562,0.223,11.339,60,FWD,RUN,0.171,1.936,0.079,5.516,3.233,0.224,14.459,60,1.333,536,2.620,23.5
DATA,MOTOR_BREAKIN_V3,000001,5955,514,516,0.095,0.062,11.673,0.139,11.534,60,FWD,RUN,0.078,0.903,0.119,8.274,3.233,0.224,14.459,60,1.333,536,2.620,23.5
DATA,MOTOR_BREAKIN_V3,000001,6055,509,513,0.227,0.141,13.289,0.334,12.955,60,FWD,RUN,0.184,2.383,0.119,8.246,3.233,0.224,14.459,60,1.333,536,2.620,23.5
DATA,MOTOR_BREAKIN_V3,000001,6155,512,515,0.147,0.088,10.893,0.279,10.614,60,FWD,RUN,0.118,1.251,0.079,8.218,3.233,0.224,14.459,60,1.333,536,2.620,23.5
DATA,MOTOR_BREAKIN_V3,000001,6255,510,514,0.200,0.115,11.896,0.334,11.562,60,FWD,RUN,0.158,1.821,0.106,10.865,3.411,0.197,17.301,60,1.333,536,2.620,23.5
DATA,MOTOR_BREAKIN_V3,000001,6355,508,513,0.253,0.141,11.004,0.418,10.587,60,FWD,RUN,0.197,2.087,0.106,10.865,3.411,0.197,17.301,60,1.333,536,2.620,23.4
DATA,MOTOR_BREAKIN_V3,000001,6455,509,514,0.227,0.115,11.506,0.362,11.144,60,FWD,RUN,0.171,1.903,0.092,8.525,3.411,0.197,17.301,60,1.333,536,2.620,23.4
DATA,MOTOR_BREAKIN_V3,000001,6555,509,513,0.227,0.141,11.311,0.334,10.977,60,FWD,RUN,0.184,2.019,0.106,5.516,3.411,0.197,17.301,60,1.333,536,2.620,23.5
DATA,MOTOR_BREAKIN_V3,000001,6655,511,514,0.174,0.115,13.233,0.279,12.955,60,FWD,RUN,0.144,1.870,0.119,5.126,3.411,0.197,17.301,60,1.333,533,2.605,23.5
DATA,MOTOR_BREAKIN_V3,000001,6755,509,513,0.227,0.141,13.122,0.418,12.704,60,FWD,RUN,0.184,2.337,0.119,8.497,3.411,0.197,17.301,60,1.333,537,2.625,23.5
DATA,MOTOR_BREAKIN_V3,000001,6855,512,515,0.147,0.088,11.450,0.223,11.227,60,FWD,RUN,0.118,1.324,0.079,9.110,3.411,0.197,17.301,60,1.333,537,2.625,23.5
DATA,MOTOR_BREAKIN_V3,000001,6955,509,512,0.227,0.168,14.236,0.306,13.930,60,FWD,RUN,0.197,2.746,0.079,7.021,3.411,0.197,17.301,60,1.333,536,2.620,23.5
DATA,MOTOR_BREAKIN_V3,000001,7055,509,513,0.227,0.141,13.707,0.334,13.372,60,FWD,RUN,0.184,2.460,0.106,5.349,3.411,0.197,17.301,60,1.333,536,2.620,23.5
DATA,MOTOR_BREAKIN_V3,000001,7155,509,512,0.227,0.168,9.389,0.306,9.082,60,FWD,RUN,0.197,1.791,0.106,7.160,3.411,0.197,17.301,60,1.333,537,2.625,23.5
DATA,MOTOR_BREAKIN_V3,000001,7255,508,513,0.253,0.141,15.740,0.306,15.434,60,FWD,RUN,0.197,3.043,0.066,7.160,3.411,0.197,17.301,60,1.333,536,2.620,23.5
DATA,MOTOR_BREAKIN_V3,000001,7355,509,513,0.227,0.141,11.840,0.362,11.478,60,FWD,RUN,0.184,2.111,0.053,6.686,3.411,0.197,17.301,60,1.333,537,2.625,23.5
DATA,MOTOR_BREAKIN_V3,000001,7455,511,514,0.174,0.115,10.001,0.306,9.695,60,FWD,RUN,0.144,1.399,0.092,6.686,3.411,0.197,17.301,60,1.333,536,2.620,23.5
DATA,MOTOR_BREAKIN_V3,000001,7555,512,514,0.147,0.115,9.751,0.251,9.500,60,FWD,RUN,0.131,1.246,0.092,7.048,3.411,0.197,17.301,60,1.333,536,2.620,23.5
DATA,MOTOR_BREAKIN_V3,000001,7655,510,514,0.200,0.115,14.292,0.362,13.930,60,FWD,RUN,0.158,2.194,0.053,7.216,3.411,0.197,17.301,60,1.333,537,2.625,23.5
DATA,MOTOR_BREAKIN_V3,000001,7755,511,514,0.174,0.115,13.846,0.334,13.512,60,FWD,RUN,0.144,1.950,0.066,8.163,3.411,0.197,17.301,60,1.333,537,2.625,23.5
DATA,MOTOR_BREAKIN_V3,000001,7855,510,513,0.200,0.141,11.840,0.334,11.506,60,FWD,RUN,0.171,1.965,0.079,8.163,3.411,0.197,17.301,60,1.333,537,2.625,23.5
DATA,MOTOR_BREAKIN_V3,000001,7955,510,512,0.200,0.168,13.428,0.334,13.094,60,FWD,RUN,0.184,2.409,0.106,8.218,3.411,0.197,17.301,60,1.333,536,2.620,23.5
DATA,MOTOR_BREAKIN_V3,000001,8055,509,514,0.227,0.115,9.918,0.251,9.667,60,FWD,RUN,0.171,1.651,0.092,8.218,3.411,0.197,17.301,60,1.333,536,2.620,23.5
DATA,MOTOR_BREAKIN_V3,000001,8155,513,515,0.121,0.088,10.169,0.279,9.890,60,FWD,RUN,0.105,1.035,0.092,8.079,3.411,0.197,17.301,60,1.333,536,2.620,23.5
DATA,MOTOR_BREAKIN_V3,000001,8255,511,514,0.174,0.115,9.890,0.279,9.611,60,FWD,RUN,0.144,1.387,0.092,3.705,3.411,0.197,17.301,60,1.333,536,2.620,23.5
DATA,MOTOR_BREAKIN_V3,000001,8355,509,513,0.227,0.141,12.537,0.279,12.258,60,FWD,RUN,0.184,2.255,0.163,3.622,3.411,0.197,17.301,60,1.333,537,2.625,23.5
DATA,MOTOR_BREAKIN_V3,000001,8455,510,513,0.200,0.141,12.091,0.306,11.784,60,FWD,RUN,0.171,2.012,0.163,4.848,3.411,0.197,17.301,60,1.333,536,2.620,23.5
DATA,MOTOR_BREAKIN_V3,000001,8555,511,514,0.174,0.115,9.834,0.306,9.528,60,FWD,RUN,0.144,1.375,0.092,8.413,3.411,0.197,17.301,60,1.333,536,2.620,23.5
DATA,MOTOR_BREAKIN_V3,000001,8654,508,513,0.253,0.141,9.110,0.279,8.831,60,FWD,RUN,0.197,1.741,0.092,7.438,3.411,0.197,17.301,60,1.333,537,2.625,23.5
DATA,MOTOR_BREAKIN_V3,000001,8755,511,514,0.174,0.115,16.270,0.334,15.935,60,FWD,RUN,0.144,2.300,0.106,7.104,3.411,0.197,17.301,60,1.333,536,2.620,23.5
DATA,MOTOR_BREAKIN_V3,000001,8855,510,513,0.200,0.141,16.186,0.334,15.852,60,FWD,RUN,0.171,2.707,0.132,7.048,3.411,0.197,17.301,60,1.333,536,2.620,23.5
DATA,MOTOR_BREAKIN_V3,000001,8955,513,516,0.121,0.062,8.386,0.223,8.163,60,FWD,RUN,0.091,0.747,0.119,7.689,3.411,0.197,17.301,60,1.333,536,2.620,23.5
DATA,MOTOR_BREAKIN_V3,000001,9055,510,513,0.200,0.141,12.899,0.306,12.592,60,FWD,RUN,0.171,2.150,0.092,6.965,3.411,0.197,17.301,60,1.333,536,2.620,23.5
DATA,MOTOR_BREAKIN_V3,000001,9155,509,514,0.227,0.115,14.236,0.334,13.902,60,FWD,RUN,0.171,2.374,0.066,5.823,3.411,0.197,17.301,60,1.333,536,2.620,23.5
DATA,MOTOR_BREAKIN_V3,000001,9255,511,513,0.174,0.141,12.453,0.306,12.147,60,FWD,RUN,0.158,1.914,0.106,6.993,3.411,0.197,17.301,60,1.333,536,2.620,23.5
DATA,MOTOR_BREAKIN_V3,000001,9355,509,513,0.227,0.141,12.425,0.334,12.091,60,FWD,RUN,0.184,2.224,0.132,4.931,3.411,0.197,17.301,60,1.333,536,2.620,23.5
DATA,MOTOR_BREAKIN_V3,000001,9455,510,513,0.200,0.141,15.295,0.195,15.100,60,FWD,RUN,0.171,2.578,0.145,5.600,3.411,0.197,17.301,60,1.333,536,2.620,23.5
DATA,MOTOR_BREAKIN_V3,000001,9555,514,515,0.095,0.088,15.768,0.223,15.545,60,FWD,RUN,0.091,1.422,0.119,7.411,3.411,0.197,17.301,60,1.333,536,2.620,23.5
DATA,MOTOR_BREAKIN_V3,000001,9655,508,513,0.253,0.141,15.713,0.362,15.350,60,FWD,RUN,0.197,3.027,0.106,3.538,3.411,0.197,17.301,60,1.333,536,2.620,23.5
DATA,MOTOR_BREAKIN_V3,000001,9755,509,513,0.227,0.141,12.342,0.279,12.063,60,FWD,RUN,0.184,2.219,0.106,4.040,3.411,0.197,17.301,60,1.333,536,2.620,23.5
DATA,MOTOR_BREAKIN_V3,000001,9855,510,513,0.200,0.141,15.350,0.223,15.128,60,FWD,RUN,0.171,2.583,0.092,5.906,3.411,0.197,17.301,60,1.333,536,2.620,23.5
DATA,MOTOR_BREAKIN_V3,000001,9955,509,513,0.227,0.141,11.060,0.334,10.726,60,FWD,RUN,0.184,1.973,0.079,5.906,3.411,0.197,17.301,60,1.333,536,2.620,23.5
DATA,MOTOR_BREAKIN_V3,000001,10055,510,514,0.200,0.115,11.283,0.334,10.949,60,FWD,RUN,0.158,1.725,0.106,6.547,3.411,0.197,17.301,60,1.333,536,2.620,23.5
DATA,MOTOR_BREAKIN_V3,000001,10155,512,514,0.147,0.115,12.035,0.334,11.701,60,FWD,RUN,0.131,1.534,0.119,7.606,3.411,0.197,17.301,60,1.333,536,2.620,23.5
DATA,MOTOR_BREAKIN_V3,000001,10255,509,513,0.227,0.141,14.236,0.418,13.818,60,FWD,RUN,0.184,2.542,0.092,6.770,3.411,0.197,17.301,60,1.333,536,2.620,23.5
DATA,MOTOR_BREAKIN_V3,000001,10355,510,513,0.200,0.141,8.441,0.334,8.107,60,FWD,RUN,0.171,1.384,0.079,5.878,3.411,0.197,17.301,60,1.333,536,2.620,23.5
DATA,MOTOR_BREAKIN_V3,000001,10455,511,514,0.174,0.115,10.364,0.306,10.057,60,FWD,RUN,0.144,1.452,0.106,7.494,3.411,0.197,17.301,60,1.333,536,2.620,23.5
DATA,MOTOR_BREAKIN_V3,000001,10555,509,514,0.227,0.115,8.720,0.306,8.413,60,FWD,RUN,0.171,1.437,0.106,7.188,3.411,0.197,17.301,60,1.333,536,2.620,23.5
DATA,MOTOR_BREAKIN_V3,000001,10655,514,516,0.095,0.062,11.339,0.167,11.172,60,FWD,RUN,0.078,0.874,0.119,5.377,3.411,0.197,17.301,60,1.333,536,2.620,23.5
DATA,MOTOR_BREAKIN_V3,000001,10755,514,515,0.095,0.088,11.924,0.251,11.673,60,FWD,RUN,0.091,1.068,0.119,7.188,3.411,0.197,17.301,60,1.333,536,2.620,23.6
DATA,MOTOR_BREAKIN_V3,000001,10855,509,513,0.227,0.141,9.472,0.279,9.194,60,FWD,RUN,0.184,1.691,0.092,10.391,3.411,0.197,17.301,60,1.333,536,2.620,23.5
DATA,MOTOR_BREAKIN_V3,000001,10955,510,514,0.200,0.115,14.459,0.334,14.125,60,FWD,RUN,0.158,2.225,0.053,10.642,3.411,0.197,17.301,60,1.333,536,2.620,23.5
DATA,MOTOR_BREAKIN_V3,000001,11055,509,512,0.227,0.168,12.286,0.390,11.896,60,FWD,RUN,0.197,2.345,0.119,6.575,3.411,0.197,17.301,60,1.333,536,2.620,23.5
DATA,MOTOR_BREAKIN_V3,000001,11155,510,513,0.200,0.141,16.465,0.334,16.130,60,FWD,RUN,0.171,2.754,0.132,6.240,3.411,0.197,17.301,60,1.333,536,2.620,23.5
DATA,MOTOR_BREAKIN_V3,000001,11255,516,517,0.000,0.000,10.029,0.167,9.862,60,FWD,RUN,0.000,0.000,0.210,7.912,3.411,0.197,17.301,60,1.333,536,2.620,23.5
DATA,MOTOR_BREAKIN_V3,000001,11355,508,512,0.253,0.168,13.595,0.334,13.261,60,FWD,RUN,0.210,2.790,0.210,5.934,3.411,0.197,17.301,60,1.333,537,2.625,23.5
DATA,MOTOR_BREAKIN_V3,000001,11455,508,512,0.253,0.168,15.573,0.390,15.183,60,FWD,RUN,0.210,3.194,0.119,5.962,3.411,0.197,17.301,60,1.333,536,2.620,23.5
DATA,MOTOR_BREAKIN_V3,000001,11555,509,512,0.227,0.168,8.804,0.306,8.497,60,FWD,RUN,0.197,1.675,0.106,6.686,3.411,0.197,17.301,60,1.333,536,2.620,23.5
DATA,MOTOR_BREAKIN_V3,000001,11655,509,513,0.227,0.141,14.292,0.390,13.902,60,FWD,RUN,0.184,2.557,0.132,5.405,3.411,0.197,17.301,60,1.333,536,2.620,23.5
DATA,MOTOR_BREAKIN_V3,000001,11755,509,513,0.227,0.141,11.562,0.306,11.255,60,FWD,RUN,0.184,2.070,0.119,7.243,3.411,0.197,17.301,60,1.333,536,2.620,23.5
DATA,MOTOR_BREAKIN_V3,000001,11854,515,516,0.068,0.062,10.837,0.139,10.698,60,FWD,RUN,0.065,0.696,0.119,8.776,3.411,0.197,17.301,60,1.333,536,2.620,23.5
DATA,MOTOR_BREAKIN_V3,000001,11955,512,514,0.147,0.115,16.326,0.306,16.019,60,FWD,RUN,0.131,2.100,0.119,8.218,3.411,0.197,17.301,60,1.333,536,2.620,23.5
DATA,MOTOR_BREAKIN_V3,000001,12055,508,512,0.253,0.168,9.333,0.334,8.999,60,FWD,RUN,0.210,1.893,0.092,7.912,3.411,0.197,17.301,60,1.333,537,2.625,23.5
DATA,MOTOR_BREAKIN_V3,000001,12155,511,514,0.174,0.115,13.651,0.279,13.372,60,FWD,RUN,0.144,1.930,0.092,9.277,3.411,0.197,17.301,60,1.333,537,2.625,23.6
DATA,MOTOR_BREAKIN_V3,000001,12255,510,515,0.200,0.088,10.029,0.334,9.695,60,FWD,RUN,0.144,1.399,0.053,8.887,3.411,0.197,17.301,60,1.333,536,2.620,23.5
DATA,MOTOR_BREAKIN_V3,000001,12355,509,512,0.227,0.168,13.930,0.390,13.540,60,FWD,RUN,0.197,2.670,0.132,4.931,3.411,0.197,17.301,60,1.333,536,2.620,23.5
DATA,MOTOR_BREAKIN_V3,000001,12455,509,513,0.227,0.141,12.202,0.362,11.840,60,FWD,RUN,0.184,2.178,0.132,5.043,3.411,0.197,17.301,60,1.333,537,2.625,23.5
DATA,MOTOR_BREAKIN_V3,000001,12555,512,514,0.147,0.115,9.974,0.362,9.611,60,FWD,RUN,0.131,1.260,0.119,5.154,3.411,0.197,17.301,60,1.333,537,2.625,23.6
DATA,MOTOR_BREAKIN_V3,000001,12655,514,515,0.095,0.088,12.119,0.195,11.924,60,FWD,RUN,0.091,1.091,0.132,6.157,3.411,0.197,17.301,60,1.333,536,2.620,23.5
DATA,MOTOR_BREAKIN_V3,000001,12755,509,513,0.227,0.141,10.475,0.195,10.280,60,FWD,RUN,0.184,1.891,0.145,6.157,3.411,0.197,17.301,60,1.333,536,2.620,23.6
DATA,MOTOR_BREAKIN_V3,000001,12855,512,515,0.147,0.088,13.957,0.251,13.707,60,FWD,RUN,0.118,1.616,0.119,6.213,3.411,0.197,17.301,60,1.333,536,2.620,23.5
DATA,MOTOR_BREAKIN_V3,000001,12955,508,513,0.253,0.141,10.503,0.529,9.974,60,FWD,RUN,0.197,1.966,0.092,6.213,3.411,0.197,17.301,60,1.333,536,2.620,23.5
DATA,MOTOR_BREAKIN_V3,000001,13055,508,513,0.253,0.141,15.713,0.334,15.378,60,FWD,RUN,0.197,3.032,0.053,6.909,3.411,0.197,17.301,60,1.333,536,2.620,23.5
DATA,MOTOR_BREAKIN_V3,000001,13155,514,516,0.095,0.062,11.952,0.139,11.812,60,FWD,RUN,0.078,0.925,0.119,6.909,3.411,0.197,17.301,60,1.333,537,2.625,23.5
DATA,MOTOR_BREAKIN_V3,000001,13255,508,513,0.253,0.141,13.150,0.279,12.871,60,FWD,RUN,0.197,2.538,0.119,4.792,3.411,0.197,17.301,60,1.333,537,2.625,23.6
DATA,MOTOR_BREAKIN_V3,000001,13355,508,513,0.253,0.141,15.295,0.167,15.128,60,FWD,RUN,0.197,2.983,0.053,4.067,3.411,0.197,17.301,60,1.333,537,2.625,23.6
DATA,MOTOR_BREAKIN_V3,000001,13455,509,514,0.227,0.115,12.425,0.334,12.091,60,FWD,RUN,0.171,2.064,0.119,5.433,3.411,0.197,17.301,60,1.333,536,2.620,23.5
DATA,MOTOR_BREAKIN_V3,000001,13555,510,514,0.200,0.115,14.849,0.362,14.487,60,FWD,RUN,0.158,2.282,0.119,5.405,3.411,0.197,17.301,60,1.333,536,2.620,23.5
DATA,MOTOR_BREAKIN_V3,000001,13655,509,512,0.227,0.168,9.639,0.334,9.305,60,FWD,RUN,0.197,1.835,0.106,6.213,3.411,0.197,17.301,60,1.333,536,2.620,23.5
DATA,MOTOR_BREAKIN_V3,000001,13755,509,513,0.227,0.141,9.500,0.223,9.277,60,FWD,RUN,0.184,1.707,0.119,7.633,3.411,0.197,17.301,60,1.333,536,2.620,23.5
DATA,MOTOR_BREAKIN_V3,000001,13855,509,513,0.227,0.141,12.565,0.362,12.202,60,FWD,RUN,0.184,2.245,0.119,6.714,3.411,0.197,17.301,60,1.333,536,2.620,23.6
DATA,MOTOR_BREAKIN_V3,000001,13955,510,513,0.200,0.141,10.113,0.306,9.806,60,FWD,RUN,0.171,1.674,0.106,6.909,3.411,0.197,17.301,60,1.333,536,2.620,23.5
DATA,MOTOR_BREAKIN_V3,000001,14055,511,515,0.174,0.088,13.512,0.279,13.233,60,FWD,RUN,0.131,1.735,0.119,6.909,3.411,0.197,17.301,60,1.333,536,2.620,23.6
DATA,MOTOR_BREAKIN_V3,000001,14155,513,515,0.121,0.088,12.342,0.251,12.091,60,FWD,RUN,0.105,1.266,0.119,6.240,3.411,0.197,17.301,60,1.333,536,2.620,23.6
DATA,MOTOR_BREAKIN_V3,000001,14255,510,514,0.200,0.115,13.372,0.167,13.205,60,FWD,RUN,0.158,2.080,0.092,8.330,3.411,0.197,17.301,60,1.333,536,2.620,23.5
DATA,MOTOR_BREAKIN_V3,000001,14355,509,514,0.227,0.115,13.874,0.501,13.372,60,FWD,RUN,0.171,2.283,0.132,6.881,3.411,0.197,17.301,60,1.333,535,2.615,23.6
DATA,MOTOR_BREAKIN_V3,000001,14455,509,512,0.227,0.168,8.720,0.306,8.413,60,FWD,RUN,0.197,1.659,0.145,7.132,3.411,0.197,17.301,60,1.333,536,2.620,23.5
DATA,MOTOR_BREAKIN_V3,000001,14555,509,513,0.227,0.141,9.834,0.279,9.556,60,FWD,RUN,0.184,1.758,0.053,5.126,3.411,0.197,17.301,60,1.333,536,2.620,23.6
DATA,MOTOR_BREAKIN_V3,000001,14655,508,512,0.253,0.168,8.497,0.306,8.191,60,FWD,RUN,0.210,1.723,0.119,8.358,3.411,0.197,17.301,60,1.333,536,2.620,23.6
DATA,MOTOR_BREAKIN_V3,000001,14755,509,513,0.227,0.141,12.453,0.362,12.091,60,FWD,RUN,0.184,2.224,0.119,8.358,3.411,0.197,17.301,60,1.333,536,2.620,23.6
DATA,MOTOR_BREAKIN_V3,000001,14855,513,515,0.121,0.088,11.645,0.139,11.506,60,FWD,RUN,0.105,1.205,0.166,7.689,3.411,0.197,17.301,60,1.333,536,2.620,23.5
DATA,MOTOR_BREAKIN_V3,000001,14955,512,514,0.147,0.115,10.782,0.223,10.559,60,FWD,RUN,0.131,1.384,0.166,6.547,3.411,0.197,17.301,60,1.333,536,2.620,23.5
DATA,MOTOR_BREAKIN_V3,000001,15054,508,512,0.253,0.168,12.565,0.334,12.230,60,FWD,RUN,0.210,2.573,0.132,4.597,3.411,0.197,17.301,60,1.333,536,2.620,23.6
DATA,MOTOR_BREAKIN_V3,000001,15155,508,513,0.253,0.141,14.626,0.529,14.097,60,FWD,RUN,0.197,2.779,0.132,4.485,3.411,0.197,17.301,60,1.333,537,2.625,23.6
DATA,MOTOR_BREAKIN_V3,000001,15255,509,513,0.227,0.141,11.645,0.279,11.367,60,FWD,RUN,0.184,2.091,0.092,3.594,3.411,0.197,17.301,60,1.333,536,2.620,23.5
DATA,MOTOR_BREAKIN_V3,000001,15355,509,513,0.227,0.141,9.862,0.362,9.500,60,FWD,RUN,0.184,1.748,0.079,4.457,3.411,0.197,17.301,60,1.333,536,2.620,23.6
DATA,MOTOR_BREAKIN_V3,000001,15455,509,513,0.227,0.141,9.472,0.362,9.110,60,FWD,RUN,0.184,1.676,0.132,6.547,3.411,0.197,17.301,60,1.333,536,2.620,23.6
DATA,MOTOR_BREAKIN_V3,000001,15555,510,515,0.200,0.088,8.469,0.362,8.107,60,FWD,RUN,0.144,1.170,0.153,4.792,3.411,0.197,17.301,60,1.333,543,2.654,23.6
DATA,MOTOR_BREAKIN_V3,000001,15655,508,513,0.253,0.141,8.246,0.362,7.884,60,FWD,RUN,0.197,1.554,0.166,4.318,3.411,0.197,17.301,60,1.333,536,2.620,23.6
DATA,MOTOR_BREAKIN_V3,000001,15755,510,513,0.200,0.141,10.587,0.390,10.196,60,FWD,RUN,0.171,1.741,0.163,3.900,3.411,0.197,17.301,60,1.333,536,2.620,23.5
DATA,MOTOR_BREAKIN_V3,000001,15855,514,516,0.095,0.062,11.227,0.167,11.060,60,FWD,RUN,0.078,0.866,0.150,2.814,3.411,0.197,17.301,60,1.333,537,2.625,23.6
DATA,MOTOR_BREAKIN_V3,000001,15955,509,513,0.227,0.141,13.261,0.362,12.899,60,FWD,RUN,0.184,2.373,0.106,3.956,3.411,0.197,17.301,60,1.333,536,2.620,23.6
DATA,MOTOR_BREAKIN_V3,000001,16055,509,512,0.227,0.168,11.227,0.306,10.921,60,FWD,RUN,0.197,2.153,0.106,4.262,3.411,0.197,17.301,60,1.333,537,2.625,23.6
DATA,MOTOR_BREAKIN_V3,000001,16155,509,514,0.227,0.115,9.667,0.251,9.416,60,FWD,RUN,0.171,1.608,0.166,3.956,3.411,0.197,17.301,60,1.333,536,2.620,23.5
DATA,MOTOR_BREAKIN_V3,000001,16255,515,516,0.068,0.062,11.172,0.167,11.004,60,FWD,RUN,0.065,0.716,0.166,3.900,3.411,0.197,17.301,60,1.333,536,2.620,23.6
DATA,MOTOR_BREAKIN_V3,000001,16355,515,516,0.068,0.062,6.770,0.334,6.435,60,FWD,RUN,0.065,0.419,0.132,7.884,3.411,0.197,17.301,60,1.333,536,2.620,23.6
DATA,MOTOR_BREAKIN_V3,000001,16455,509,513,0.227,0.141,9.611,0.334,9.277,60,FWD,RUN,0.184,1.707,0.119,7.968,3.411,0.197,17.301,60,1.333,536,2.620,23.5
DATA,MOTOR_BREAKIN_V3,000001,16555,509,513,0.227,0.141,9.249,0.223,9.026,60,FWD,RUN,0.184,1.660,0.106,5.600,3.411,0.197,17.301,60,1.333,536,2.620,23.6
DATA,MOTOR_BREAKIN_V3,000001,16655,509,514,0.227,0.115,10.169,0.306,9.862,60,FWD,RUN,0.171,1.684,0.184,4.095,3.411,0.197,17.301,60,1.333,536,2.620,23.5
DATA,MOTOR_BREAKIN_V3,000001,16755,510,515,0.200,0.088,10.057,0.279,9.779,60,FWD,RUN,0.144,1.411,0.184,3.761,3.411,0.197,17.301,60,1.333,536,2.620,23.6
DATA,MOTOR_BREAKIN_V3,000001,16855,511,515,0.174,0.088,8.386,0.306,8.079,60,FWD,RUN,0.131,1.059,0.106,4.402,3.411,0.197,17.301,60,1.333,536,2.620,23.5
DATA,MOTOR_BREAKIN_V3,000001,16955,509,512,0.227,0.168,7.633,0.306,7.327,60,FWD,RUN,0.197,1.445,0.079,6.742,3.411,0.197,17.301,60,1.333,536,2.620,23.6
DATA,MOTOR_BREAKIN_V3,000001,17055,511,515,0.174,0.088,11.255,0.279,10.977,60,FWD,RUN,0.131,1.439,0.163,6.324,3.411,0.197,17.301,60,1.333,537,2.625,23.6
DATA,MOTOR_BREAKIN_V3,000001,17155,511,514,0.174,0.115,12.787,0.418,12.370,60,FWD,RUN,0.144,1.785,0.163,6.240,3.411,0.197,17.301,60,1.333,536,2.620,23.6
DATA,MOTOR_BREAKIN_V3,000001,17255,509,514,0.227,0.115,13.428,0.390,13.038,60,FWD,RUN,0.171,2.226,0.106,7.048,3.411,0.197,17.301,60,1.333,536,2.620,23.5
DATA,MOTOR_BREAKIN_V3,000001,17355,510,513,0.200,0.141,6.937,0.334,6.603,60,FWD,RUN,0.171,1.127,0.119,7.132,3.411,0.197,17.301,60,1.333,536,2.620,23.5
DATA,MOTOR_BREAKIN_V3,000001,17455,509,513,0.227,0.141,12.760,0.334,12.425,60,FWD,RUN,0.184,2.286,0.163,7.132,3.411,0.197,17.301,60,1.333,536,2.620,23.6
DATA,MOTOR_BREAKIN_V3,000001,17555,509,513,0.227,0.141,7.856,0.362,7.494,60,FWD,RUN,0.184,1.379,0.150,5.850,3.411,0.197,17.301,60,1.333,536,2.620,23.6
DATA,MOTOR_BREAKIN_V3,000001,17655,510,514,0.200,0.115,10.698,0.306,10.391,60,FWD,RUN,0.158,1.637,0.145,4.736,3.411,0.197,17.301,60,1.333,536,2.620,23.6
DATA,MOTOR_BREAKIN_V3,000001,17755,510,514,0.200,0.115,12.787,0.334,12.453,60,FWD,RUN,0.158,1.962,0.179,6.380,3.411,0.197,17.301,60,1.333,537,2.625,23.5
DATA,MOTOR_BREAKIN_V3,000001,17855,511,513,0.174,0.141,8.023,0.418,7.606,60,FWD,RUN,0.158,1.198,0.166,5.460,3.411,0.197,17.301,60,1.333,536,2.620,23.6
DATA,MOTOR_BREAKIN_V3,000001,17955,512,515,0.147,0.088,12.843,0.279,12.565,60,FWD,RUN,0.118,1.481,0.079,5.126,3.411,0.197,17.301,60,1.333,536,2.620,23.6
DATA,MOTOR_BREAKIN_V3,000001,18055,509,514,0.227,0.115,12.620,0.279,12.342,60,FWD,RUN,0.171,2.107,0.066,4.680,3.411,0.197,17.301,60,1.333,536,2.620,23.5
DATA,MOTOR_BREAKIN_V3,000001,18155,510,513,0.200,0.141,10.280,0.390,9.890,60,FWD,RUN,0.171,1.689,0.106,6.018,3.411,0.197,17.301,60,1.333,536,2.620,23.6
DATA,MOTOR_BREAKIN_V3,000001,18254,512,515,0.147,0.088,11.450,0.167,11.283,60,FWD,RUN,0.118,1.330,0.106,6.909,3.411,0.197,17.301,60,1.333,536,2.620,23.5
DATA,MOTOR_BREAKIN_V3,000001,18355,508,514,0.253,0.115,7.327,0.724,6.603,60,FWD,RUN,0.184,1.215,0.066,6.853,3.411,0.197,17.301,60,1.333,536,2.620,23.6
DATA,MOTOR_BREAKIN_V3,000001,18455,509,513,0.227,0.141,9.946,0.334,9.611,60,FWD,RUN,0.184,1.768,0.163,7.160,3.411,0.197,17.301,60,1.333,536,2.620,23.6
DATA,MOTOR_BREAKIN_V3,000001,18555,515,517,0.068,0.000,11.589,0.167,11.422,60,FWD,RUN,0.034,0.389,0.163,6.714,3.411,0.197,17.301,60,1.333,537,2.625,23.6
DATA,MOTOR_BREAKIN_V3,000001,18655,509,514,0.227,0.115,10.113,0.279,9.834,60,FWD,RUN,0.171,1.679,0.163,5.460,3.411,0.197,17.301,60,1.333,536,2.620,23.6
DATA,MOTOR_BREAKIN_V3,000001,18755,509,513,0.227,0.141,9.584,1.226,8.358,60,FWD,RUN,0.184,1.537,0.132,3.677,3.411,0.197,17.301,60,1.333,537,2.625,23.6
DATA,MOTOR_BREAKIN_V3,000001,18855,508,513,0.253,0.141,9.305,0.306,8.999,60,FWD,RUN,0.197,1.774,0.132,4.708,3.411,0.197,17.301,60,1.333,536,2.620,23.6
DATA,MOTOR_BREAKIN_V3,000001,18955,508,513,0.253,0.141,8.386,1.059,7.327,60,FWD,RUN,0.197,1.445,0.197,5.962,3.411,0.197,17.301,60,1.333,536,2.620,23.6
DATA,MOTOR_BREAKIN_V3,000001,19055,509,513,0.227,0.141,9.584,0.334,9.249,60,FWD,RUN,0.184,1.701,0.197,6.686,3.411,0.197,17.301,60,1.333,536,2.620,23.6
DATA,MOTOR_BREAKIN_V3,000001,19155,514,516,0.095,0.062,11.757,0.195,11.562,60,FWD,RUN,0.078,0.905,0.106,6.658,3.411,0.197,17.301,60,1.333,536,2.620,23.5
DATA,MOTOR_BREAKIN_V3,000001,19255,508,512,0.253,0.168,10.224,0.306,9.918,60,FWD,RUN,0.210,2.086,0.132,5.349,3.411,0.197,17.301,60,1.333,536,2.620,23.6
DATA,MOTOR_BREAKIN_V3,000001,19355,514,516,0.095,0.062,9.611,0.195,9.416,60,FWD,RUN,0.078,0.737,0.132,4.346,3.411,0.197,17.301,60,1.333,536,2.620,23.6
DATA,MOTOR_BREAKIN_V3,000001,19455,509,514,0.227,0.115,12.286,0.251,12.035,60,FWD,RUN,0.171,2.055,0.145,4.875,3.411,0.197,17.301,60,1.333,536,2.620,23.6
DATA,MOTOR_BREAKIN_V3,000001,19555,509,513,0.227,0.141,7.968,0.334,7.633,60,FWD,RUN,0.184,1.404,0.145,4.875,3.411,0.197,17.301,60,1.333,536,2.620,23.6
DATA,MOTOR_BREAKIN_V3,000001,19655,509,513,0.227,0.141,10.419,0.334,10.085,60,FWD,RUN,0.184,1.855,0.132,5.990,3.411,0.197,17.301,60,1.333,537,2.625,23.6
DATA,MOTOR_BREAKIN_V3,000001,19755,510,514,0.200,0.115,9.082,0.334,8.748,60,FWD,RUN,0.158,1.378,0.040,5.962,3.411,0.197,17.301,60,1.333,537,2.625,23.6
DATA,MOTOR_BREAKIN_V3,000001,19855,509,513,0.227,0.141,8.051,0.362,7.689,60,FWD,RUN,0.184,1.414,0.053,4.095,3.411,0.197,17.301,60,1.333,536,2.620,23.6
DATA,MOTOR_BREAKIN_V3,000001,19955,513,516,0.121,0.062,11.534,0.279,11.255,60,FWD,RUN,0.091,1.030,0.119,4.067,3.411,0.197,17.301,60,1.333,536,2.620,23.6
DATA,MOTOR_BREAKIN_V3,000001,20055,509,513,0.227,0.141,12.007,0.306,11.701,60,FWD,RUN,0.184,2.152,0.145,3.872,3.411,0.197,17.301,60,1.333,536,2.620,23.6
DATA,MOTOR_BREAKIN_V3,000001,20155,516,517,0.000,0.000,11.478,0.167,11.311,60,FWD,RUN,0.000,0.000,0.210,6.101,3.411,0.197,17.301,60,1.333,536,2.620,23.6
DATA,MOTOR_BREAKIN_V3,000001,20255,508,513,0.253,0.141,11.506,1.282,10.224,60,FWD,RUN,0.197,2.016,0.197,6.101,3.411,0.197,17.301,60,1.333,537,2.625,23.6
DATA,MOTOR_BREAKIN_V3,000001,20355,509,513,0.227,0.141,8.999,0.529,8.469,60,FWD,RUN,0.184,1.558,0.053,7.633,3.411,0.197,17.301,60,1.333,537,2.625,23.6
DATA,MOTOR_BREAKIN_V3,000001,20455,513,516,0.121,0.062,6.993,0.306,6.686,60,FWD,RUN,0.091,0.612,0.106,7.633,3.411,0.197,17.301,60,1.333,536,2.620,23.6
DATA,MOTOR_BREAKIN_V3,000001,20555,515,517,0.068,0.000,10.977,0.167,10.809,60,FWD,RUN,0.034,0.368,0.150,4.513,3.411,0.197,17.301,60,1.333,536,2.620,23.6
DATA,MOTOR_BREAKIN_V3,000001,20655,509,513,0.227,0.141,8.859,0.306,8.553,60,FWD,RUN,0.184,1.573,0.150,3.789,3.411,0.197,17.301,60,1.333,537,2.625,23.6
DATA,MOTOR_BREAKIN_V3,000001,20755,515,516,0.068,0.062,13.038,0.139,12.899,60,FWD,RUN,0.065,0.839,0.119,5.990,3.411,0.197,17.301,60,1.333,537,2.625,23.6
DATA,MOTOR_BREAKIN_V3,000001,20855,509,513,0.227,0.141,10.141,0.334,9.806,60,FWD,RUN,0.184,1.804,0.132,8.469,3.411,0.197,17.301,60,1.333,536,2.620,23.6
DATA,MOTOR_BREAKIN_V3,000001,20955,508,512,0.253,0.168,6.491,1.309,5.182,60,FWD,RUN,0.210,1.090,0.053,7.578,3.411,0.197,17.301,60,1.333,537,2.625,23.6
DATA,MOTOR_BREAKIN_V3,000001,21055,510,513,0.200,0.141,11.812,0.279,11.534,60,FWD,RUN,0.171,1.969,0.145,7.717,3.411,0.197,17.301,60,1.333,536,2.620,23.6
DATA,MOTOR_BREAKIN_V3,000001,21155,512,513,0.147,0.141,8.135,0.279,7.856,60,FWD,RUN,0.144,1.134,0.132,5.043,3.411,0.197,17.301,60,1.333,536,2.620,23.6
DATA,MOTOR_BREAKIN_V3,000001,21255,510,514,0.200,0.115,7.299,0.334,6.965,60,FWD,RUN,0.158,1.097,0.079,4.708,3.411,0.197,17.301,60,1.333,536,2.620,23.6
DATA,MOTOR_BREAKIN_V3,000001,21355,513,516,0.121,0.062,7.745,0.279,7.466,60,FWD,RUN,0.091,0.683,0.163,4.708,3.411,0.197,17.301,60,1.333,536,2.620,23.6
DATA,MOTOR_BREAKIN_V3,000001,21454,508,513,0.253,0.141,7.048,0.306,6.742,60,FWD,RUN,0.197,1.329,0.163,5.349,3.411,0.197,17.301,60,1.333,536,2.620,23.6
DATA,MOTOR_BREAKIN_V3,000001,21555,509,513,0.227,0.141,6.603,0.306,6.296,60,FWD,RUN,0.184,1.158,0.132,4.764,3.411,0.197,17.301,60,1.333,536,2.620,23.6
DATA,MOTOR_BREAKIN_V3,000001,21655,509,514,0.227,0.115,9.361,0.334,9.026,60,FWD,RUN,0.171,1.541,0.106,5.795,3.411,0.197,17.301,60,1.333,536,2.620,23.6
DATA,MOTOR_BREAKIN_V3,000001,21755,509,514,0.227,0.115,9.723,0.362,9.361,60,FWD,RUN,0.171,1.598,0.040,6.185,3.411,0.197,17.301,60,1.333,536,2.620,23.6
DATA,MOTOR_BREAKIN_V3,000001,21855,509,514,0.227,0.115,10.280,0.279,10.001,60,FWD,RUN,0.171,1.708,0.040,6.129,3.411,0.197,17.301,60,1.333,536,2.620,23.6
DATA,MOTOR_BREAKIN_V3,000001,21955,513,516,0.121,0.062,7.606,0.306,7.299,60,FWD,RUN,0.091,0.668,0.106,3.705,3.411,0.197,17.301,60,1.333,536,2.620,23.6
DATA,MOTOR_BREAKIN_V3,000001,22055,510,513,0.200,0.141,8.274,0.334,7.940,60,FWD,RUN,0.171,1.356,0.163,4.374,3.411,0.197,17.301,60,1.333,537,2.625,23.6
DATA,MOTOR_BREAKIN_V3,000001,22155,515,516,0.068,0.062,12.955,0.167,12.787,60,FWD,RUN,0.065,0.832,0.150,5.990,3.411,0.197,17.301,60,1.333,536,2.620,23.6
DATA,MOTOR_BREAKIN_V3,000001,22255,509,513,0.227,0.141,10.921,0.334,10.587,60,FWD,RUN,0.184,1.947,0.119,7.411,3.411,0.197,17.301,60,1.333,537,2.625,23.6
DATA,MOTOR_BREAKIN_V3,000001,22355,508,513,0.253,0.141,9.806,0.418,9.389,60,FWD,RUN,0.197,1.851,0.119,7.411,3.411,0.197,17.301,60,1.333,536,2.620,23.6
DATA,MOTOR_BREAKIN_V3,000001,22455,510,513,0.200,0.141,10.670,0.334,10.336,60,FWD,RUN,0.171,1.765,0.132,4.235,3.411,0.197,17.301,60,1.333,536,2.620,23.6
DATA,MOTOR_BREAKIN_V3,000001,22555,510,515,0.200,0.088,10.391,0.362,10.029,60,FWD,RUN,0.144,1.447,0.176,4.708,3.411,0.197,17.301,60,1.333,536,2.620,23.6
DATA,MOTOR_BREAKIN_V3,000001,22655,512,516,0.147,0.062,6.519,0.279,6.240,60,FWD,RUN,0.105,0.653,0.163,6.073,3.411,0.197,17.301,60,1.333,536,2.620,23.6
DATA,MOTOR_BREAKIN_V3,000001,22755,511,513,0.174,0.141,7.216,0.334,6.881,60,FWD,RUN,0.158,1.084,0.119,6.770,3.411,0.197,17.301,60,1.333,536,2.620,23.6
DATA,MOTOR_BREAKIN_V3,000001,22855,509,514,0.227,0.115,7.438,0.362,7.076,60,FWD,RUN,0.171,1.208,0.150,7.383,3.411,0.197,17.301,60,1.333,536,2.620,23.6
DATA,MOTOR_BREAKIN_V3,000001,22955,511,514,0.174,0.115,11.868,0.195,11.673,60,FWD,RUN,0.144,1.685,0.150,6.770,3.411,0.197,17.301,60,1.333,536,2.620,23.5
DATA,MOTOR_BREAKIN_V3,000001,23055,516,516,0.000,0.062,11.088,0.167,10.921,60,FWD,RUN,0.031,0.339,0.153,7.438,3.411,0.197,17.301,60,1.333,536,2.620,23.6
DATA,MOTOR_BREAKIN_V3,000001,23155,515,516,0.068,0.062,11.506,0.167,11.339,60,FWD,RUN,0.065,0.738,0.166,7.048,3.411,0.197,17.301,60,1.333,537,2.625,23.6
DATA,MOTOR_BREAKIN_V3,000001,23255,510,513,0.200,0.141,5.906,0.279,5.628,60,FWD,RUN,0.171,0.961,0.145,6.770,3.411,0.197,17.301,60,1.333,536,2.620,23.6
DATA,MOTOR_BREAKIN_V3,000001,23355,510,514,0.200,0.115,5.293,0.306,4.987,60,FWD,RUN,0.158,0.786,0.145,7.411,3.411,0.197,17.301,60,1.333,536,2.620,23.6
DATA,MOTOR_BREAKIN_V3,000001,23455,509,514,0.227,0.115,7.550,0.334,7.216,60,FWD,RUN,0.171,1.232,0.119,6.129,3.411,0.197,17.301,60,1.333,536,2.620,23.6
DATA,MOTOR_BREAKIN_V3,000001,23555,509,513,0.227,0.141,8.441,0.334,8.107,60,FWD,RUN,0.184,1.491,0.119,6.826,3.411,0.197,17.301,60,1.333,536,2.620,23.6
DATA,MOTOR_BREAKIN_V3,000001,23655,516,516,0.000,0.062,9.862,0.195,9.667,60,FWD,RUN,0.031,0.300,0.179,6.213,3.411,0.197,17.301,60,1.333,536,2.620,23.6
DATA,MOTOR_BREAKIN_V3,000001,23755,509,513,0.227,0.141,8.525,0.362,8.163,60,FWD,RUN,0.184,1.502,0.166,6.296,3.411,0.197,17.301,60,1.333,536,2.620,23.6
DATA,MOTOR_BREAKIN_V3,000001,23855,509,514,0.227,0.115,6.463,0.223,6.240,60,FWD,RUN,0.171,1.066,0.106,4.123,3.411,0.197,17.301,60,1.333,536,2.620,23.6
DATA,MOTOR_BREAKIN_V3,000001,23955,509,513,0.227,0.141,8.887,0.334,8.553,60,FWD,RUN,0.184,1.573,0.150,3.287,3.411,0.197,17.301,60,1.333,537,2.625,23.6
DATA,MOTOR_BREAKIN_V3,000001,24055,509,513,0.227,0.141,11.116,0.362,10.754,60,FWD,RUN,0.184,1.978,0.150,5.265,3.411,0.197,17.301,60,1.333,536,2.620,23.6
DATA,MOTOR_BREAKIN_V3,000001,24155,508,514,0.253,0.115,9.277,0.334,8.943,60,FWD,RUN,0.184,1.645,0.119,5.265,3.411,0.197,17.301,60,1.333,537,2.625,23.6
DATA,MOTOR_BREAKIN_V3,000001,24255,509,513,0.227,0.141,8.804,0.362,8.441,60,FWD,RUN,0.184,1.553,0.132,5.321,3.411,0.197,17.301,60,1.333,536,2.620,23.6
DATA,MOTOR_BREAKIN_V3,000001,24355,511,515,0.174,0.088,7.940,0.306,7.633,60,FWD,RUN,0.131,1.001,0.119,8.135,3.411,0.197,17.301,60,1.333,536,2.620,23.6
DATA,MOTOR_BREAKIN_V3,000001,24455,510,514,0.200,0.115,7.299,0.306,6.993,60,FWD,RUN,0.158,1.102,0.176,8.135,3.411,0.197,17.301,60,1.333,537,2.625,23.6
DATA,MOTOR_BREAKIN_V3,000001,24555,511,514,0.174,0.115,6.519,0.418,6.101,60,FWD,RUN,0.144,0.881,0.176,4.430,3.411,0.197,17.301,60,1.333,536,2.620,23.6
DATA,MOTOR_BREAKIN_V3,000001,24654,512,514,0.147,0.115,5.739,0.306,5.433,60,FWD,RUN,0.131,0.712,0.106,4.485,3.411,0.197,17.301,60,1.333,536,2.620,23.6
DATA,MOTOR_BREAKIN_V3,000001,24755,509,513,0.227,0.141,9.361,0.334,9.026,60,FWD,RUN,0.184,1.660,0.119,4.095,3.411,0.197,17.301,60,1.333,536,2.620,23.6
DATA,MOTOR_BREAKIN_V3,000001,24855,510,514,0.200,0.115,9.500,0.306,9.194,60,FWD,RUN,0.158,1.448,0.092,5.795,3.411,0.197,17.301,60,1.333,536,2.620,23.6
DATA,MOTOR_BREAKIN_V3,000001,24955,509,513,0.227,0.141,9.528,0.418,9.110,60,FWD,RUN,0.184,1.676,0.092,5.795,3.411,0.197,17.301,60,1.333,536,2.620,23.6
DATA,MOTOR_BREAKIN_V3,000001,25055,513,515,0.121,0.088,7.968,0.139,7.828,60,FWD,RUN,0.105,0.820,0.106,5.070,3.411,0.197,17.301,60,1.333,536,2.620,23.6
DATA,MOTOR_BREAKIN_V3,000001,25155,510,513,0.200,0.141,7.773,0.362,7.411,60,FWD,RUN,0.171,1.265,0.092,4.513,3.411,0.197,17.301,60,1.333,535,2.615,23.6
DATA,MOTOR_BREAKIN_V3,000001,25255,509,513,0.227,0.141,9.444,0.334,9.110,60,FWD,RUN,0.184,1.676,0.197,3.622,3.411,0.197,17.301,60,1.333,537,2.625,23.6
DATA,MOTOR_BREAKIN_V3,000001,25355,510,514,0.200,0.115,5.906,0.306,5.600,60,FWD,RUN,0.158,0.882,0.197,3.956,3.411,0.197,17.301,60,1.333,537,2.625,23.6
DATA,MOTOR_BREAKIN_V3,000001,25455,510,515,0.200,0.088,10.224,0.418,9.806,60,FWD,RUN,0.144,1.415,0.150,5.767,3.411,0.197,17.301,60,1.333,536,2.620,23.6
DATA,MOTOR_BREAKIN_V3,000001,25555,510,514,0.200,0.115,10.196,0.334,9.862,60,FWD,RUN,0.158,1.554,0.123,6.213,3.411,0.197,17.301,60,1.333,536,2.620,23.6
DATA,MOTOR_BREAKIN_V3,000001,25655,514,516,0.095,0.062,4.848,0.223,4.625,60,FWD,RUN,0.078,0.362,0.092,5.628,3.411,0.197,17.301,60,1.333,536,2.620,23.6
DATA,MOTOR_BREAKIN_V3,000001,25755,509,514,0.227,0.115,6.826,0.306,6.519,60,FWD,RUN,0.171,1.113,0.137,4.402,3.411,0.197,17.301,60,1.333,536,2.620,23.6
DATA,MOTOR_BREAKIN_V3,000001,25855,510,515,0.200,0.088,7.606,0.223,7.383,60,FWD,RUN,0.144,1.066,0.137,4.040,3.411,0.197,17.301,60,1.333,536,2.620,23.6
DATA,MOTOR_BREAKIN_V3,000001,25955,510,514,0.200,0.115,6.045,0.195,5.850,60,FWD,RUN,0.158,0.922,0.092,5.182,3.411,0.197,17.301,60,1.333,537,2.625,23.6
DATA,MOTOR_BREAKIN_V3,000001,26055,508,512,0.253,0.168,8.999,0.279,8.720,60,FWD,RUN,0.210,1.834,0.119,5.182,3.411,0.197,17.301,60,1.333,536,2.620,23.6
DATA,MOTOR_BREAKIN_V3,000001,26155,510,513,0.200,0.141,7.522,0.362,7.160,60,FWD,RUN,0.171,1.223,0.119,6.268,3.411,0.197,17.301,60,1.333,536,2.620,23.6
DATA,MOTOR_BREAKIN_V3,000001,26255,511,515,0.174,0.088,6.603,0.306,6.296,60,FWD,RUN,0.131,0.826,0.119,6.268,3.411,0.197,17.301,60,1.333,537,2.625,23.6
DATA,MOTOR_BREAKIN_V3,000001,26355,512,515,0.147,0.088,9.862,0.306,9.556,60,FWD,RUN,0.118,1.127,0.079,5.015,3.411,0.197,17.301,60,1.333,536,2.620,23.6
DATA,MOTOR_BREAKIN_V3,000001,26455,513,516,0.121,0.062,6.714,0.195,6.519,60,FWD,RUN,0.091,0.596,0.106,5.015,3.411,0.197,17.301,60,1.333,536,2.620,23.6
DATA,MOTOR_BREAKIN_V3,000001,26555,508,513,0.253,0.141,10.949,0.752,10.196,60,FWD,RUN,0.197,2.010,0.132,6.240,3.411,0.197,17.301,60,1.333,537,2.625,23.6
DATA,MOTOR_BREAKIN_V3,000001,26655,510,513,0.200,0.141,9.194,0.334,8.859,60,FWD,RUN,0.171,1.513,0.132,6.240,3.411,0.197,17.301,60,1.333,536,2.620,23.6
DATA,MOTOR_BREAKIN_V3,000001,26755,509,513,0.227,0.141,11.422,0.306,11.116,60,FWD,RUN,0.184,2.045,0.132,4.067,3.411,0.197,17.301,60,1.333,537,2.625,23.6
DATA,MOTOR_BREAKIN_V3,000001,26855,512,514,0.147,0.115,10.865,0.334,10.531,60,FWD,RUN,0.131,1.381,0.132,7.243,3.411,0.197,17.301,60,1.333,536,2.620,23.6
DATA,MOTOR_BREAKIN_V3,000001,26955,508,512,0.253,0.168,11.896,1.532,10.364,60,FWD,RUN,0.210,2.180,0.106,6.658,3.411,0.197,17.301,60,1.333,536,2.620,23.6
DATA,MOTOR_BREAKIN_V3,000001,27055,508,514,0.253,0.115,8.525,0.864,7.661,60,FWD,RUN,0.184,1.409,0.145,5.711,3.411,0.197,17.301,60,1.333,537,2.625,23.6
DATA,MOTOR_BREAKIN_V3,000001,27155,511,515,0.174,0.088,7.801,0.306,7.494,60,FWD,RUN,0.131,0.983,0.119,4.374,3.411,0.197,17.301,60,1.333,537,2.625,23.6
DATA,MOTOR_BREAKIN_V3,000001,27255,516,517,0.000,0.000,7.633,0.167,7.466,60,FWD,RUN,0.000,0.000,0.184,3.872,3.411,0.197,17.301,60,1.333,536,2.620,23.6
DATA,MOTOR_BREAKIN_V3,000001,27355,508,513,0.253,0.141,6.630,0.251,6.380,60,FWD,RUN,0.197,1.258,0.197,4.457,3.411,0.197,17.301,60,1.333,536,2.620,23.6
DATA,MOTOR_BREAKIN_V3,000001,27455,509,514,0.227,0.115,7.299,0.251,7.048,60,FWD,RUN,0.171,1.203,0.197,5.293,3.411,0.197,17.301,60,1.333,537,2.625,23.6
DATA,MOTOR_BREAKIN_V3,000001,27555,511,514,0.174,0.115,10.726,0.306,10.419,60,FWD,RUN,0.144,1.504,0.092,5.795,3.411,0.197,17.301,60,1.333,537,2.625,23.6
DATA,MOTOR_BREAKIN_V3,000001,27655,509,514,0.227,0.115,7.968,0.334,7.633,60,FWD,RUN,0.171,1.303,0.092,6.463,3.411,0.197,17.301,60,1.333,536,2.620,23.6
DATA,MOTOR_BREAKIN_V3,000001,27755,509,512,0.227,0.168,6.686,0.362,6.324,60,FWD,RUN,0.197,1.247,0.092,7.383,3.411,0.197,17.301,60,1.333,536,2.620,23.6
DATA,MOTOR_BREAKIN_V3,000001,27854,509,513,0.227,0.141,10.447,0.279,10.169,60,FWD,RUN,0.184,1.871,0.132,7.104,3.411,0.197,17.301,60,1.333,537,2.625,23.6
DATA,MOTOR_BREAKIN_V3,000001,27955,512,515,0.147,0.088,10.921,0.279,10.642,60,FWD,RUN,0.118,1.255,0.150,4.708,3.411,0.197,17.301,60,1.333,536,2.620,23.6
DATA,MOTOR_BREAKIN_V3,000001,28055,513,515,0.121,0.088,9.054,0.279,8.776,60,FWD,RUN,0.105,0.919,0.163,3.538,3.411,0.197,17.301,60,1.333,536,2.620,23.6
DATA,MOTOR_BREAKIN_V3,000001,28155,510,514,0.200,0.115,7.884,0.474,7.411,60,FWD,RUN,0.158,1.167,0.163,5.488,3.411,0.197,17.301,60,1.333,536,2.620,23.6
DATA,MOTOR_BREAKIN_V3,000001,28255,509,513,0.227,0.141,5.544,0.195,5.349,60,FWD,RUN,0.184,0.984,0.163,9.361,3.411,0.197,17.301,60,1.333,536,2.620,23.6
DATA,MOTOR_BREAKIN_V3,000001,28355,511,514,0.174,0.115,6.380,0.306,6.073,60,FWD,RUN,0.144,0.877,0.106,8.636,3.411,0.197,17.301,60,1.333,536,2.620,23.6
DATA,MOTOR_BREAKIN_V3,000001,28455,509,513,0.227,0.141,11.116,0.390,10.726,60,FWD,RUN,0.184,1.973,0.106,4.652,3.411,0.197,17.301,60,1.333,536,2.620,23.6
DATA,MOTOR_BREAKIN_V3,000001,28555,508,512,0.253,0.168,8.023,0.864,7.160,60,FWD,RUN,0.210,1.506,0.145,5.265,3.411,0.197,17.301,60,1.333,536,2.620,23.6
DATA,MOTOR_BREAKIN_V3,000001,28655,512,514,0.147,0.115,9.305,0.251,9.054,60,FWD,RUN,0.131,1.187,0.145,3.733,3.411,0.197,17.301,60,1.333,536,2.620,23.6
DATA,MOTOR_BREAKIN_V3,000001,28755,511,513,0.174,0.141,8.609,0.334,8.274,60,FWD,RUN,0.158,1.303,0.119,4.346,3.411,0.197,17.301,60,1.333,536,2.620,23.6
DATA,MOTOR_BREAKIN_V3,000001,28855,512,515,0.147,0.088,7.884,0.279,7.606,60,FWD,RUN,0.118,0.897,0.079,4.987,3.411,0.197,17.301,60,1.333,536,2.620,23.6
DATA,MOTOR_BREAKIN_V3,000001,28955,510,515,0.200,0.088,11.032,0.446,10.587,60,FWD,RUN,0.144,1.528,0.106,5.795,3.411,0.197,17.301,60,1.333,536,2.620,23.6
DATA,MOTOR_BREAKIN_V3,000001,29055,508,513,0.253,0.141,5.878,0.362,5.516,60,FWD,RUN,0.197,1.088,0.119,5.878,3.411,0.197,17.301,60,1.333,536,2.620,23.6
DATA,MOTOR_BREAKIN_V3,000001,29155,510,513,0.200,0.141,11.729,0.279,11.450,60,FWD,RUN,0.171,1.955,0.163,6.018,3.411,0.197,17.301,60,1.333,536,2.620,23.6
DATA,MOTOR_BREAKIN_V3,000001,29255,509,512,0.227,0.168,11.952,0.279,11.673,60,FWD,RUN,0.197,2.302,0.163,7.438,3.411,0.197,17.301,60,1.333,536,2.620,23.6
DATA,MOTOR_BREAKIN_V3,000001,29355,510,512,0.200,0.168,9.026,0.334,8.692,60,FWD,RUN,0.184,1.599,0.119,7.438,3.411,0.197,17.301,60,1.333,536,2.620,23.6
DATA,MOTOR_BREAKIN_V3,000001,29455,509,514,0.227,0.115,10.364,0.251,10.113,60,FWD,RUN,0.171,1.727,0.106,4.764,3.411,0.197,17.301,60,1.333,537,2.625,23.6
DATA,MOTOR_BREAKIN_V3,000001,29555,508,513,0.253,0.141,10.809,0.418,10.391,60,FWD,RUN,0.197,2.049,0.106,3.845,3.411,0.197,17.301,60,1.333,537,2.625,23.6
DATA,MOTOR_BREAKIN_V3,000001,29655,509,513,0.227,0.141,7.355,0.390,6.965,60,FWD,RUN,0.184,1.281,0.092,3.845,3.411,0.197,17.301,60,1.333,536,2.620,23.6
DATA,MOTOR_BREAKIN_V3,000001,29755,509,514,0.227,0.115,7.661,0.334,7.327,60,FWD,RUN,0.171,1.251,0.184,3.594,3.411,0.197,17.301,60,1.333,536,2.620,23.6
DATA,MOTOR_BREAKIN_V3,000001,29855,514,515,0.095,0.088,9.918,0.251,9.667,60,FWD,RUN,0.091,0.884,0.171,3.900,3.411,0.197,17.301,60,1.333,536,2.620,23.6
DATA,MOTOR_BREAKIN_V3,000001,29955,514,516,0.095,0.062,9.166,0.195,8.971,60,FWD,RUN,0.078,0.702,0.106,5.628,3.411,0.197,17.301,60,1.333,536,2.620,23.6
DATA,MOTOR_BREAKIN_V3,000001,30055,508,513,0.253,0.141,10.865,0.251,10.614,60,FWD,RUN,0.197,2.093,0.197,5.015,3.411,0.197,17.301,60,1.333,536,2.620,23.6
DATA,MOTOR_BREAKIN_V3,000001,30155,512,516,0.147,0.062,8.413,0.306,8.107,60,FWD,RUN,0.105,0.849,0.197,4.680,3.411,0.197,17.301,60,1.333,536,2.620,23.6
DATA,MOTOR_BREAKIN_V3,000001,30255,514,516,0.095,0.062,9.249,0.167,9.082,60,FWD,RUN,0.078,0.711,0.106,7.132,3.411,0.197,17.301,60,1.333,536,2.620,23.6
DATA,MOTOR_BREAKIN_V3,000001,30355,509,513,0.227,0.141,6.630,0.362,6.268,60,FWD,RUN,0.184,1.153,0.119,6.073,3.411,0.197,17.301,60,1.333,536,2.620,23.6
DATA,MOTOR_BREAKIN_V3,000001,30455,508,513,0.253,0.141,9.974,1.449,8.525,60,FWD,RUN,0.197,1.681,0.119,5.210,3.411,0.197,17.301,60,1.333,536,2.620,23.6
DATA,MOTOR_BREAKIN_V3,000001,30555,509,513,0.227,0.141,11.701,0.279,11.422,60,FWD,RUN,0.184,2.101,0.119,5.043,3.411,0.197,17.301,60,1.333,536,2.620,23.6
DATA,MOTOR_BREAKIN_V3,000001,30655,511,514,0.174,0.115,11.673,0.167,11.506,60,FWD,RUN,0.144,1.661,0.150,6.798,3.411,0.197,17.301,60,1.333,537,2.625,23.6
DATA,MOTOR_BREAKIN_V3,000001,30755,509,513,0.227,0.141,7.940,0.474,7.466,60,FWD,RUN,0.184,1.373,0.150,6.408,3.411,0.197,17.301,60,1.333,536,2.620,23.6
DATA,MOTOR_BREAKIN_V3,000001,30855,511,515,0.174,0.088,9.890,0.501,9.389,60,FWD,RUN,0.131,1.231,0.132,5.767,3.411,0.197,17.301,60,1.333,536,2.620,23.6
DATA,MOTOR_BREAKIN_V3,000001,30955,509,513,0.227,0.141,12.035,0.279,11.757,60,FWD,RUN,0.184,2.163,0.210,4.931,3.411,0.197,17.301,60,1.333,536,2.620,23.6
DATA,MOTOR_BREAKIN_V3,000001,31054,514,516,0.095,0.062,8.859,0.223,8.636,60,FWD,RUN,0.078,0.676,0.184,4.067,3.411,0.197,17.301,60,1.333,536,2.620,23.6
DATA,MOTOR_BREAKIN_V3,000001,31155,514,517,0.095,0.000,10.949,0.111,10.837,60,FWD,RUN,0.047,0.512,0.150,5.293,3.411,0.197,17.301,60,1.333,536,2.620,23.6
DATA,MOTOR_BREAKIN_V3,000001,31255,508,513,0.253,0.141,12.258,0.279,11.979,60,FWD,RUN,0.197,2.362,0.150,6.435,3.411,0.197,17.301,60,1.333,536,2.620,23.6
DATA,MOTOR_BREAKIN_V3,000001,31355,509,513,0.227,0.141,10.698,0.306,10.391,60,FWD,RUN,0.184,1.912,0.066,6.157,3.411,0.197,17.301,60,1.333,537,2.625,23.6
DATA,MOTOR_BREAKIN_V3,000001,31455,510,513,0.200,0.141,8.553,0.306,8.246,60,FWD,RUN,0.171,1.408,0.026,5.265,3.411,0.197,17.301,60,1.333,536,2.620,23.6
DATA,MOTOR_BREAKIN_V3,000001,31555,510,513,0.200,0.141,7.494,0.334,7.160,60,FWD,RUN,0.171,1.223,0.066,5.015,3.411,0.197,17.301,60,1.333,536,2.620,23.6
DATA,MOTOR_BREAKIN_V3,000001,31655,516,517,0.000,0.000,10.754,0.139,10.614,60,FWD,RUN,0.000,0.000,0.184,4.207,3.411,0.197,17.301,60,1.333,536,2.620,23.6
DATA,MOTOR_BREAKIN_V3,000001,31755,511,514,0.174,0.115,7.968,0.279,7.689,60,FWD,RUN,0.144,1.110,0.184,4.541,3.411,0.197,17.301,60,1.333,536,2.620,23.6
DATA,MOTOR_BREAKIN_V3,000001,31855,515,516,0.068,0.062,6.435,0.195,6.240,60,FWD,RUN,0.065,0.406,0.197,5.377,3.411,0.197,17.301,60,1.333,536,2.620,23.6
DATA,MOTOR_BREAKIN_V3,000001,31955,510,512,0.200,0.168,7.968,0.334,7.633,60,FWD,RUN,0.184,1.404,0.197,5.210,3.411,0.197,17.301,60,1.333,536,2.620,23.5
DATA,MOTOR_BREAKIN_V3,000001,32055,509,513,0.227,0.141,7.996,0.334,7.661,60,FWD,RUN,0.184,1.409,0.106,4.541,3.411,0.197,17.301,60,1.333,536,2.620,23.6
OK
DATA,MOTOR_BREAKIN_V3,000001,32155,508,512,0.253,0.168,5.990,0.390,5.600,63,FWD,RUN,0.210,1.178,0.132,6.324,3.411,0.197,17.301,60,1.333,537,2.625,23.6
DATA,MOTOR_BREAKIN_V3,000001,32255,509,514,0.227,0.115,9.138,0.446,8.692,63,FWD,RUN,0.171,1.484,0.145,6.324,3.411,0.197,17.301,60,1.333,537,2.625,23.6
DATA,MOTOR_BREAKIN_V3,000001,32355,509,513,0.227,0.141,5.628,0.446,5.182,63,FWD,RUN,0.184,0.953,0.145,6.770,3.411,0.197,17.301,60,1.333,536,2.620,23.6
DATA,MOTOR_BREAKIN_V3,000001,32455,508,513,0.253,0.141,8.581,0.279,8.302,63,FWD,RUN,0.197,1.637,0.040,6.965,3.411,0.197,17.301,60,1.333,536,2.620,23.6
DATA,MOTOR_BREAKIN_V3,000001,32555,510,514,0.200,0.115,7.411,0.334,7.076,63,FWD,RUN,0.158,1.115,0.053,6.798,3.411,0.197,17.301,60,1.333,537,2.625,23.6
DATA,MOTOR_BREAKIN_V3,000001,32655,508,512,0.253,0.168,10.447,0.390,10.057,63,FWD,RUN,0.210,2.116,0.145,5.043,3.411,0.197,17.301,60,1.333,537,2.625,23.6
DATA,MOTOR_BREAKIN_V3,000001,32755,509,513,0.227,0.141,6.380,0.334,6.045,63,FWD,RUN,0.184,1.112,0.145,4.374,3.411,0.197,17.301,60,1.333,537,2.625,23.6
DATA,MOTOR_BREAKIN_V3,000001,32855,509,512,0.227,0.168,11.367,0.390,10.977,63,FWD,RUN,0.197,2.164,0.092,5.683,3.411,0.197,17.301,60,1.333,536,2.620,23.6
DATA,MOTOR_BREAKIN_V3,000001,32955,514,515,0.095,0.088,11.088,0.195,10.893,63,FWD,RUN,0.091,0.997,0.119,6.491,3.411,0.197,17.301,60,1.333,536,2.620,23.6
DATA,MOTOR_BREAKIN_V3,000001,33055,508,512,0.253,0.168,12.927,0.975,11.952,63,FWD,RUN,0.210,2.514,0.119,5.265,3.411,0.197,17.301,60,1.333,536,2.620,23.6
DATA,MOTOR_BREAKIN_V3,000001,33155,508,513,0.253,0.141,12.035,0.418,11.617,63,FWD,RUN,0.197,2.291,0.079,5.265,3.411,0.197,17.301,60,1.333,536,2.620,23.6
DATA,MOTOR_BREAKIN_V3,000001,33255,508,513,0.253,0.141,12.230,0.334,11.896,63,FWD,RUN,0.197,2.345,0.040,4.430,3.411,0.197,17.301,60,1.333,537,2.625,23.6
DATA,MOTOR_BREAKIN_V3,000001,33355,510,513,0.200,0.141,12.760,0.418,12.342,63,FWD,RUN,0.171,2.107,0.053,5.265,3.411,0.197,17.301,60,1.333,537,2.625,23.6
DATA,MOTOR_BREAKIN_V3,000001,33455,510,514,0.200,0.115,6.798,0.334,6.463,63,FWD,RUN,0.158,1.018,0.066,5.878,3.411,0.197,17.301,60,1.333,536,2.620,23.6
DATA,MOTOR_BREAKIN_V3,000001,33555,508,513,0.253,0.141,10.364,0.418,9.946,63,FWD,RUN,0.197,1.961,0.119,5.238,3.411,0.197,17.301,60,1.333,537,2.625,23.6
DATA,MOTOR_BREAKIN_V3,000001,33655,513,515,0.121,0.088,10.419,0.251,10.169,63,FWD,RUN,0.105,1.065,0.119,5.238,3.411,0.197,17.301,60,1.333,536,2.620,23.6
DATA,MOTOR_BREAKIN_V3,000001,33755,509,514,0.227,0.115,9.249,0.334,8.915,63,FWD,RUN,0.171,1.522,0.119,4.012,3.411,0.197,17.301,60,1.333,536,2.620,23.6
DATA,MOTOR_BREAKIN_V3,000001,33855,510,513,0.200,0.141,7.689,0.334,7.355,63,FWD,RUN,0.171,1.256,0.119,4.207,3.411,0.197,17.301,60,1.333,536,2.620,23.6
DATA,MOTOR_BREAKIN_V3,000001,33955,509,513,0.227,0.141,9.389,0.362,9.026,63,FWD,RUN,0.184,1.660,0.106,5.349,3.411,0.197,17.301,60,1.333,536,2.620,23.6
DATA,MOTOR_BREAKIN_V3,000001,34055,509,513,0.227,0.141,13.122,0.418,12.704,63,FWD,RUN,0.184,2.337,0.119,6.993,3.411,0.197,17.301,60,1.333,536,2.620,23.6
DATA,MOTOR_BREAKIN_V3,000001,34155,508,513,0.253,0.141,8.971,0.390,8.581,63,FWD,RUN,0.197,1.692,0.119,6.129,3.411,0.197,17.301,60,1.333,536,2.620,23.6
DATA,MOTOR_BREAKIN_V3,000001,34254,508,513,0.253,0.141,7.438,0.362,7.076,63,FWD,RUN,0.197,1.395,0.053,5.293,3.411,0.197,17.301,60,1.333,537,2.625,23.6
DATA,MOTOR_BREAKIN_V3,000001,34355,510,514,0.200,0.115,8.413,0.362,8.051,63,FWD,RUN,0.158,1.268,0.053,5.293,3.411,0.197,17.301,60,1.333,536,2.620,23.6
DATA,MOTOR_BREAKIN_V3,000001,34455,508,513,0.253,0.141,9.416,0.418,8.999,63,FWD,RUN,0.197,1.774,0.066,3.232,3.411,0.197,17.301,60,1.333,537,2.625,23.6
DATA,MOTOR_BREAKIN_V3,000001,34555,508,513,0.253,0.141,6.937,0.306,6.630,63,FWD,RUN,0.197,1.307,0.066,5.433,3.411,0.197,17.301,60,1.333,536,2.620,23.6
DATA,MOTOR_BREAKIN_V3,000001,34655,514,516,0.095,0.062,12.063,0.251,11.812,63,FWD,RUN,0.078,0.925,0.145,5.433,3.411,0.197,17.301,60,1.333,535,2.615,23.6
DATA,MOTOR_BREAKIN_V3,000001,34755,509,512,0.227,0.168,9.974,0.474,9.500,63,FWD,RUN,0.197,1.873,0.119,3.761,3.411,0.197,17.301,60,1.333,536,2.620,23.6
DATA,MOTOR_BREAKIN_V3,000001,34855,509,513,0.227,0.141,9.834,0.362,9.472,63,FWD,RUN,0.184,1.742,0.092,5.070,3.411,0.197,17.301,60,1.333,536,2.620,23.6
DATA,MOTOR_BREAKIN_V3,000001,34955,509,512,0.227,0.168,6.853,0.418,6.435,63,FWD,RUN,0.197,1.269,0.092,5.906,3.411,0.197,17.301,60,1.333,537,2.625,23.6
DATA,MOTOR_BREAKIN_V3,000001,35055,508,512,0.253,0.168,8.386,0.390,7.996,63,FWD,RUN,0.210,1.682,0.132,5.544,3.411,0.197,17.301,60,1.333,537,2.625,23.6
DATA,MOTOR_BREAKIN_V3,000001,35155,508,512,0.253,0.168,11.924,0.334,11.589,63,FWD,RUN,0.210,2.438,0.132,5.154,3.411,0.197,17.301,60,1.333,536,2.620,23.6
DATA,MOTOR_BREAKIN_V3,000001,35255,510,513,0.200,0.141,8.358,0.306,8.051,63,FWD,RUN,0.171,1.375,0.163,6.408,3.411,0.197,17.301,60,1.333,536,2.620,23.5
DATA,MOTOR_BREAKIN_V3,000001,35355,509,512,0.227,0.168,9.584,0.362,9.221,63,FWD,RUN,0.197,1.818,0.163,6.408,3.411,0.197,17.301,60,1.333,535,2.615,23.6
DATA,MOTOR_BREAKIN_V3,000001,35455,508,513,0.253,0.141,10.085,0.362,9.723,63,FWD,RUN,0.197,1.917,0.119,3.845,3.411,0.197,17.301,60,1.333,537,2.625,23.6
DATA,MOTOR_BREAKIN_V3,000001,35555,510,514,0.200,0.115,6.101,0.334,5.767,63,FWD,RUN,0.158,0.908,0.119,6.185,3.411,0.197,17.301,60,1.333,536,2.620,23.6
DATA,MOTOR_BREAKIN_V3,000001,35655,510,514,0.200,0.115,11.088,0.362,10.726,63,FWD,RUN,0.158,1.690,0.053,6.185,3.411,0.197,17.301,60,1.333,537,2.625,23.6
DATA,MOTOR_BREAKIN_V3,000001,35755,509,513,0.227,0.141,11.534,0.251,11.283,63,FWD,RUN,0.184,2.076,0.053,4.848,3.411,0.197,17.301,60,1.333,536,2.620,23.6
DATA,MOTOR_BREAKIN_V3,000001,35855,509,512,0.227,0.168,11.534,0.306,11.227,63,FWD,RUN,0.197,2.214,0.026,5.767,3.411,0.197,17.301,60,1.333,537,2.625,23.6
DATA,MOTOR_BREAKIN_V3,000001,35955,508,512,0.253,0.168,6.881,0.362,6.519,63,FWD,RUN,0.210,1.371,0.053,5.460,3.411,0.197,17.301,60,1.333,537,2.625,23.6
DATA,MOTOR_BREAKIN_V3,000001,36055,508,513,0.253,0.141,10.196,0.334,9.862,63,FWD,RUN,0.197,1.944,0.092,5.265,3.411,0.197,17.301,60,1.333,536,2.620,23.6
DATA,MOTOR_BREAKIN_V3,000001,36155,508,512,0.253,0.168,8.497,0.362,8.135,63,FWD,RUN,0.210,1.711,0.092,4.290,3.411,0.197,17.301,60,1.333,536,2.620,23.6
DATA,MOTOR_BREAKIN_V3,000001,36255,513,515,0.121,0.088,9.389,0.195,9.194,63,FWD,RUN,0.105,0.963,0.119,4.290,3.411,0.197,17.301,60,1.333,536,2.620,23.6
DATA,MOTOR_BREAKIN_V3,000001,36355,509,513,0.227,0.141,8.051,0.362,7.689,63,FWD,RUN,0.184,1.414,0.106,3.845,3.411,0.197,17.301,60,1.333,536,2.620,23.6
DATA,MOTOR_BREAKIN_V3,000001,36455,508,513,0.253,0.141,11.868,0.390,11.478,63,FWD,RUN,0.197,2.263,0.106,5.182,3.411,0.197,17.301,60,1.333,536,2.620,23.6
DATA,MOTOR_BREAKIN_V3,000001,36555,509,513,0.227,0.141,7.216,0.334,6.881,63,FWD,RUN,0.184,1.266,0.119,5.711,3.411,0.197,17.301,60,1.333,536,2.620,23.6
DATA,MOTOR_BREAKIN_V3,000001,36655,508,513,0.253,0.141,10.085,0.279,9.806,63,FWD,RUN,0.197,1.933,0.106,5.711,3.411,0.197,17.301,60,1.333,536,2.620,23.6
DATA,MOTOR_BREAKIN_V3,000001,36755,509,512,0.227,0.168,8.274,0.362,7.912,63,FWD,RUN,0.197,1.560,0.106,5.182,3.411,0.197,17.301,60,1.333,536,2.620,23.6
DATA,MOTOR_BREAKIN_V3,000001,36855,508,512,0.253,0.168,6.240,0.613,5.628,63,FWD,RUN,0.210,1.184,0.106,5.182,3.411,0.197,17.301,60,1.333,536,2.620,23.6
DATA,MOTOR_BREAKIN_V3,000001,36955,508,513,0.253,0.141,10.308,0.306,10.001,63,FWD,RUN,0.197,1.972,0.106,6.185,3.411,0.197,17.301,60,1.333,536,2.620,23.6
DATA,MOTOR_BREAKIN_V3,000001,37055,509,513,0.227,0.141,7.856,0.390,7.466,63,FWD,RUN,0.184,1.373,0.053,6.909,3.411,0.197,17.301,60,1.333,536,2.620,23.6
DATA,MOTOR_BREAKIN_V3,000001,37155,508,513,0.253,0.141,12.147,0.334,11.812,63,FWD,RUN,0.197,2.329,0.145,7.188,3.411,0.197,17.301,60,1.333,536,2.620,23.6
DATA,MOTOR_BREAKIN_V3,000001,37255,514,515,0.095,0.088,10.614,0.223,10.391,63,FWD,RUN,0.091,0.951,0.132,6.408,3.411,0.197,17.301,60,1.333,536,2.620,23.6
DATA,MOTOR_BREAKIN_V3,000001,37355,508,512,0.253,0.168,6.073,0.334,5.739,63,FWD,RUN,0.210,1.207,0.132,6.853,3.411,0.197,17.301,60,1.333,537,2.625,23.6
DATA,MOTOR_BREAKIN_V3,000001,37454,509,513,0.227,0.141,11.172,0.418,10.754,63,FWD,RUN,0.184,1.978,0.079,6.324,3.411,0.197,17.301,60,1.333,536,2.620,23.6
DATA,MOTOR_BREAKIN_V3,000001,37555,508,513,0.253,0.141,11.422,0.669,10.754,63,FWD,RUN,0.197,2.120,0.119,5.210,3.411,0.197,17.301,60,1.333,536,2.620,23.6
DATA,MOTOR_BREAKIN_V3,000001,37655,510,514,0.200,0.115,6.547,0.306,6.240,63,FWD,RUN,0.158,0.983,0.106,5.739,3.411,0.197,17.301,60,1.333,536,2.620,23.6
DATA,MOTOR_BREAKIN_V3,000001,37755,512,515,0.147,0.088,12.314,0.279,12.035,63,FWD,RUN,0.118,1.419,0.119,5.795,3.411,0.197,17.301,60,1.333,536,2.620,23.6
DATA,MOTOR_BREAKIN_V3,000001,37855,512,515,0.147,0.088,8.831,0.306,8.525,63,FWD,RUN,0.118,1.005,0.132,5.238,3.411,0.197,17.301,60,1.333,536,2.620,23.6
DATA,MOTOR_BREAKIN_V3,000001,37955,509,513,0.227,0.141,11.116,0.362,10.754,63,FWD,RUN,0.184,1.978,0.132,5.238,3.411,0.197,17.301,60,1.333,536,2.620,23.6
DATA,MOTOR_BREAKIN_V3,000001,38055,508,512,0.253,0.168,8.887,0.418,8.469,63,FWD,RUN,0.210,1.782,0.119,3.427,3.411,0.197,17.301,60,1.333,537,2.625,23.6
DATA,MOTOR_BREAKIN_V3,000001,38155,510,513,0.200,0.141,6.881,0.390,6.491,63,FWD,RUN,0.171,1.108,0.106,6.408,3.411,0.197,17.301,60,1.333,537,2.625,23.6
DATA,MOTOR_BREAKIN_V3,000001,38255,511,514,0.174,0.115,9.500,0.223,9.277,63,FWD,RUN,0.144,1.339,0.106,6.408,3.411,0.197,17.301,60,1.333,536,2.620,23.6
DATA,MOTOR_BREAKIN_V3,000001,38355,508,513,0.253,0.141,12.370,0.306,12.063,63,FWD,RUN,0.197,2.378,0.092,5.544,3.411,0.197,17.301,60,1.333,536,2.620,23.6
DATA,MOTOR_BREAKIN_V3,000001,38455,509,513,0.227,0.141,9.528,0.362,9.166,63,FWD,RUN,0.184,1.686,0.053,5.823,3.411,0.197,17.301,60,1.333,536,2.620,23.6
DATA,MOTOR_BREAKIN_V3,000001,38555,509,513,0.227,0.141,11.840,0.279,11.562,63,FWD,RUN,0.184,2.127,0.106,6.018,3.411,0.197,17.301,60,1.333,537,2.625,23.6
DATA,MOTOR_BREAKIN_V3,000001,38655,507,512,0.279,0.168,8.636,0.418,8.218,63,FWD,RUN,0.224,1.838,0.106,5.043,3.411,0.197,17.301,60,1.333,536,2.620,23.6
DATA,MOTOR_BREAKIN_V3,000001,38755,508,513,0.253,0.141,11.757,0.362,11.394,63,FWD,RUN,0.197,2.247,0.066,3.984,3.411,0.197,17.301,60,1.333,537,2.625,23.6
DATA,MOTOR_BREAKIN_V3,000001,38855,507,513,0.279,0.141,12.230,0.891,11.339,63,FWD,RUN,0.210,2.385,0.013,4.764,3.411,0.197,17.301,60,1.333,536,2.620,23.6
DATA,MOTOR_BREAKIN_V3,000001,38955,508,513,0.253,0.141,10.893,0.334,10.559,63,FWD,RUN,0.197,2.082,0.092,4.903,3.411,0.197,17.301,60,1.333,536,2.620,23.6
DATA,MOTOR_BREAKIN_V3,000001,39055,513,516,0.121,0.062,11.812,0.279,11.534,63,FWD,RUN,0.091,1.055,0.132,6.129,3.411,0.197,17.301,60,1.333,536,2.620,23.6
DATA,MOTOR_BREAKIN_V3,000001,39155,509,513,0.227,0.141,7.578,0.362,7.216,63,FWD,RUN,0.184,1.327,0.132,6.240,3.411,0.197,17.301,60,1.333,536,2.620,23.6
DATA,MOTOR_BREAKIN_V3,000001,39255,508,512,0.253,0.168,7.076,0.390,6.686,63,FWD,RUN,0.210,1.407,0.106,6.045,3.411,0.197,17.301,60,1.333,536,2.620,23.6
DATA,MOTOR_BREAKIN_V3,000001,39355,509,513,0.227,0.141,11.116,0.334,10.782,63,FWD,RUN,0.184,1.983,0.119,6.045,3.411,0.197,17.301,60,1.333,536,2.620,23.6
DATA,MOTOR_BREAKIN_V3,000001,39455,508,513,0.253,0.141,11.422,0.362,11.060,63,FWD,RUN,0.197,2.181,0.119,6.296,3.411,0.197,17.301,60,1.333,536,2.620,23.6
DATA,MOTOR_BREAKIN_V3,000001,39555,508,513,0.253,0.141,7.550,0.362,7.188,63,FWD,RUN,0.197,1.417,0.092,6.491,3.411,0.197,17.301,60,1.333,537,2.625,23.6
DATA,MOTOR_BREAKIN_V3,000001,39655,508,513,0.253,0.141,12.509,0.362,12.147,63,FWD,RUN,0.197,2.395,0.106,4.959,3.411,0.197,17.301,60,1.333,536,2.620,23.6
DATA,MOTOR_BREAKIN_V3,000001,39755,509,512,0.227,0.168,10.280,0.390,9.890,63,FWD,RUN,0.197,1.950,0.053,5.572,3.411,0.197,17.301,60,1.333,536,2.620,23.6
DATA,MOTOR_BREAKIN_V3,000001,39855,509,513,0.227,0.141,9.584,0.362,9.221,63,FWD,RUN,0.184,1.696,0.092,5.572,3.411,0.197,17.301,60,1.333,536,2.620,23.6
DATA,MOTOR_BREAKIN_V3,000001,39955,509,512,0.227,0.168,9.361,0.334,9.026,63,FWD,RUN,0.197,1.780,0.106,5.711,3.411,0.197,17.301,60,1.333,536,2.620,23.6
DATA,MOTOR_BREAKIN_V3,000001,40055,508,513,0.253,0.141,7.411,0.362,7.048,63,FWD,RUN,0.197,1.390,0.079,5.321,3.411,0.197,17.301,60,1.333,537,2.625,23.6
DATA,MOTOR_BREAKIN_V3,000001,40155,508,512,0.253,0.168,11.227,0.334,10.893,63,FWD,RUN,0.210,2.292,0.079,4.903,3.411,0.197,17.301,60,1.333,536,2.620,23.6
DATA,MOTOR_BREAKIN_V3,000001,40255,509,514,0.227,0.115,6.491,0.362,6.129,63,FWD,RUN,0.171,1.047,0.066,5.823,3.411,0.197,17.301,60,1.333,536,2.620,23.6
DATA,MOTOR_BREAKIN_V3,000001,40355,512,515,0.147,0.088,11.729,0.195,11.534,63,FWD,RUN,0.118,1.360,0.106,6.213,3.411,0.197,17.301,60,1.333,537,2.625,23.6
DATA,MOTOR_BREAKIN_V3,000001,40455,509,513,0.227,0.141,11.367,0.362,11.004,63,FWD,RUN,0.184,2.024,0.106,5.098,3.411,0.197,17.301,60,1.333,536,2.620,23.6
DATA,MOTOR_BREAKIN_V3,000001,40555,509,513,0.227,0.141,12.174,0.501,11.673,63,FWD,RUN,0.184,2.147,0.040,6.519,3.411,0.197,17.301,60,1.333,536,2.620,23.6
DATA,MOTOR_BREAKIN_V3,000001,40654,509,513,0.227,0.141,9.834,0.390,9.444,63,FWD,RUN,0.184,1.737,0.040,7.606,3.411,0.197,17.301,60,1.333,536,2.620,23.6
DATA,MOTOR_BREAKIN_V3,000001,40755,508,513,0.253,0.141,6.881,0.390,6.491,63,FWD,RUN,0.197,1.280,0.066,6.463,3.411,0.197,17.301,60,1.333,536,2.620,23.6
DATA,MOTOR_BREAKIN_V3,000001,40855,508,512,0.253,0.168,11.952,0.390,11.562,63,FWD,RUN,0.210,2.432,0.079,5.823,3.411,0.197,17.301,60,1.333,536,2.620,23.6
DATA,MOTOR_BREAKIN_V3,000001,40955,508,513,0.253,0.141,12.453,0.334,12.119,63,FWD,RUN,0.197,2.389,0.053,5.321,3.411,0.197,17.301,60,1.333,535,2.615,23.6
DATA,MOTOR_BREAKIN_V3,000001,41055,508,512,0.253,0.168,8.246,0.362,7.884,63,FWD,RUN,0.210,1.659,0.053,6.742,3.411,0.197,17.301,60,1.333,536,2.620,23.6
DATA,MOTOR_BREAKIN_V3,000001,41155,509,512,0.227,0.168,8.859,0.390,8.469,63,FWD,RUN,0.197,1.670,0.053,5.405,3.411,0.197,17.301,60,1.333,536,2.620,23.6
DATA,MOTOR_BREAKIN_V3,000001,41255,513,515,0.121,0.088,11.840,0.223,11.617,63,FWD,RUN,0.105,1.216,0.092,6.101,3.411,0.197,17.301,60,1.333,537,2.625,23.6
DATA,MOTOR_BREAKIN_V3,000001,41355,508,513,0.253,0.141,6.240,0.334,5.906,63,FWD,RUN,0.197,1.164,0.092,6.714,3.411,0.197,17.301,60,1.333,536,2.620,23.6
DATA,MOTOR_BREAKIN_V3,000001,41455,508,512,0.253,0.168,9.918,0.362,9.556,63,FWD,RUN,0.210,2.010,0.106,6.491,3.411,0.197,17.301,60,1.333,537,2.625,23.6
DATA,MOTOR_BREAKIN_V3,000001,41555,511,514,0.174,0.115,12.620,0.251,12.370,63,FWD,RUN,0.144,1.785,0.106,6.937,3.411,0.197,17.301,60,1.333,536,2.620,23.6
DATA,MOTOR_BREAKIN_V3,000001,41655,511,514,0.174,0.115,7.216,0.279,6.937,63,FWD,RUN,0.144,1.001,0.092,7.856,3.411,0.197,17.301,60,1.333,536,2.620,23.6
DATA,MOTOR_BREAKIN_V3,000001,41755,508,512,0.253,0.168,6.630,0.362,6.268,63,FWD,RUN,0.210,1.319,0.119,7.522,3.411,0.197,17.301,60,1.333,536,2.620,23.6
DATA,MOTOR_BREAKIN_V3,000001,41855,508,512,0.253,0.168,9.305,0.390,8.915,63,FWD,RUN,0.210,1.875,0.119,6.575,3.411,0.197,17.301,60,1.333,536,2.620,23.6
DATA,MOTOR_BREAKIN_V3,000001,41955,509,514,0.227,0.115,9.026,0.334,8.692,63,FWD,RUN,0.171,1.484,0.106,4.430,3.411,0.197,17.301,60,1.333,536,2.620,23.6
DATA,MOTOR_BREAKIN_V3,000001,42055,509,514,0.227,0.115,8.386,0.334,8.051,63,FWD,RUN,0.171,1.375,0.119,4.067,3.411,0.197,17.301,60,1.333,536,2.620,23.6
DATA,MOTOR_BREAKIN_V3,000001,42155,509,513,0.227,0.141,11.283,0.362,10.921,63,FWD,RUN,0.184,2.009,0.119,6.658,3.411,0.197,17.301,60,1.333,537,2.625,23.6
DATA,MOTOR_BREAKIN_V3,000001,42255,508,513,0.253,0.141,7.383,0.362,7.021,63,FWD,RUN,0.197,1.384,0.053,7.383,3.411,0.197,17.301,60,1.333,536,2.620,23.6
DATA,MOTOR_BREAKIN_V3,000001,42355,508,512,0.253,0.168,12.704,0.529,12.174,63,FWD,RUN,0.210,2.561,0.119,8.358,3.411,0.197,17.301,60,1.333,537,2.625,23.6
DATA,MOTOR_BREAKIN_V3,000001,42455,510,514,0.200,0.115,13.400,1.059,12.342,63,FWD,RUN,0.158,1.944,0.132,7.271,3.411,0.197,17.301,60,1.333,537,2.625,23.6
DATA,MOTOR_BREAKIN_V3,000001,42555,508,513,0.253,0.141,11.367,0.585,10.782,63,FWD,RUN,0.197,2.126,0.132,6.881,3.411,0.197,17.301,60,1.333,537,2.625,23.6
DATA,MOTOR_BREAKIN_V3,000001,42655,512,515,0.147,0.088,11.924,0.195,11.729,63,FWD,RUN,0.118,1.383,0.145,6.881,3.411,0.197,17.301,60,1.333,536,2.620,23.6
DATA,MOTOR_BREAKIN_V3,000001,42755,509,513,0.227,0.141,9.026,0.334,8.692,63,FWD,RUN,0.184,1.599,0.119,6.296,3.411,0.197,17.301,60,1.333,536,2.620,23.6
DATA,MOTOR_BREAKIN_V3,000001,42855,509,513,0.227,0.141,10.949,0.334,10.614,63,FWD,RUN,0.184,1.953,0.053,6.324,3.411,0.197,17.301,60,1.333,536,2.620,23.6
DATA,MOTOR_BREAKIN_V3,000001,42955,508,512,0.253,0.168,6.352,0.390,5.962,63,FWD,RUN,0.210,1.254,0.053,6.491,3.411,0.197,17.301,60,1.333,536,2.620,23.6
DATA,MOTOR_BREAKIN_V3,000001,43055,508,514,0.253,0.115,8.051,0.390,7.661,63,FWD,RUN,0.184,1.409,0.079,6.240,3.411,0.197,17.301,60,1.333,536,2.620,23.6
DATA,MOTOR_BREAKIN_V3,000001,43155,508,513,0.253,0.141,11.979,0.390,11.589,63,FWD,RUN,0.197,2.285,0.079,7.438,3.411,0.197,17.301,60,1.333,536,2.620,23.6
DATA,MOTOR_BREAKIN_V3,000001,43255,510,514,0.200,0.115,12.174,0.251,11.924,63,FWD,RUN,0.158,1.878,0.053,7.438,3.411,0.197,17.301,60,1.333,537,2.625,23.6
DATA,MOTOR_BREAKIN_V3,000001,43355,509,513,0.227,0.141,7.132,0.362,6.770,63,FWD,RUN,0.184,1.245,0.092,6.435,3.411,0.197,17.301,60,1.333,536,2.620,23.6
DATA,MOTOR_BREAKIN_V3,000001,43455,509,513,0.227,0.141,10.614,0.390,10.224,63,FWD,RUN,0.184,1.881,0.079,6.185,3.411,0.197,17.301,60,1.333,537,2.625,23.6
DATA,MOTOR_BREAKIN_V3,000001,43555,508,512,0.253,0.168,13.651,0.585,13.066,63,FWD,RUN,0.210,2.749,0.053,7.466,3.411,0.197,17.301,60,1.333,536,2.620,23.6
DATA,MOTOR_BREAKIN_V3,000001,43655,510,513,0.200,0.141,7.996,0.306,7.689,63,FWD,RUN,0.171,1.313,0.040,5.377,3.411,0.197,17.301,60,1.333,536,2.620,23.6
DATA,MOTOR_BREAKIN_V3,000001,43755,510,514,0.200,0.115,10.252,0.334,9.918,63,FWD,RUN,0.158,1.562,0.066,7.884,3.411,0.197,17.301,60,1.333,537,2.625,23.6
DATA,MOTOR_BREAKIN_V3,000001,43854,509,513,0.227,0.141,9.890,0.362,9.528,63,FWD,RUN,0.184,1.753,0.092,6.519,3.411,0.197,17.301,60,1.333,536,2.620,23.6
DATA,MOTOR_BREAKIN_V3,000001,43955,509,513,0.227,0.141,7.940,0.390,7.550,63,FWD,RUN,0.184,1.389,0.079,3.176,3.411,0.197,17.301,60,1.333,537,2.625,23.6
DATA,MOTOR_BREAKIN_V3,000001,44055,509,512,0.227,0.168,7.884,0.362,7.522,63,FWD,RUN,0.197,1.483,0.040,4.318,3.411,0.197,17.301,60,1.333,536,2.620,23.6
DATA,MOTOR_BREAKIN_V3,000001,44155,508,512,0.253,0.168,11.506,0.279,11.227,63,FWD,RUN,0.210,2.362,0.106,8.999,3.411,0.197,17.301,60,1.333,536,2.620,23.6
DATA,MOTOR_BREAKIN_V3,000001,44255,508,513,0.253,0.141,11.367,0.390,10.977,63,FWD,RUN,0.197,2.164,0.106,10.029,3.411,0.197,17.301,60,1.333,537,2.625,23.6
DATA,MOTOR_BREAKIN_V3,000001,44355,508,512,0.253,0.168,11.060,0.390,10.670,63,FWD,RUN,0.210,2.245,0.066,4.374,3.411,0.197,17.301,60,1.333,536,2.620,23.6
DATA,MOTOR_BREAKIN_V3,000001,44455,509,513,0.227,0.141,11.032,0.362,10.670,63,FWD,RUN,0.184,1.963,0.092,4.708,3.411,0.197,17.301,60,1.333,536,2.620,23.6
DATA,MOTOR_BREAKIN_V3,000001,44555,507,513,0.279,0.141,6.658,0.334,6.324,63,FWD,RUN,0.210,1.330,0.092,5.600,3.411,0.197,17.301,60,1.333,536,2.620,23.6
DATA,MOTOR_BREAKIN_V3,000001,44655,509,512,0.227,0.168,10.949,0.334,10.614,63,FWD,RUN,0.197,2.093,0.106,5.990,3.411,0.197,17.301,60,1.333,537,2.625,23.6
DATA,MOTOR_BREAKIN_V3,000001,44755,514,515,0.095,0.088,6.770,0.306,6.463,63,FWD,RUN,0.091,0.591,0.132,5.850,3.411,0.197,17.301,60,1.333,536,2.620,23.6
DATA,MOTOR_BREAKIN_V3,000001,44855,513,515,0.121,0.088,12.565,4.374,8.191,63,FWD,RUN,0.105,0.858,0.119,5.850,3.411,0.197,17.301,60,1.333,536,2.620,23.6
DATA,MOTOR_BREAKIN_V3,000001,44955,510,513,0.200,0.141,10.196,0.334,9.862,63,FWD,RUN,0.171,1.684,0.119,3.427,3.411,0.197,17.301,60,1.333,536,2.620,23.6
DATA,MOTOR_BREAKIN_V3,000001,45055,510,513,0.200,0.141,9.862,0.362,9.500,63,FWD,RUN,0.171,1.622,0.119,5.210,3.411,0.197,17.301,60,1.333,536,2.620,23.6
DATA,MOTOR_BREAKIN_V3,000001,45155,508,513,0.253,0.141,9.723,0.334,9.389,63,FWD,RUN,0.197,1.851,0.053,7.689,3.411,0.197,17.301,60,1.333,537,2.625,23.6
DATA,MOTOR_BREAKIN_V3,000001,45255,507,513,0.279,0.141,9.054,0.362,8.692,63,FWD,RUN,0.210,1.829,0.053,7.689,3.411,0.197,17.301,60,1.333,536,2.620,23.6
DATA,MOTOR_BREAKIN_V3,000001,45355,509,513,0.227,0.141,11.868,0.390,11.478,63,FWD,RUN,0.184,2.111,0.040,5.098,3.411,0.197,17.301,60,1.333,537,2.625,23.6
DATA,MOTOR_BREAKIN_V3,000001,45455,511,514,0.174,0.115,11.199,0.334,10.865,63,FWD,RUN,0.144,1.568,0.145,4.040,3.411,0.197,17.301,60,1.333,536,2.620,23.6
DATA,MOTOR_BREAKIN_V3,000001,45555,509,513,0.227,0.141,8.804,0.334,8.469,63,FWD,RUN,0.184,1.558,0.145,2.981,3.411,0.197,17.301,60,1.333,536,2.620,23.6
DATA,MOTOR_BREAKIN_V3,000001,45655,508,513,0.253,0.141,9.918,0.362,9.556,63,FWD,RUN,0.197,1.884,0.119,5.377,3.411,0.197,17.301,60,1.333,536,2.620,23.6
DATA,MOTOR_BREAKIN_V3,000001,45755,507,513,0.279,0.141,10.782,0.306,10.475,63,FWD,RUN,0.210,2.204,0.079,6.853,3.411,0.197,17.301,60,1.333,536,2.620,23.6
DATA,MOTOR_BREAKIN_V3,000001,45855,514,516,0.095,0.062,11.506,0.167,11.339,63,FWD,RUN,0.078,0.888,0.132,6.881,3.411,0.197,17.301,60,1.333,536,2.620,23.6
DATA,MOTOR_BREAKIN_V3,000001,45955,508,513,0.253,0.141,9.110,0.334,8.776,63,FWD,RUN,0.197,1.730,0.119,5.544,3.411,0.197,17.301,60,1.333,536,2.620,23.6
DATA,MOTOR_BREAKIN_V3,000001,46055,513,515,0.121,0.088,8.887,3.287,5.600,63,FWD,RUN,0.105,0.586,0.106,6.296,3.411,0.197,17.301,60,1.333,536,2.620,23.6
DATA,MOTOR_BREAKIN_V3,000001,46155,509,513,0.227,0.141,10.001,0.362,9.639,63,FWD,RUN,0.184,1.773,0.145,6.826,3.411,0.197,17.301,60,1.333,536,2.620,23.6
DATA,MOTOR_BREAKIN_V3,000001,46255,508,513,0.253,0.141,12.202,0.334,11.868,63,FWD,RUN,0.197,2.340,0.145,3.594,3.411,0.197,17.301,60,1.333,536,2.620,23.6
DATA,MOTOR_BREAKIN_V3,000001,46355,508,513,0.253,0.141,11.311,0.334,10.977,63,FWD,RUN,0.197,2.164,0.092,4.541,3.411,0.197,17.301,60,1.333,536,2.620,23.6
DATA,MOTOR_BREAKIN_V3,000001,46455,508,513,0.253,0.141,11.952,0.334,11.617,63,FWD,RUN,0.197,2.291,0.119,4.290,3.411,0.197,17.301,60,1.333,536,2.620,23.6
DATA,MOTOR_BREAKIN_V3,000001,46555,508,513,0.253,0.141,10.029,3.315,6.714,63,FWD,RUN,0.197,1.324,0.145,5.321,3.411,0.197,17.301,60,1.333,537,2.625,23.6
DATA,MOTOR_BREAKIN_V3,000001,46655,508,513,0.253,0.141,12.314,0.362,11.952,63,FWD,RUN,0.197,2.356,0.040,5.321,3.411,0.197,17.301,60,1.333,537,2.625,23.6
DATA,MOTOR_BREAKIN_V3,000001,46755,508,513,0.253,0.141,11.979,0.362,11.617,63,FWD,RUN,0.197,2.291,0.066,4.012,3.411,0.197,17.301,60,1.333,536,2.620,23.6
DATA,MOTOR_BREAKIN_V3,000001,46855,509,513,0.227,0.141,9.556,0.362,9.194,63,FWD,RUN,0.184,1.691,0.066,6.073,3.411,0.197,17.301,60,1.333,536,2.620,23.6
DATA,MOTOR_BREAKIN_V3,000001,46955,510,514,0.200,0.115,10.419,0.334,10.085,63,FWD,RUN,0.158,1.589,0.066,5.878,3.411,0.197,17.301,60,1.333,536,2.620,23.6
DATA,MOTOR_BREAKIN_V3,000001,47054,508,513,0.253,0.141,14.905,0.390,14.515,63,FWD,RUN,0.197,2.862,0.092,6.658,3.411,0.197,17.301,60,1.333,537,2.625,23.6
DATA,MOTOR_BREAKIN_V3,000001,47155,508,512,0.253,0.168,11.924,0.752,11.172,63,FWD,RUN,0.210,2.350,0.053,6.658,3.411,0.197,17.301,60,1.333,537,2.625,23.6
DATA,MOTOR_BREAKIN_V3,000001,47255,508,513,0.253,0.141,13.428,0.362,13.066,63,FWD,RUN,0.197,2.576,0.053,4.513,3.411,0.197,17.301,60,1.333,536,2.620,23.6
DATA,MOTOR_BREAKIN_V3,000001,47355,508,513,0.253,0.141,14.097,4.262,9.834,63,FWD,RUN,0.197,1.939,0.066,4.485,3.411,0.197,17.301,60,1.333,536,2.620,23.6
DATA,MOTOR_BREAKIN_V3,000001,47455,510,515,0.200,0.088,10.280,0.279,10.001,63,FWD,RUN,0.144,1.443,0.066,4.597,3.411,0.197,17.301,60,1.333,536,2.620,23.6
DATA,MOTOR_BREAKIN_V3,000001,47555,508,513,0.253,0.141,13.094,0.390,12.704,63,FWD,RUN,0.197,2.505,0.106,5.767,3.411,0.197,17.301,60,1.333,536,2.620,23.6
DATA,MOTOR_BREAKIN_V3,000001,47655,508,513,0.253,0.141,15.100,0.390,14.710,63,FWD,RUN,0.197,2.900,0.119,7.773,3.411,0.197,17.301,60,1.333,536,2.620,23.6
DATA,MOTOR_BREAKIN_V3,000001,47755,509,512,0.227,0.168,9.667,0.390,9.277,63,FWD,RUN,0.197,1.829,0.132,6.826,3.411,0.197,17.301,60,1.333,536,2.620,23.6
DATA,MOTOR_BREAKIN_V3,000001,47855,509,513,0.227,0.141,8.441,0.390,8.051,63,FWD,RUN,0.184,1.481,0.132,6.324,3.411,0.197,17.301,60,1.333,536,2.620,23.6
DATA,MOTOR_BREAKIN_V3,000001,47955,508,512,0.253,0.168,11.673,0.362,11.311,63,FWD,RUN,0.210,2.380,0.106,6.157,3.411,0.197,17.301,60,1.333,536,2.620,23.6
DATA,MOTOR_BREAKIN_V3,000001,48055,513,515,0.121,0.088,13.762,0.223,13.540,63,FWD,RUN,0.105,1.418,0.106,4.402,3.411,0.197,17.301,60,1.333,537,2.625,23.6
DATA,MOTOR_BREAKIN_V3,000001,48155,510,513,0.200,0.141,12.704,0.390,12.314,63,FWD,RUN,0.171,2.103,0.106,4.430,3.411,0.197,17.301,60,1.333,536,2.620,23.6
DATA,MOTOR_BREAKIN_V3,000001,48255,508,513,0.253,0.141,12.453,0.334,12.119,63,FWD,RUN,0.197,2.389,0.119,8.023,3.411,0.197,17.301,60,1.333,536,2.620,23.6
DATA,MOTOR_BREAKIN_V3,000001,48355,509,513,0.227,0.141,10.642,0.306,10.336,63,FWD,RUN,0.184,1.901,0.106,6.881,3.411,0.197,17.301,60,1.333,536,2.620,23.6
DATA,MOTOR_BREAKIN_V3,000001,48455,509,512,0.227,0.168,14.570,0.418,14.152,63,FWD,RUN,0.197,2.790,0.079,3.817,3.411,0.197,17.301,60,1.333,537,2.625,23.6
DATA,MOTOR_BREAKIN_V3,000001,48555,508,513,0.253,0.141,13.902,0.334,13.567,63,FWD,RUN,0.197,2.675,0.106,3.427,3.411,0.197,17.301,60,1.333,536,2.620,23.6
DATA,MOTOR_BREAKIN_V3,000001,48655,510,513,0.200,0.141,10.865,0.251,10.614,63,FWD,RUN,0.171,1.812,0.053,3.427,3.411,0.197,17.301,60,1.333,536,2.620,23.6
DATA,MOTOR_BREAKIN_V3,000001,48755,508,513,0.253,0.141,13.567,0.306,13.261,63,FWD,RUN,0.197,2.615,0.040,3.427,3.411,0.197,17.301,60,1.333,537,2.625,23.6
DATA,MOTOR_BREAKIN_V3,000001,48855,509,513,0.227,0.141,13.400,0.306,13.094,63,FWD,RUN,0.184,2.409,0.040,1.922,3.411,0.197,17.301,60,1.333,536,2.620,23.6
DATA,MOTOR_BREAKIN_V3,000001,48955,509,513,0.227,0.141,10.336,0.334,10.001,63,FWD,RUN,0.184,1.840,0.092,6.296,3.411,0.197,17.301,60,1.333,536,2.620,23.6
DATA,MOTOR_BREAKIN_V3,000001,49055,514,516,0.095,0.062,13.930,0.251,13.679,63,FWD,RUN,0.078,1.071,0.106,6.073,3.411,0.197,17.301,60,1.333,536,2.620,23.6
DATA,MOTOR_BREAKIN_V3,000001,49155,511,514,0.174,0.115,13.038,2.786,10.252,63,FWD,RUN,0.144,1.480,0.119,6.714,3.411,0.197,17.301,60,1.333,536,2.620,23.6
DATA,MOTOR_BREAKIN_V3,000001,49255,509,513,0.227,0.141,15.044,0.334,14.710,63,FWD,RUN,0.184,2.706,0.066,5.293,3.411,0.197,17.301,60,1.333,537,2.625,23.6
DATA,MOTOR_BREAKIN_V3,000001,49355,510,514,0.200,0.115,14.375,0.279,14.097,63,FWD,RUN,0.158,2.221,0.053,4.402,3.411,0.197,17.301,60,1.333,536,2.620,23.6
DATA,MOTOR_BREAKIN_V3,000001,49455,508,513,0.253,0.141,13.902,0.362,13.540,63,FWD,RUN,0.197,2.670,0.119,4.708,3.411,0.197,17.301,60,1.333,536,2.620,23.6
DATA,MOTOR_BREAKIN_V3,000001,49555,509,513,0.227,0.141,13.372,0.390,12.982,63,FWD,RUN,0.184,2.388,0.119,5.739,3.411,0.197,17.301,60,1.333,537,2.625,23.6
DATA,MOTOR_BREAKIN_V3,000001,49655,511,514,0.174,0.115,15.434,0.334,15.100,63,FWD,RUN,0.144,2.179,0.066,5.238,3.411,0.197,17.301,60,1.333,537,2.625,23.6
DATA,MOTOR_BREAKIN_V3,000001,49755,508,513,0.253,0.141,11.701,0.334,11.367,63,FWD,RUN,0.197,2.241,0.106,5.070,3.411,0.197,17.301,60,1.333,536,2.620,23.6
DATA,MOTOR_BREAKIN_V3,000001,49855,514,515,0.095,0.088,13.038,1.644,11.394,63,FWD,RUN,0.091,1.042,0.106,5.934,3.411,0.197,17.301,60,1.333,536,2.620,23.6
DATA,MOTOR_BREAKIN_V3,000001,49955,510,514,0.200,0.115,15.128,0.334,14.793,63,FWD,RUN,0.158,2.330,0.119,7.271,3.411,0.197,17.301,60,1.333,536,2.620,23.6
DATA,MOTOR_BREAKIN_V3,000001,50055,511,514,0.174,0.115,13.038,0.279,12.760,63,FWD,RUN,0.144,1.842,0.145,8.163,3.538,0.224,15.824,63,1.333,536,2.620,23.6
DATA,MOTOR_BREAKIN_V3,000001,50155,509,512,0.227,0.168,13.623,0.446,13.177,63,FWD,RUN,0.197,2.598,0.079,8.246,3.538,0.224,15.824,63,1.333,536,2.620,23.6
DATA,MOTOR_BREAKIN_V3,000001,50254,510,513,0.200,0.141,15.908,0.279,15.629,63,FWD,RUN,0.171,2.669,0.106,4.792,3.538,0.224,15.824,63,1.333,537,2.625,23.6
DATA,MOTOR_BREAKIN_V3,000001,50355,509,513,0.227,0.141,15.713,0.306,15.406,63,FWD,RUN,0.184,2.834,0.106,4.569,3.538,0.224,15.824,63,1.333,536,2.620,23.6
DATA,MOTOR_BREAKIN_V3,000001,50455,512,515,0.147,0.088,15.796,0.279,15.518,63,FWD,RUN,0.118,1.830,0.106,4.151,3.538,0.224,15.824,63,1.333,536,2.620,23.6
DATA,MOTOR_BREAKIN_V3,000001,50555,512,514,0.147,0.115,16.660,0.362,16.298,63,FWD,RUN,0.131,2.137,0.106,4.207,3.538,0.224,15.824,63,1.333,537,2.625,23.6
DATA,MOTOR_BREAKIN_V3,000001,50655,514,515,0.095,0.088,14.570,4.959,9.611,63,FWD,RUN,0.091,0.879,0.119,6.686,3.538,0.224,15.824,63,1.333,537,2.625,23.6
DATA,MOTOR_BREAKIN_V3,000001,50755,508,512,0.253,0.168,15.323,0.613,14.710,63,FWD,RUN,0.210,3.095,0.119,7.048,3.538,0.224,15.824,63,1.333,537,2.625,23.6
DATA,MOTOR_BREAKIN_V3,000001,50855,508,512,0.253,0.168,14.543,2.870,11.673,63,FWD,RUN,0.210,2.456,0.092,4.987,3.538,0.224,15.824,63,1.333,536,2.620,23.6
DATA,MOTOR_BREAKIN_V3,000001,50955,509,512,0.227,0.168,13.150,0.390,12.760,63,FWD,RUN,0.197,2.516,0.132,4.764,3.538,0.224,15.824,63,1.333,536,2.620,23.5
DATA,MOTOR_BREAKIN_V3,000001,51055,508,513,0.253,0.141,15.573,0.418,15.155,63,FWD,RUN,0.197,2.988,0.132,4.040,3.538,0.224,15.824,63,1.333,537,2.625,23.6
DATA,MOTOR_BREAKIN_V3,000001,51155,509,513,0.227,0.141,15.685,0.362,15.323,63,FWD,RUN,0.184,2.819,0.119,4.875,3.538,0.224,15.824,63,1.333,536,2.620,23.6
DATA,MOTOR_BREAKIN_V3,000001,51255,507,512,0.279,0.168,17.412,0.334,17.078,63,FWD,RUN,0.224,3.818,0.132,3.037,3.818,0.224,17.078,63,1.333,536,2.620,23.6
DATA,MOTOR_BREAKIN_V3,000001,51355,508,513,0.253,0.141,20.003,6.881,13.122,63,FWD,RUN,0.197,2.587,0.066,4.764,3.818,0.224,17.078,63,1.333,537,2.625,23.6
DATA,MOTOR_BREAKIN_V3,000001,51455,509,513,0.227,0.141,17.830,0.390,17.440,63,FWD,RUN,0.184,3.208,0.106,4.764,3.818,0.224,17.078,63,1.333,536,2.620,23.6
DATA,MOTOR_BREAKIN_V3,000001,51555,509,513,0.227,0.141,17.496,0.446,17.050,63,FWD,RUN,0.184,3.136,0.132,5.683,4.031,0.237,17.022,63,1.333,536,2.620,23.6
DATA,MOTOR_BREAKIN_V3,000001,51655,508,512,0.253,0.168,17.523,0.334,17.189,63,FWD,RUN,0.210,3.616,0.119,6.798,4.031,0.237,17.022,63,1.333,535,2.615,23.6
DATA,MOTOR_BREAKIN_V3,000001,51755,511,514,0.174,0.115,16.994,0.279,16.716,63,FWD,RUN,0.144,2.412,0.092,5.043,4.192,0.224,18.749,63,1.333,536,2.620,23.6
DATA,MOTOR_BREAKIN_V3,000001,51855,508,512,0.253,0.168,17.106,0.390,16.716,63,FWD,RUN,0.210,3.517,0.092,3.566,4.192,0.224,18.749,63,1.333,536,2.620,23.6
DATA,MOTOR_BREAKIN_V3,000001,51955,509,513,0.227,0.141,19.891,0.362,19.529,63,FWD,RUN,0.184,3.593,0.040,2.981,4.192,0.224,18.749,63,1.333,536,2.620,23.6
DATA,MOTOR_BREAKIN_V3,000001,52055,509,513,0.227,0.141,18.053,0.362,17.691,63,FWD,RUN,0.184,3.254,0.040,6.463,4.192,0.224,18.749,63,1.333,536,2.620,23.6
DATA,MOTOR_BREAKIN_V3,000001,52155,509,512,0.227,0.168,16.437,0.334,16.103,63,FWD,RUN,0.197,3.175,0.106,6.073,4.192,0.224,18.749,63,1.333,536,2.620,23.6
DATA,MOTOR_BREAKIN_V3,000001,52255,508,513,0.253,0.141,16.493,0.390,16.103,63,FWD,RUN,0.197,3.175,0.119,5.293,4.192,0.224,18.749,63,1.333,536,2.620,23.6
DATA,MOTOR_BREAKIN_V3,000001,52355,509,512,0.227,0.168,17.133,0.418,16.716,63,FWD,RUN,0.197,3.296,0.106,8.720,4.192,0.224,18.749,63,1.333,536,2.620,23.6
DATA,MOTOR_BREAKIN_V3,000001,52455,508,513,0.253,0.141,16.911,0.390,16.521,63,FWD,RUN,0.197,3.257,0.106,8.720,4.192,0.224,18.749,63,1.333,536,2.620,23.6
DATA,MOTOR_BREAKIN_V3,000001,52555,508,512,0.253,0.168,20.254,0.251,20.003,63,FWD,RUN,0.210,4.208,0.119,3.482,4.208,0.210,20.003,63,1.333,537,2.625,23.5
DATA,MOTOR_BREAKIN_V3,000001,52655,507,512,0.279,0.168,18.053,0.362,17.691,63,FWD,RUN,0.224,3.955,0.132,4.652,4.208,0.210,20.003,63,1.333,536,2.620,23.6
DATA,MOTOR_BREAKIN_V3,000001,52755,512,514,0.147,0.115,20.449,0.306,20.142,63,FWD,RUN,0.131,2.641,0.145,4.792,4.208,0.210,20.003,63,1.333,537,2.625,23.6
DATA,MOTOR_BREAKIN_V3,000001,52855,514,516,0.095,0.062,19.223,6.296,12.927,63,FWD,RUN,0.078,1.012,0.132,7.216,4.208,0.210,20.003,63,1.333,536,2.620,23.6
DATA,MOTOR_BREAKIN_V3,000001,52955,509,513,0.227,0.141,17.607,0.306,17.301,63,FWD,RUN,0.184,3.183,0.145,7.633,4.597,0.224,20.560,63,1.333,536,2.620,23.5
DATA,MOTOR_BREAKIN_V3,000001,53055,508,512,0.253,0.168,20.254,0.390,19.864,63,FWD,RUN,0.210,4.179,0.119,7.745,4.597,0.224,20.560,63,1.333,536,2.620,23.6
DATA,MOTOR_BREAKIN_V3,000001,53155,509,512,0.227,0.168,20.839,5.377,15.462,63,FWD,RUN,0.197,3.049,0.106,7.048,4.597,0.224,20.560,63,1.333,537,2.625,23.6
DATA,MOTOR_BREAKIN_V3,000001,53255,509,512,0.227,0.168,17.858,0.334,17.523,63,FWD,RUN,0.197,3.455,0.119,5.823,4.597,0.224,20.560,63,1.333,537,2.625,23.6
DATA,MOTOR_BREAKIN_V3,000001,53355,508,513,0.253,0.141,16.437,0.306,16.130,63,FWD,RUN,0.197,3.180,0.119,4.848,4.597,0.224,20.560,63,1.333,536,2.620,23.5
DATA,MOTOR_BREAKIN_V3,000001,53454,510,514,0.200,0.115,20.226,0.362,19.864,63,FWD,RUN,0.158,3.129,0.106,5.070,4.597,0.224,20.560,63,1.333,537,2.625,23.6
DATA,MOTOR_BREAKIN_V3,000001,53555,509,512,0.227,0.168,19.111,0.418,18.694,63,FWD,RUN,0.197,3.686,0.066,3.176,4.597,0.224,20.560,63,1.333,536,2.620,23.5
DATA,MOTOR_BREAKIN_V3,000001,53655,510,514,0.200,0.115,18.610,0.362,18.248,63,FWD,RUN,0.158,2.875,0.092,4.569,4.597,0.224,20.560,63,1.333,536,2.620,23.4
DATA,MOTOR_BREAKIN_V3,000001,53755,510,515,0.200,0.088,16.214,0.334,15.880,63,FWD,RUN,0.144,2.292,0.092,4.123,4.597,0.224,20.560,63,1.333,536,2.620,23.6
DATA,MOTOR_BREAKIN_V3,000001,53855,512,514,0.147,0.115,17.161,0.362,16.799,63,FWD,RUN,0.131,2.203,0.079,3.510,4.597,0.224,20.560,63,1.333,537,2.625,23.6
DATA,MOTOR_BREAKIN_V3,000001,53955,507,513,0.279,0.141,15.378,0.446,14.933,63,FWD,RUN,0.210,3.141,0.079,4.931,4.597,0.224,20.560,63,1.333,536,2.620,23.6
DATA,MOTOR_BREAKIN_V3,000001,54055,508,513,0.253,0.141,21.034,0.306,20.727,63,FWD,RUN,0.197,4.087,0.079,7.968,4.597,0.224,20.560,63,1.333,536,2.620,23.5
DATA,MOTOR_BREAKIN_V3,000001,54155,508,513,0.253,0.141,17.663,0.362,17.301,63,FWD,RUN,0.197,3.411,0.132,8.413,4.597,0.224,20.560,63,1.333,537,2.625,23.6
DATA,MOTOR_BREAKIN_V3,000001,54255,507,513,0.279,0.141,17.551,0.306,17.245,63,FWD,RUN,0.210,3.628,0.145,7.801,4.597,0.224,20.560,63,1.333,537,2.625,23.5
DATA,MOTOR_BREAKIN_V3,000001,54355,508,513,0.253,0.141,18.889,0.362,18.526,63,FWD,RUN,0.197,3.653,0.092,10.419,4.597,0.224,20.560,63,1.333,536,2.620,23.6
DATA,MOTOR_BREAKIN_V3,000001,54455,509,513,0.227,0.141,19.613,0.362,19.251,63,FWD,RUN,0.184,3.541,0.106,11.701,4.597,0.224,20.560,63,1.333,536,2.620,23.5
DATA,MOTOR_BREAKIN_V3,000001,54555,511,515,0.174,0.088,16.548,0.334,16.214,63,FWD,RUN,0.131,2.126,0.106,9.166,4.597,0.224,20.560,63,1.333,537,2.625,23.5
DATA,MOTOR_BREAKIN_V3,000001,54655,508,512,0.253,0.168,21.953,0.362,21.591,63,FWD,RUN,0.210,4.542,0.079,9.361,4.597,0.224,20.560,63,1.333,536,2.620,23.5
DATA,MOTOR_BREAKIN_V3,000001,54755,510,513,0.200,0.141,17.217,0.557,16.660,63,FWD,RUN,0.171,2.845,0.092,8.246,4.609,0.224,20.616,63,1.333,536,2.620,23.6
DATA,MOTOR_BREAKIN_V3,000001,54855,513,514,0.121,0.115,16.326,5.098,11.227,63,FWD,RUN,0.118,1.324,0.145,9.389,4.609,0.224,20.616,63,1.333,536,2.620,23.5
DATA,MOTOR_BREAKIN_V3,000001,54955,508,512,0.253,0.168,18.081,0.362,17.718,63,FWD,RUN,0.210,3.728,0.145,8.135,4.609,0.224,20.616,63,1.333,536,2.620,23.5
DATA,MOTOR_BREAKIN_V3,000001,55055,508,512,0.253,0.168,15.908,0.641,15.267,63,FWD,RUN,0.210,3.212,0.119,6.324,4.609,0.224,20.616,63,1.333,537,2.625,23.6
DATA,MOTOR_BREAKIN_V3,000001,55155,508,512,0.253,0.168,18.109,0.362,17.746,63,FWD,RUN,0.210,3.733,0.119,5.655,4.609,0.224,20.616,63,1.333,536,2.620,23.5
DATA,MOTOR_BREAKIN_V3,000001,55255,510,514,0.200,0.115,15.935,0.306,15.629,63,FWD,RUN,0.158,2.462,0.119,6.686,4.609,0.224,20.616,63,1.333,535,2.615,23.6
DATA,MOTOR_BREAKIN_V3,000001,55355,510,514,0.200,0.115,19.780,0.306,19.474,63,FWD,RUN,0.158,3.068,0.163,7.188,4.609,0.224,20.616,63,1.333,536,2.620,23.5
DATA,MOTOR_BREAKIN_V3,000001,55455,510,514,0.200,0.115,17.273,0.334,16.938,63,FWD,RUN,0.158,2.668,0.163,3.650,4.609,0.224,20.616,63,1.333,536,2.620,23.6
DATA,MOTOR_BREAKIN_V3,000001,55555,508,513,0.253,0.141,15.378,0.334,15.044,63,FWD,RUN,0.197,2.966,0.079,4.095,4.609,0.224,20.616,63,1.333,536,2.620,23.6
DATA,MOTOR_BREAKIN_V3,000001,55655,508,513,0.253,0.141,17.579,0.390,17.189,63,FWD,RUN,0.197,3.389,0.040,3.204,4.609,0.224,20.616,63,1.333,536,2.620,23.5
DATA,MOTOR_BREAKIN_V3,000001,55755,508,513,0.253,0.141,16.716,0.334,16.381,63,FWD,RUN,0.197,3.230,0.119,4.262,4.609,0.224,20.616,63,1.333,536,2.620,23.5
DATA,MOTOR_BREAKIN_V3,000001,55855,508,512,0.253,0.168,17.245,0.474,16.771,63,FWD,RUN,0.210,3.528,0.132,5.795,4.609,0.224,20.616,63,1.333,536,2.620,23.5
DATA,MOTOR_BREAKIN_V3,000001,55955,507,512,0.279,0.168,14.988,0.334,14.654,63,FWD,RUN,0.224,3.276,0.106,5.990,4.609,0.224,20.616,63,1.333,537,2.625,23.5
DATA,MOTOR_BREAKIN_V3,000001,56055,509,513,0.227,0.141,18.610,0.362,18.248,63,FWD,RUN,0.184,3.357,0.106,5.015,4.609,0.224,20.616,63,1.333,536,2.620,23.5
DATA,MOTOR_BREAKIN_V3,000001,56155,508,512,0.253,0.168,18.053,5.683,12.370,63,FWD,RUN,0.210,2.602,0.106,9.806,4.609,0.224,20.616,63,1.333,536,2.620,23.5
DATA,MOTOR_BREAKIN_V3,000001,56255,513,515,0.121,0.088,17.718,5.739,11.979,63,FWD,RUN,0.105,1.254,0.106,10.057,4.609,0.224,20.616,63,1.333,536,2.620,23.6
DATA,MOTOR_BREAKIN_V3,000001,56355,509,514,0.227,0.115,17.858,5.934,11.924,63,FWD,RUN,0.171,2.036,0.092,8.079,4.609,0.224,20.616,63,1.333,536,2.620,23.5
DATA,MOTOR_BREAKIN_V3,000001,56455,508,512,0.253,0.168,16.966,0.390,16.576,63,FWD,RUN,0.210,3.487,0.106,6.157,4.609,0.224,20.616,63,1.333,536,2.620,23.5
DATA,MOTOR_BREAKIN_V3,000001,56555,509,513,0.227,0.141,16.047,5.321,10.726,63,FWD,RUN,0.184,1.973,0.106,9.416,4.609,0.224,20.616,63,1.333,536,2.620,23.5
DATA,MOTOR_BREAKIN_V3,000001,56654,510,514,0.200,0.115,19.808,6.575,13.233,63,FWD,RUN,0.158,2.085,0.106,10.809,4.609,0.224,20.616,63,1.333,537,2.625,23.5
DATA,MOTOR_BREAKIN_V3,000001,56755,510,514,0.200,0.115,19.000,6.575,12.425,63,FWD,RUN,0.158,1.957,0.040,6.742,4.609,0.224,20.616,63,1.333,536,2.620,23.5
DATA,MOTOR_BREAKIN_V3,000001,56855,514,515,0.095,0.088,18.081,5.739,12.342,63,FWD,RUN,0.091,1.129,0.119,10.419,4.609,0.224,20.616,63,1.333,536,2.620,23.5
DATA,MOTOR_BREAKIN_V3,000001,56955,507,512,0.279,0.168,19.529,0.390,19.139,63,FWD,RUN,0.224,4.279,0.132,10.419,4.609,0.224,20.616,63,1.333,536,2.620,23.5
DATA,MOTOR_BREAKIN_V3,000001,57055,509,513,0.227,0.141,14.320,2.173,12.147,63,FWD,RUN,0.184,2.234,0.066,6.993,4.609,0.224,20.616,63,1.333,536,2.620,23.6
DATA,MOTOR_BREAKIN_V3,000001,57155,507,513,0.279,0.141,20.087,6.686,13.400,63,FWD,RUN,0.210,2.819,0.066,9.444,4.609,0.224,20.616,63,1.333,536,2.620,23.5
DATA,MOTOR_BREAKIN_V3,000001,57255,509,513,0.227,0.141,15.601,0.362,15.239,63,FWD,RUN,0.184,2.803,0.066,9.444,4.609,0.224,20.616,63,1.333,537,2.625,23.6
DATA,MOTOR_BREAKIN_V3,000001,57355,508,513,0.253,0.141,15.434,0.390,15.044,63,FWD,RUN,0.197,2.966,0.053,9.194,4.609,0.224,20.616,63,1.333,537,2.625,23.5
DATA,MOTOR_BREAKIN_V3,000001,57455,510,513,0.200,0.141,21.340,0.390,20.950,63,FWD,RUN,0.171,3.577,0.119,11.534,4.609,0.224,20.616,63,1.333,536,2.620,23.5
DATA,MOTOR_BREAKIN_V3,000001,57555,510,514,0.200,0.115,18.638,0.279,18.359,63,FWD,RUN,0.158,2.892,0.119,11.534,4.609,0.224,20.616,63,1.333,536,2.620,23.5
DATA,MOTOR_BREAKIN_V3,000001,57655,509,513,0.227,0.141,13.790,0.223,13.567,63,FWD,RUN,0.184,2.496,0.066,4.792,4.609,0.224,20.616,63,1.333,536,2.620,23.5
DATA,MOTOR_BREAKIN_V3,000001,57755,508,513,0.253,0.141,15.100,4.820,10.280,63,FWD,RUN,0.197,2.027,0.132,7.522,4.609,0.224,20.616,63,1.333,536,2.620,23.5
DATA,MOTOR_BREAKIN_V3,000001,57855,509,512,0.227,0.168,15.573,0.390,15.183,63,FWD,RUN,0.197,2.994,0.132,6.435,4.609,0.224,20.616,63,1.333,536,2.620,23.5
DATA,MOTOR_BREAKIN_V3,000001,57955,509,513,0.227,0.141,17.440,5.711,11.729,63,FWD,RUN,0.184,2.158,0.092,9.918,4.609,0.224,20.616,63,1.333,537,2.625,23.5
DATA,MOTOR_BREAKIN_V3,000001,58055,509,513,0.227,0.141,17.412,0.334,17.078,63,FWD,RUN,0.184,3.142,0.106,10.893,4.609,0.224,20.616,63,1.333,536,2.620,23.5
DATA,MOTOR_BREAKIN_V3,000001,58155,508,512,0.253,0.168,15.518,0.334,15.183,63,FWD,RUN,0.210,3.194,0.106,8.748,4.609,0.224,20.616,63,1.333,536,2.620,23.5
DATA,MOTOR_BREAKIN_V3,000001,58255,508,513,0.253,0.141,17.858,5.293,12.565,63,FWD,RUN,0.197,2.477,0.092,6.770,4.609,0.224,20.616,63,1.333,537,2.625,23.5
DATA,MOTOR_BREAKIN_V3,000001,58355,508,513,0.253,0.141,12.871,0.390,12.481,63,FWD,RUN,0.197,2.461,0.053,8.943,4.609,0.224,20.616,63,1.333,536,2.620,23.5
DATA,MOTOR_BREAKIN_V3,000001,58455,510,514,0.200,0.115,16.743,0.390,16.353,63,FWD,RUN,0.158,2.576,0.079,8.943,4.609,0.224,20.616,63,1.333,536,2.620,23.5
DATA,MOTOR_BREAKIN_V3,000001,58555,508,513,0.253,0.141,14.487,0.362,14.125,63,FWD,RUN,0.197,2.785,0.132,8.859,4.609,0.224,20.616,63,1.333,536,2.620,23.5
DATA,MOTOR_BREAKIN_V3,000001,58655,513,514,0.121,0.115,14.570,4.652,9.918,63,FWD,RUN,0.118,1.169,0.132,8.859,4.609,0.224,20.616,63,1.333,536,2.620,23.5
DATA,MOTOR_BREAKIN_V3,000001,58755,511,515,0.174,0.088,19.891,6.268,13.623,63,FWD,RUN,0.131,1.786,0.092,7.633,4.609,0.224,20.616,63,1.333,536,2.620,23.5
DATA,MOTOR_BREAKIN_V3,000001,58855,509,514,0.227,0.115,14.013,0.334,13.679,63,FWD,RUN,0.171,2.336,0.092,7.355,4.609,0.224,20.616,63,1.333,536,2.620,23.5
DATA,MOTOR_BREAKIN_V3,000001,58955,508,513,0.253,0.141,13.233,0.362,12.871,63,FWD,RUN,0.197,2.538,0.092,4.513,4.609,0.224,20.616,63,1.333,537,2.625,23.5
DATA,MOTOR_BREAKIN_V3,000001,59055,508,514,0.253,0.115,13.762,0.362,13.400,63,FWD,RUN,0.184,2.465,0.092,7.606,4.609,0.224,20.616,63,1.333,536,2.620,23.5
DATA,MOTOR_BREAKIN_V3,000001,59155,511,514,0.174,0.115,14.180,4.346,9.834,63,FWD,RUN,0.144,1.419,0.092,10.503,4.609,0.224,20.616,63,1.333,531,2.595,23.5
DATA,MOTOR_BREAKIN_V3,000001,59255,508,513,0.253,0.141,10.865,0.306,10.559,63,FWD,RUN,0.197,2.082,0.092,11.589,4.609,0.224,20.616,63,1.333,536,2.620,23.5
DATA,MOTOR_BREAKIN_V3,000001,59355,509,514,0.227,0.115,14.543,0.334,14.208,63,FWD,RUN,0.171,2.426,0.106,7.132,4.609,0.224,20.616,63,1.333,538,2.630,23.5
DATA,MOTOR_BREAKIN_V3,000001,59455,507,512,0.279,0.168,17.551,0.362,17.189,63,FWD,RUN,0.224,3.843,0.132,8.887,4.609,0.224,20.616,63,1.333,537,2.625,23.5
DATA,MOTOR_BREAKIN_V3,000001,59555,512,514,0.147,0.115,11.199,0.167,11.032,63,FWD,RUN,0.131,1.447,0.106,6.213,4.609,0.224,20.616,63,1.333,537,2.625,23.4
DATA,MOTOR_BREAKIN_V3,000001,59655,509,514,0.227,0.115,15.378,0.390,14.988,63,FWD,RUN,0.171,2.559,0.079,5.544,4.609,0.224,20.616,63,1.333,536,2.620,23.5
DATA,MOTOR_BREAKIN_V3,000001,59755,509,514,0.227,0.115,14.654,0.418,14.236,63,FWD,RUN,0.171,2.431,0.092,5.210,4.609,0.224,20.616,63,1.333,537,2.625,23.5
DATA,MOTOR_BREAKIN_V3,000001,59854,508,513,0.253,0.141,12.537,0.334,12.202,63,FWD,RUN,0.197,2.406,0.106,10.475,4.609,0.224,20.616,63,1.333,536,2.620,23.5
DATA,MOTOR_BREAKIN_V3,000001,59955,508,512,0.253,0.168,16.437,0.390,16.047,63,FWD,RUN,0.210,3.376,0.132,10.475,4.609,0.224,20.616,63,1.333,537,2.625,23.5
DATA,MOTOR_BREAKIN_V3,000001,60055,508,513,0.253,0.141,15.713,0.836,14.877,63,FWD,RUN,0.197,2.933,0.119,9.416,4.609,0.224,20.616,63,1.333,536,2.620,23.5
DATA,MOTOR_BREAKIN_V3,000001,60155,508,513,0.253,0.141,13.205,0.446,12.760,63,FWD,RUN,0.197,2.516,0.092,10.001,4.609,0.224,20.616,63,1.333,536,2.620,23.5
DATA,MOTOR_BREAKIN_V3,000001,60255,509,513,0.227,0.141,11.896,0.279,11.617,63,FWD,RUN,0.184,2.137,0.092,6.352,4.609,0.224,20.616,63,1.333,536,2.620,23.5
DATA,MOTOR_BREAKIN_V3,000001,60355,509,512,0.227,0.168,11.450,3.092,8.358,63,FWD,RUN,0.197,1.648,0.079,7.912,4.609,0.224,20.616,63,1.333,537,2.625,23.5
DATA,MOTOR_BREAKIN_V3,000001,60455,509,514,0.227,0.115,11.979,3.928,8.051,63,FWD,RUN,0.171,1.375,0.106,8.720,4.609,0.224,20.616,63,1.333,536,2.620,23.5
DATA,MOTOR_BREAKIN_V3,000001,60555,509,515,0.227,0.088,10.698,0.306,10.391,63,FWD,RUN,0.158,1.637,0.106,9.806,4.609,0.224,20.616,63,1.333,536,2.620,23.5
DATA,MOTOR_BREAKIN_V3,000001,60655,513,516,0.121,0.062,12.899,0.362,12.537,63,FWD,RUN,0.091,1.147,0.106,9.723,4.609,0.224,20.616,63,1.333,536,2.620,23.5
DATA,MOTOR_BREAKIN_V3,000001,60755,508,512,0.253,0.168,14.738,0.446,14.292,63,FWD,RUN,0.210,3.007,0.119,6.073,4.609,0.224,20.616,63,1.333,536,2.620,23.5
DATA,MOTOR_BREAKIN_V3,000001,60855,511,515,0.174,0.088,14.821,0.306,14.515,63,FWD,RUN,0.131,1.903,0.119,5.711,4.609,0.224,20.616,63,1.333,536,2.620,23.5
DATA,MOTOR_BREAKIN_V3,000001,60955,508,513,0.253,0.141,13.345,0.362,12.982,63,FWD,RUN,0.197,2.560,0.119,6.352,4.609,0.224,20.616,63,1.333,537,2.625,23.5
DATA,MOTOR_BREAKIN_V3,000001,61055,508,514,0.253,0.115,12.732,0.334,12.397,63,FWD,RUN,0.184,2.281,0.092,5.795,4.609,0.224,20.616,63,1.333,536,2.620,23.5
DATA,MOTOR_BREAKIN_V3,000001,61155,509,513,0.227,0.141,11.868,0.362,11.506,63,FWD,RUN,0.184,2.117,0.079,5.962,4.609,0.224,20.616,63,1.333,536,2.620,23.5
DATA,MOTOR_BREAKIN_V3,000001,61255,514,515,0.095,0.088,11.394,0.251,11.144,63,FWD,RUN,0.091,1.019,0.106,6.742,4.609,0.224,20.616,63,1.333,536,2.620,23.5
DATA,MOTOR_BREAKIN_V3,000001,61355,508,513,0.253,0.141,13.484,0.474,13.010,63,FWD,RUN,0.197,2.565,0.106,3.065,4.609,0.224,20.616,63,1.333,537,2.625,23.5
DATA,MOTOR_BREAKIN_V3,000001,61455,512,516,0.147,0.062,11.478,0.279,11.199,63,FWD,RUN,0.105,1.173,0.106,7.383,4.609,0.224,20.616,63,1.333,535,2.615,23.5
DATA,MOTOR_BREAKIN_V3,000001,61555,509,512,0.227,0.168,9.305,0.334,8.971,63,FWD,RUN,0.197,1.769,0.119,7.968,4.609,0.224,20.616,63,1.333,536,2.620,23.5
DATA,MOTOR_BREAKIN_V3,000001,61655,514,516,0.095,0.062,11.729,0.251,11.478,63,FWD,RUN,0.078,0.898,0.145,4.680,4.609,0.224,20.616,63,1.333,536,2.620,23.5
DATA,MOTOR_BREAKIN_V3,000001,61755,508,512,0.253,0.168,10.726,0.724,10.001,63,FWD,RUN,0.210,2.104,0.132,5.572,4.609,0.224,20.616,63,1.333,537,2.625,23.5
DATA,MOTOR_BREAKIN_V3,000001,61855,512,515,0.147,0.088,10.252,0.279,9.974,63,FWD,RUN,0.118,1.176,0.132,4.764,4.609,0.224,20.616,63,1.333,536,2.620,23.5
DATA,MOTOR_BREAKIN_V3,000001,61955,509,513,0.227,0.141,12.676,0.362,12.314,63,FWD,RUN,0.184,2.265,0.106,5.795,4.609,0.224,20.616,63,1.333,536,2.620,23.5
DATA,MOTOR_BREAKIN_V3,000001,62055,510,513,0.200,0.141,9.556,0.418,9.138,63,FWD,RUN,0.171,1.560,0.053,7.076,4.609,0.224,20.616,63,1.333,536,2.620,23.5
DATA,MOTOR_BREAKIN_V3,000001,62155,512,514,0.147,0.115,8.525,0.279,8.246,63,FWD,RUN,0.131,1.081,0.079,5.349,4.609,0.224,20.616,63,1.333,536,2.620,23.5
DATA,MOTOR_BREAKIN_V3,000001,62255,512,515,0.147,0.088,8.664,0.251,8.413,63,FWD,RUN,0.118,0.992,0.106,5.321,4.609,0.224,20.616,63,1.333,537,2.625,23.5
DATA,MOTOR_BREAKIN_V3,000001,62355,508,513,0.253,0.141,10.587,0.390,10.196,63,FWD,RUN,0.197,2.010,0.106,4.123,4.609,0.224,20.616,63,1.333,536,2.620,23.5
DATA,MOTOR_BREAKIN_V3,000001,62455,509,513,0.227,0.141,12.202,0.279,11.924,63,FWD,RUN,0.184,2.193,0.106,4.736,4.609,0.224,20.616,63,1.333,537,2.625,23.5
DATA,MOTOR_BREAKIN_V3,000001,62555,511,515,0.174,0.088,11.172,0.223,10.949,63,FWD,RUN,0.131,1.436,0.106,4.736,4.609,0.224,20.616,63,1.333,536,2.620,23.5
DATA,MOTOR_BREAKIN_V3,000001,62655,510,513,0.200,0.141,12.509,0.418,12.091,63,FWD,RUN,0.171,2.064,0.079,4.346,4.609,0.224,20.616,63,1.333,536,2.620,23.5
DATA,MOTOR_BREAKIN_V3,000001,62755,509,513,0.227,0.141,10.280,0.390,9.890,63,FWD,RUN,0.184,1.819,0.119,3.900,4.609,0.224,20.616,63,1.333,536,2.620,23.5
DATA,MOTOR_BREAKIN_V3,000001,62855,513,515,0.121,0.088,9.918,0.279,9.639,63,FWD,RUN,0.105,1.009,0.106,4.569,4.609,0.224,20.616,63,1.333,536,2.620,23.5
DATA,MOTOR_BREAKIN_V3,000001,62955,508,512,0.253,0.168,11.701,0.362,11.339,63,FWD,RUN,0.210,2.385,0.106,3.705,4.609,0.224,20.616,63,1.333,537,2.625,23.5
DATA,MOTOR_BREAKIN_V3,000001,63054,508,511,0.253,0.194,10.698,0.446,10.252,63,FWD,RUN,0.224,2.292,0.119,2.368,4.609,0.224,20.616,63,1.333,537,2.625,23.5
DATA,MOTOR_BREAKIN_V3,000001,63155,509,513,0.227,0.141,12.592,0.306,12.286,63,FWD,RUN,0.184,2.260,0.119,2.452,4.609,0.224,20.616,63,1.333,537,2.625,23.5
DATA,MOTOR_BREAKIN_V3,000001,63255,511,513,0.174,0.141,12.537,0.362,12.174,63,FWD,RUN,0.158,1.918,0.106,5.377,4.609,0.224,20.616,63,1.333,536,2.620,23.5
DATA,MOTOR_BREAKIN_V3,000001,63355,507,513,0.279,0.141,9.472,0.362,9.110,63,FWD,RUN,0.210,1.916,0.132,5.265,4.609,0.224,20.616,63,1.333,536,2.620,23.5
DATA,MOTOR_BREAKIN_V3,000001,63455,509,514,0.227,0.115,10.921,0.223,10.698,63,FWD,RUN,0.171,1.827,0.132,5.098,4.609,0.224,20.616,63,1.333,537,2.625,23.5
DATA,MOTOR_BREAKIN_V3,000001,63555,509,514,0.227,0.115,10.670,0.585,10.085,63,FWD,RUN,0.171,1.722,0.092,5.377,4.609,0.224,20.616,63,1.333,537,2.625,23.4
DATA,MOTOR_BREAKIN_V3,000001,63655,508,513,0.253,0.141,9.249,0.334,8.915,63,FWD,RUN,0.197,1.758,0.137,4.430,4.609,0.224,20.616,63,1.333,537,2.625,23.5
DATA,MOTOR_BREAKIN_V3,000001,63755,508,512,0.253,0.168,10.336,0.390,9.946,63,FWD,RUN,0.210,2.092,0.150,3.455,4.609,0.224,20.616,63,1.333,536,2.620,23.5
DATA,MOTOR_BREAKIN_V3,000001,63855,508,513,0.253,0.141,11.032,0.334,10.698,63,FWD,RUN,0.197,2.109,0.145,5.377,4.609,0.224,20.616,63,1.333,537,2.625,23.5
DATA,MOTOR_BREAKIN_V3,000001,63955,511,514,0.174,0.115,11.701,0.362,11.339,63,FWD,RUN,0.144,1.636,0.132,5.600,4.609,0.224,20.616,63,1.333,537,2.625,23.5
DATA,MOTOR_BREAKIN_V3,000001,64055,510,513,0.200,0.141,9.890,3.733,6.157,63,FWD,RUN,0.171,1.051,0.066,5.655,4.609,0.224,20.616,63,1.333,536,2.620,23.5
DATA,MOTOR_BREAKIN_V3,000001,64155,508,512,0.253,0.168,12.397,0.251,12.147,63,FWD,RUN,0.210,2.555,0.092,5.990,4.609,0.224,20.616,63,1.333,536,2.620,23.5
DATA,MOTOR_BREAKIN_V3,000001,64255,509,513,0.227,0.141,9.695,3.482,6.213,63,FWD,RUN,0.184,1.143,0.092,6.185,4.609,0.224,20.616,63,1.333,536,2.620,23.5
DATA,MOTOR_BREAKIN_V3,000001,64355,513,515,0.121,0.088,11.952,0.251,11.701,63,FWD,RUN,0.105,1.225,0.106,5.739,4.609,0.224,20.616,63,1.333,537,2.625,23.5
DATA,MOTOR_BREAKIN_V3,000001,64455,510,514,0.200,0.115,11.589,0.390,11.199,63,FWD,RUN,0.158,1.764,0.106,5.182,4.609,0.224,20.616,63,1.333,536,2.620,23.5
DATA,MOTOR_BREAKIN_V3,000001,64555,509,513,0.227,0.141,8.525,3.343,5.182,63,FWD,RUN,0.184,0.953,0.092,6.240,4.609,0.224,20.616,63,1.333,536,2.620,23.4
DATA,MOTOR_BREAKIN_V3,000001,64655,514,515,0.095,0.088,9.611,0.167,9.444,63,FWD,RUN,0.091,0.864,0.092,6.352,4.609,0.224,20.616,63,1.333,536,2.620,23.5
DATA,MOTOR_BREAKIN_V3,000001,64755,509,514,0.227,0.115,9.221,0.334,8.887,63,FWD,RUN,0.171,1.517,0.119,5.098,4.609,0.224,20.616,63,1.333,536,2.620,23.5
DATA,MOTOR_BREAKIN_V3,000001,64855,508,512,0.253,0.168,9.723,0.390,9.333,63,FWD,RUN,0.210,1.963,0.079,5.711,4.609,0.224,20.616,63,1.333,536,2.620,23.5
DATA,MOTOR_BREAKIN_V3,000001,64955,509,513,0.227,0.141,10.642,0.306,10.336,63,FWD,RUN,0.184,1.901,0.132,7.828,4.609,0.224,20.616,63,1.333,536,2.620,23.5
DATA,MOTOR_BREAKIN_V3,000001,65055,512,515,0.147,0.088,10.391,2.953,7.438,63,FWD,RUN,0.118,0.877,0.132,6.073,4.609,0.224,20.616,63,1.333,536,2.620,23.5
DATA,MOTOR_BREAKIN_V3,000001,65155,508,513,0.253,0.141,10.698,0.306,10.391,63,FWD,RUN,0.197,2.049,0.092,5.293,4.609,0.224,20.616,63,1.333,536,2.620,23.4
DATA,MOTOR_BREAKIN_V3,000001,65255,512,514,0.147,0.115,12.035,0.306,11.729,63,FWD,RUN,0.131,1.538,0.092,3.176,4.609,0.224,20.616,63,1.333,536,2.620,23.5
DATA,MOTOR_BREAKIN_V3,000001,65355,509,512,0.227,0.168,12.202,3.984,8.218,63,FWD,RUN,0.197,1.620,0.106,3.789,4.609,0.224,20.616,63,1.333,537,2.625,23.5
DATA,MOTOR_BREAKIN_V3,000001,65455,510,514,0.200,0.115,9.779,0.306,9.472,63,FWD,RUN,0.158,1.492,0.119,2.507,4.609,0.224,20.616,63,1.333,536,2.620,23.5
DATA,MOTOR_BREAKIN_V3,000001,65555,508,512,0.253,0.168,11.199,4.430,6.770,63,FWD,RUN,0.210,1.424,0.145,5.405,4.609,0.224,20.616,63,1.333,536,2.620,23.5
DATA,MOTOR_BREAKIN_V3,000001,65655,508,513,0.253,0.141,9.194,2.981,6.213,63,FWD,RUN,0.197,1.225,0.145,5.962,4.609,0.224,20.616,63,1.333,536,2.620,23.5
DATA,MOTOR_BREAKIN_V3,000001,65755,509,513,0.227,0.141,9.249,0.529,8.720,63,FWD,RUN,0.184,1.604,0.040,4.207,4.609,0.224,20.616,63,1.333,536,2.620,23.5
DATA,MOTOR_BREAKIN_V3,000001,65855,508,512,0.253,0.168,8.609,2.563,6.045,63,FWD,RUN,0.210,1.272,0.053,3.733,4.609,0.224,20.616,63,1.333,536,2.620,23.5
DATA,MOTOR_BREAKIN_V3,000001,65955,508,512,0.253,0.168,7.522,0.446,7.076,63,FWD,RUN,0.210,1.489,0.053,4.820,4.609,0.224,20.616,63,1.333,536,2.620,23.4
DATA,MOTOR_BREAKIN_V3,000001,66055,510,514,0.200,0.115,10.419,0.334,10.085,63,FWD,RUN,0.158,1.589,0.119,4.820,4.609,0.224,20.616,63,1.333,537,2.625,23.4
DATA,MOTOR_BREAKIN_V3,000001,66155,511,513,0.174,0.141,8.302,0.251,8.051,63,FWD,RUN,0.158,1.268,0.132,3.343,4.609,0.224,20.616,63,1.333,536,2.620,23.5
DATA,MOTOR_BREAKIN_V3,000001,66254,513,515,0.121,0.088,6.213,1.811,4.402,63,FWD,RUN,0.105,0.461,0.159,6.993,4.609,0.224,20.616,63,1.333,537,2.625,23.5
DATA,MOTOR_BREAKIN_V3,000001,66355,508,512,0.253,0.168,10.893,0.613,10.280,63,FWD,RUN,0.210,2.163,0.145,6.603,4.609,0.224,20.616,63,1.333,536,2.620,23.4
DATA,MOTOR_BREAKIN_V3,000001,66455,510,515,0.200,0.088,6.129,0.362,5.767,63,FWD,RUN,0.144,0.832,0.106,6.213,4.609,0.224,20.616,63,1.333,536,2.620,23.5
DATA,MOTOR_BREAKIN_V3,000001,66555,509,512,0.227,0.168,8.023,2.702,5.321,63,FWD,RUN,0.197,1.049,0.092,6.658,4.609,0.224,20.616,63,1.333,536,2.620,23.5
DATA,MOTOR_BREAKIN_V3,000001,66655,512,515,0.147,0.088,10.977,3.371,7.606,63,FWD,RUN,0.118,0.897,0.119,6.157,4.609,0.224,20.616,63,1.333,536,2.620,23.4
DATA,MOTOR_BREAKIN_V3,000001,66755,508,513,0.253,0.141,5.795,0.390,5.405,63,FWD,RUN,0.197,1.066,0.119,5.460,4.609,0.224,20.616,63,1.333,537,2.625,23.5
DATA,MOTOR_BREAKIN_V3,000001,66855,511,514,0.174,0.115,6.547,2.396,4.151,63,FWD,RUN,0.144,0.599,0.106,6.380,4.609,0.224,20.616,63,1.333,536,2.620,23.4
DATA,MOTOR_BREAKIN_V3,000001,66955,512,515,0.147,0.088,10.503,0.362,10.141,63,FWD,RUN,0.118,1.196,0.092,6.380,4.609,0.224,20.616,63,1.333,536,2.620,23.4
DATA,MOTOR_BREAKIN_V3,000001,67055,509,513,0.227,0.141,6.686,0.334,6.352,63,FWD,RUN,0.184,1.168,0.092,5.572,4.609,0.224,20.616,63,1.333,536,2.620,23.5
DATA,MOTOR_BREAKIN_V3,000001,67155,512,514,0.147,0.115,8.079,0.251,7.828,63,FWD,RUN,0.131,1.026,0.106,5.572,4.609,0.224,20.616,63,1.333,537,2.625,23.5
DATA,MOTOR_BREAKIN_V3,000001,67255,510,513,0.200,0.141,8.135,0.223,7.912,63,FWD,RUN,0.171,1.351,0.079,4.290,4.609,0.224,20.616,63,1.333,536,2.620,23.4
DATA,MOTOR_BREAKIN_V3,000001,67355,508,512,0.253,0.168,6.658,1.644,5.015,63,FWD,RUN,0.210,1.055,0.079,3.538,4.609,0.224,20.616,63,1.333,536,2.620,23.5
DATA,MOTOR_BREAKIN_V3,000001,67455,509,513,0.227,0.141,3.900,1.365,2.535,63,FWD,RUN,0.184,0.466,0.079,6.798,4.609,0.224,20.616,63,1.333,536,2.620,23.4
DATA,MOTOR_BREAKIN_V3,000001,67555,507,513,0.279,0.141,8.887,0.390,8.497,63,FWD,RUN,0.210,1.788,0.066,6.798,4.609,0.224,20.616,63,1.333,536,2.620,23.4
DATA,MOTOR_BREAKIN_V3,000001,67655,509,514,0.227,0.115,10.754,3.650,7.104,63,FWD,RUN,0.171,1.213,0.106,5.349,4.609,0.224,20.616,63,1.333,537,2.625,23.5
DATA,MOTOR_BREAKIN_V3,000001,67755,508,513,0.253,0.141,9.416,3.371,6.045,63,FWD,RUN,0.197,1.192,0.119,4.374,4.609,0.224,20.616,63,1.333,537,2.625,23.5
DATA,MOTOR_BREAKIN_V3,000001,67855,511,515,0.174,0.088,10.503,0.362,10.141,63,FWD,RUN,0.131,1.330,0.132,7.160,4.609,0.224,20.616,63,1.333,537,2.625,23.5
DATA,MOTOR_BREAKIN_V3,000001,67955,513,515,0.121,0.088,12.174,0.362,11.812,63,FWD,RUN,0.105,1.237,0.106,8.692,4.609,0.224,20.616,63,1.333,536,2.620,23.5
DATA,MOTOR_BREAKIN_V3,000001,68055,508,512,0.253,0.168,8.831,0.334,8.497,63,FWD,RUN,0.210,1.788,0.106,9.472,4.609,0.224,20.616,63,1.333,537,2.625,23.5
DATA,MOTOR_BREAKIN_V3,000001,68155,509,513,0.227,0.141,7.411,2.563,4.848,63,FWD,RUN,0.184,0.892,0.106,6.157,4.609,0.224,20.616,63,1.333,536,2.620,23.4
DATA,MOTOR_BREAKIN_V3,000001,68255,508,513,0.253,0.141,9.444,3.594,5.850,63,FWD,RUN,0.197,1.153,0.106,6.352,4.609,0.224,20.616,63,1.333,536,2.620,23.5
DATA,MOTOR_BREAKIN_V3,000001,68355,510,513,0.200,0.141,8.358,0.334,8.023,63,FWD,RUN,0.171,1.370,0.106,5.488,4.609,0.224,20.616,63,1.333,536,2.620,23.5
DATA,MOTOR_BREAKIN_V3,000001,68455,508,513,0.253,0.141,8.609,0.334,8.274,63,FWD,RUN,0.197,1.631,0.026,5.405,4.609,0.224,20.616,63,1.333,536,2.620,23.4
DATA,MOTOR_BREAKIN_V3,000001,68555,507,512,0.279,0.168,13.150,4.875,8.274,63,FWD,RUN,0.224,1.850,0.145,7.243,4.609,0.224,20.616,63,1.333,536,2.620,23.5
DATA,MOTOR_BREAKIN_V3,000001,68655,511,514,0.174,0.115,7.661,3.009,4.652,63,FWD,RUN,0.144,0.671,0.145,7.633,4.609,0.224,20.616,63,1.333,536,2.620,23.4
DATA,MOTOR_BREAKIN_V3,000001,68755,508,513,0.253,0.141,7.438,0.362,7.076,63,FWD,RUN,0.197,1.395,0.106,4.903,4.609,0.224,20.616,63,1.333,537,2.625,23.4
DATA,MOTOR_BREAKIN_V3,000001,68855,511,513,0.174,0.141,6.157,2.870,3.287,63,FWD,RUN,0.158,0.518,0.066,9.221,4.609,0.224,20.616,63,1.333,536,2.620,23.4
DATA,MOTOR_BREAKIN_V3,000001,68955,508,512,0.253,0.168,10.921,0.585,10.336,63,FWD,RUN,0.210,2.174,0.066,9.221,4.609,0.224,20.616,63,1.333,536,2.620,23.5
DATA,MOTOR_BREAKIN_V3,000001,69055,508,512,0.253,0.168,11.311,0.390,10.921,63,FWD,RUN,0.210,2.297,0.066,8.051,4.609,0.224,20.616,63,1.333,536,2.620,23.4
DATA,MOTOR_BREAKIN_V3,000001,69155,509,514,0.227,0.115,8.636,0.390,8.246,63,FWD,RUN,0.171,1.408,0.053,7.856,4.609,0.224,20.616,63,1.333,536,2.620,23.4
DATA,MOTOR_BREAKIN_V3,000001,69255,507,512,0.279,0.168,10.559,0.306,10.252,63,FWD,RUN,0.224,2.292,0.145,6.519,4.609,0.224,20.616,63,1.333,536,2.620,23.4
DATA,MOTOR_BREAKIN_V3,000001,69355,514,515,0.095,0.088,8.302,2.591,5.711,63,FWD,RUN,0.091,0.522,0.145,5.349,4.609,0.224,20.616,63,1.333,536,2.620,23.4
DATA,MOTOR_BREAKIN_V3,000001,69454,508,513,0.253,0.141,7.383,2.563,4.820,63,FWD,RUN,0.197,0.950,0.106,4.485,4.609,0.224,20.616,63,1.333,537,2.625,23.4
DATA,MOTOR_BREAKIN_V3,000001,69555,508,513,0.253,0.141,6.658,2.870,3.789,63,FWD,RUN,0.197,0.747,0.040,8.079,4.609,0.224,20.616,63,1.333,537,2.625,23.5
DATA,MOTOR_BREAKIN_V3,000001,69655,509,514,0.227,0.115,9.556,0.529,9.026,63,FWD,RUN,0.171,1.541,0.092,8.107,4.609,0.224,20.616,63,1.333,536,2.620,23.4
DATA,MOTOR_BREAKIN_V3,000001,69755,511,514,0.174,0.115,8.609,3.287,5.321,63,FWD,RUN,0.144,0.768,0.079,7.996,4.609,0.224,20.616,63,1.333,536,2.620,23.5
DATA,MOTOR_BREAKIN_V3,000001,69855,509,513,0.227,0.141,7.856,0.362,7.494,63,FWD,RUN,0.184,1.379,0.106,8.441,4.609,0.224,20.616,63,1.333,536,2.620,23.4
DATA,MOTOR_BREAKIN_V3,000001,69955,510,513,0.200,0.141,9.026,3.622,5.405,63,FWD,RUN,0.171,0.923,0.132,6.018,4.609,0.224,20.616,63,1.333,537,2.625,23.4
DATA,MOTOR_BREAKIN_V3,000001,70055,508,512,0.253,0.168,10.447,0.279,10.169,63,FWD,RUN,0.210,2.139,0.132,10.559,4.609,0.224,20.616,63,1.333,537,2.625,23.4
DATA,MOTOR_BREAKIN_V3,000001,70155,509,513,0.227,0.141,8.023,3.232,4.792,63,FWD,RUN,0.184,0.881,0.106,10.559,4.609,0.224,20.616,63,1.333,537,2.625,23.4
DATA,MOTOR_BREAKIN_V3,000001,70255,507,512,0.279,0.168,8.497,0.446,8.051,63,FWD,RUN,0.224,1.800,0.119,5.182,4.609,0.224,20.616,63,1.333,536,2.620,23.4
DATA,MOTOR_BREAKIN_V3,000001,70355,509,513,0.227,0.141,12.035,0.334,11.701,63,FWD,RUN,0.184,2.152,0.092,7.968,4.609,0.224,20.616,63,1.333,537,2.625,23.4
DATA,MOTOR_BREAKIN_V3,000001,70455,509,513,0.227,0.141,9.918,0.334,9.584,63,FWD,RUN,0.184,1.763,0.092,8.330,4.609,0.224,20.616,63,1.333,536,2.620,23.4
DATA,MOTOR_BREAKIN_V3,000001,70555,509,513,0.227,0.141,8.525,0.223,8.302,63,FWD,RUN,0.184,1.527,0.092,6.658,4.609,0.224,20.616,63,1.333,536,2.620,23.4
DATA,MOTOR_BREAKIN_V3,000001,70655,509,513,0.227,0.141,10.642,3.566,7.076,63,FWD,RUN,0.184,1.302,0.119,2.897,4.609,0.224,20.616,63,1.333,536,2.620,23.4
DATA,MOTOR_BREAKIN_V3,000001,70755,511,514,0.174,0.115,8.971,0.362,8.609,63,FWD,RUN,0.144,1.242,0.119,4.652,4.609,0.224,20.616,63,1.333,536,2.620,23.4
DATA,MOTOR_BREAKIN_V3,000001,70855,514,515,0.095,0.088,11.673,3.956,7.717,63,FWD,RUN,0.091,0.706,0.132,7.327,4.609,0.224,20.616,63,1.333,537,2.625,23.4
DATA,MOTOR_BREAKIN_V3,000001,70955,508,513,0.253,0.141,9.974,0.362,9.611,63,FWD,RUN,0.197,1.895,0.132,7.327,4.609,0.224,20.616,63,1.333,537,2.625,23.4
DATA,MOTOR_BREAKIN_V3,000001,71055,508,513,0.253,0.141,10.754,0.279,10.475,63,FWD,RUN,0.197,2.065,0.066,8.302,4.609,0.224,20.616,63,1.333,536,2.620,23.4
DATA,MOTOR_BREAKIN_V3,000001,71155,509,512,0.227,0.168,10.057,0.334,9.723,63,FWD,RUN,0.197,1.917,0.066,8.999,4.609,0.224,20.616,63,1.333,537,2.625,23.4
DATA,MOTOR_BREAKIN_V3,000001,71255,509,512,0.227,0.168,11.367,0.306,11.060,63,FWD,RUN,0.197,2.181,0.092,5.349,4.609,0.224,20.616,63,1.333,537,2.625,23.4
DATA,MOTOR_BREAKIN_V3,000001,71355,509,513,0.227,0.141,9.221,0.390,8.831,63,FWD,RUN,0.184,1.625,0.106,7.327,4.609,0.224,20.616,63,1.333,536,2.620,23.4
DATA,MOTOR_BREAKIN_V3,000001,71455,511,514,0.174,0.115,8.999,0.306,8.692,63,FWD,RUN,0.144,1.254,0.079,7.884,4.609,0.224,20.616,63,1.333,536,2.620,23.4
DATA,MOTOR_BREAKIN_V3,000001,71555,508,513,0.253,0.141,8.581,2.925,5.655,63,FWD,RUN,0.197,1.115,0.190,6.213,4.609,0.224,20.616,63,1.333,536,2.620,23.4
DATA,MOTOR_BREAKIN_V3,000001,71655,510,514,0.200,0.115,9.054,3.817,5.238,63,FWD,RUN,0.158,0.825,0.163,6.185,4.609,0.224,20.616,63,1.333,537,2.625,23.4
DATA,MOTOR_BREAKIN_V3,000001,71755,510,513,0.200,0.141,7.968,3.427,4.541,63,FWD,RUN,0.171,0.775,0.119,7.104,4.609,0.224,20.616,63,1.333,536,2.620,23.4
DATA,MOTOR_BREAKIN_V3,000001,71855,509,514,0.227,0.115,7.299,0.334,6.965,63,FWD,RUN,0.171,1.189,0.119,7.745,4.609,0.224,20.616,63,1.333,537,2.625,23.4
DATA,MOTOR_BREAKIN_V3,000001,71955,509,513,0.227,0.141,8.246,0.390,7.856,63,FWD,RUN,0.184,1.445,0.092,8.386,4.609,0.224,20.616,63,1.333,537,2.625,23.4
DATA,MOTOR_BREAKIN_V3,000001,72055,509,513,0.227,0.141,12.565,0.279,12.286,63,FWD,RUN,0.184,2.260,0.092,7.606,4.609,0.224,20.616,63,1.333,536,2.620,23.4
DATA,MOTOR_BREAKIN_V3,000001,72155,509,513,0.227,0.141,8.636,0.362,8.274,63,FWD,RUN,0.184,1.522,0.132,7.661,4.609,0.224,20.616,63,1.333,536,2.620,23.4
DATA,MOTOR_BREAKIN_V3,000001,72255,509,512,0.227,0.168,12.035,0.334,11.701,63,FWD,RUN,0.197,2.307,0.132,7.076,4.609,0.224,20.616,63,1.333,536,2.620,23.4
ERROR,UNKNOWN_COMMAND
DATA,MOTOR_BREAKIN_V3,000001,72355,510,514,0.200,0.115,11.255,0.362,10.893,63,FWD,RUN,0.158,1.716,0.092,7.299,4.609,0.224,20.616,63,1.333,536,2.620,23.4
DATA,MOTOR_BREAKIN_V3,000001,72455,513,515,0.121,0.088,11.088,3.900,7.188,63,FWD,RUN,0.105,0.753,0.106,5.767,4.609,0.224,20.616,63,1.333,536,2.620,23.4
DATA,MOTOR_BREAKIN_V3,000001,72555,508,513,0.253,0.141,10.336,0.864,9.472,63,FWD,RUN,0.197,1.868,0.106,8.943,4.609,0.224,20.616,63,1.333,536,2.620,23.4
DATA,MOTOR_BREAKIN_V3,000001,72654,511,515,0.174,0.088,8.441,0.251,8.191,63,FWD,RUN,0.131,1.074,0.092,8.553,4.609,0.224,20.616,63,1.333,537,2.625,23.4
DATA,MOTOR_BREAKIN_V3,000001,72755,509,513,0.227,0.141,9.361,2.117,7.243,63,FWD,RUN,0.184,1.332,0.119,4.040,4.609,0.224,20.616,63,1.333,537,2.625,23.4
DATA,MOTOR_BREAKIN_V3,000001,72855,512,515,0.147,0.088,9.305,3.482,5.823,63,FWD,RUN,0.118,0.687,0.106,5.962,4.609,0.224,20.616,63,1.333,537,2.625,23.4
DATA,MOTOR_BREAKIN_V3,000001,72955,508,513,0.253,0.141,8.441,0.390,8.051,63,FWD,RUN,0.197,1.587,0.079,5.906,4.609,0.224,20.616,63,1.333,536,2.620,23.4
DATA,MOTOR_BREAKIN_V3,000001,73055,508,513,0.253,0.141,12.147,0.334,11.812,63,FWD,RUN,0.197,2.329,0.132,6.993,4.609,0.224,20.616,63,1.333,536,2.620,23.4
DATA,MOTOR_BREAKIN_V3,000001,73155,508,513,0.253,0.141,8.107,3.371,4.736,63,FWD,RUN,0.197,0.934,0.132,7.076,4.609,0.224,20.616,63,1.333,536,2.620,23.4
DATA,MOTOR_BREAKIN_V3,000001,73255,513,515,0.121,0.088,10.949,3.677,7.271,63,FWD,RUN,0.105,0.761,0.119,6.965,4.609,0.224,20.616,63,1.333,537,2.625,23.4
DATA,MOTOR_BREAKIN_V3,000001,73355,512,514,0.147,0.115,10.419,0.334,10.085,63,FWD,RUN,0.131,1.322,0.132,5.238,4.609,0.224,20.616,63,1.333,536,2.620,23.4
DATA,MOTOR_BREAKIN_V3,000001,73455,510,513,0.200,0.141,9.333,0.362,8.971,63,FWD,RUN,0.171,1.532,0.092,4.179,4.609,0.224,20.616,63,1.333,536,2.620,23.4
DATA,MOTOR_BREAKIN_V3,000001,73555,511,514,0.174,0.115,12.258,0.251,12.007,63,FWD,RUN,0.144,1.733,0.066,6.770,4.609,0.224,20.616,63,1.333,537,2.625,23.4
DATA,MOTOR_BREAKIN_V3,000001,73655,508,512,0.253,0.168,9.082,0.334,8.748,63,FWD,RUN,0.210,1.840,0.106,6.853,4.609,0.224,20.616,63,1.333,537,2.625,23.4
DATA,MOTOR_BREAKIN_V3,000001,73755,509,513,0.227,0.141,8.163,0.334,7.828,63,FWD,RUN,0.184,1.440,0.119,6.380,4.609,0.224,20.616,63,1.333,536,2.620,23.4
DATA,MOTOR_BREAKIN_V3,000001,73855,508,513,0.253,0.141,7.856,2.897,4.959,63,FWD,RUN,0.197,0.978,0.106,5.321,4.609,0.224,20.616,63,1.333,536,2.620,23.4
DATA,MOTOR_BREAKIN_V3,000001,73955,508,514,0.253,0.115,10.447,1.644,8.804,63,FWD,RUN,0.184,1.619,0.092,5.265,4.609,0.224,20.616,63,1.333,536,2.620,23.4
DATA,MOTOR_BREAKIN_V3,000001,74055,509,513,0.227,0.141,9.110,0.390,8.720,63,FWD,RUN,0.184,1.604,0.119,4.875,4.609,0.224,20.616,63,1.333,537,2.625,23.4
DATA,MOTOR_BREAKIN_V3,000001,74155,509,514,0.227,0.115,9.277,0.334,8.943,63,FWD,RUN,0.171,1.527,0.132,5.906,4.609,0.224,20.616,63,1.333,536,2.620,23.4
DATA,MOTOR_BREAKIN_V3,000001,74255,509,513,0.227,0.141,9.221,1.449,7.773,63,FWD,RUN,0.184,1.430,0.119,5.488,4.609,0.224,20.616,63,1.333,536,2.620,23.4
DATA,MOTOR_BREAKIN_V3,000001,74355,508,514,0.253,0.115,11.784,4.207,7.578,63,FWD,RUN,0.184,1.394,0.106,5.600,4.609,0.224,20.616,63,1.333,536,2.620,23.4
DATA,MOTOR_BREAKIN_V3,000001,74455,508,512,0.253,0.168,12.732,5.628,7.104,63,FWD,RUN,0.210,1.495,0.040,6.296,4.609,0.224,20.616,63,1.333,536,2.620,23.4
DATA,MOTOR_BREAKIN_V3,000001,74555,508,513,0.253,0.141,12.760,1.170,11.589,63,FWD,RUN,0.197,2.285,0.066,5.823,4.609,0.224,20.616,63,1.333,537,2.625,23.4
DATA,MOTOR_BREAKIN_V3,000001,74655,509,513,0.227,0.141,11.478,0.613,10.865,63,FWD,RUN,0.184,1.999,0.053,8.330,4.609,0.224,20.616,63,1.333,537,2.625,23.4
DATA,MOTOR_BREAKIN_V3,000001,74755,510,514,0.200,0.115,12.760,0.279,12.481,63,FWD,RUN,0.158,1.966,0.053,8.497,4.609,0.224,20.616,63,1.333,536,2.620,23.4
DATA,MOTOR_BREAKIN_V3,000001,74855,508,514,0.253,0.115,13.177,0.362,12.815,63,FWD,RUN,0.184,2.357,0.132,6.491,4.609,0.224,20.616,63,1.333,536,2.620,23.4
DATA,MOTOR_BREAKIN_V3,000001,74955,515,517,0.068,0.000,12.202,4.235,7.968,63,FWD,RUN,0.034,0.271,0.190,5.015,4.609,0.224,20.616,63,1.333,537,2.625,23.4
DATA,MOTOR_BREAKIN_V3,000001,75055,513,515,0.121,0.088,11.367,6.157,5.210,63,FWD,RUN,0.105,0.545,0.176,7.633,4.609,0.224,20.616,63,1.333,536,2.620,23.4
DATA,MOTOR_BREAKIN_V3,000001,75155,510,513,0.200,0.141,9.751,1.504,8.246,63,FWD,RUN,0.171,1.408,0.119,7.633,4.609,0.224,20.616,63,1.333,536,2.620,23.4
DATA,MOTOR_BREAKIN_V3,000001,75255,508,513,0.253,0.141,14.069,0.390,13.679,63,FWD,RUN,0.197,2.697,0.106,7.996,4.609,0.224,20.616,63,1.333,537,2.625,23.4
DATA,MOTOR_BREAKIN_V3,000001,75355,509,512,0.227,0.168,9.082,0.334,8.748,63,FWD,RUN,0.197,1.725,0.079,7.940,4.609,0.224,20.616,63,1.333,536,2.620,23.4
DATA,MOTOR_BREAKIN_V3,000001,75455,507,513,0.279,0.141,10.224,0.334,9.890,63,FWD,RUN,0.210,2.081,0.106,7.996,4.609,0.224,20.616,63,1.333,537,2.625,23.4
DATA,MOTOR_BREAKIN_V3,000001,75555,508,512,0.253,0.168,12.342,4.931,7.411,63,FWD,RUN,0.210,1.559,0.132,7.104,4.609,0.224,20.616,63,1.333,537,2.625,23.4
DATA,MOTOR_BREAKIN_V3,000001,75655,508,514,0.253,0.115,10.921,0.334,10.587,63,FWD,RUN,0.184,1.947,0.132,6.157,4.609,0.224,20.616,63,1.333,537,2.625,23.4
DATA,MOTOR_BREAKIN_V3,000001,75755,509,512,0.227,0.168,11.255,0.362,10.893,63,FWD,RUN,0.197,2.148,0.145,6.463,4.609,0.224,20.616,63,1.333,536,2.620,23.4
DATA,MOTOR_BREAKIN_V3,000001,75854,509,514,0.227,0.115,13.707,5.823,7.884,63,FWD,RUN,0.171,1.346,0.132,6.686,4.609,0.224,20.616,63,1.333,537,2.625,23.4
DATA,MOTOR_BREAKIN_V3,000001,75955,508,512,0.253,0.168,13.317,4.931,8.386,63,FWD,RUN,0.210,1.764,0.066,5.990,4.609,0.224,20.616,63,1.333,537,2.625,23.4
DATA,MOTOR_BREAKIN_V3,000001,76055,510,513,0.200,0.141,13.372,0.251,13.122,63,FWD,RUN,0.171,2.240,0.119,5.711,4.609,0.224,20.616,63,1.333,536,2.620,23.4
DATA,MOTOR_BREAKIN_V3,000001,76155,509,513,0.227,0.141,11.840,0.390,11.450,63,FWD,RUN,0.184,2.106,0.106,6.324,4.609,0.224,20.616,63,1.333,537,2.625,23.4
DATA,MOTOR_BREAKIN_V3,000001,76255,510,514,0.200,0.115,12.843,7.021,5.823,63,FWD,RUN,0.158,0.917,0.106,7.299,4.609,0.224,20.616,63,1.333,536,2.620,23.3
DATA,MOTOR_BREAKIN_V3,000001,76355,509,513,0.227,0.141,13.010,0.390,12.620,63,FWD,RUN,0.184,2.322,0.119,7.299,4.609,0.224,20.616,63,1.333,537,2.625,23.4
DATA,MOTOR_BREAKIN_V3,000001,76455,507,513,0.279,0.141,14.738,0.390,14.348,63,FWD,RUN,0.210,3.018,0.119,7.216,4.609,0.224,20.616,63,1.333,536,2.620,23.4
DATA,MOTOR_BREAKIN_V3,000001,76555,508,514,0.253,0.115,13.902,0.306,13.595,63,FWD,RUN,0.184,2.501,0.119,7.522,4.609,0.224,20.616,63,1.333,537,2.625,23.4
DATA,MOTOR_BREAKIN_V3,000001,76655,513,515,0.121,0.088,13.010,4.848,8.163,63,FWD,RUN,0.105,0.855,0.106,8.023,4.609,0.224,20.616,63,1.333,536,2.620,23.4
DATA,MOTOR_BREAKIN_V3,000001,76755,508,513,0.253,0.141,12.676,0.362,12.314,63,FWD,RUN,0.197,2.428,0.106,8.720,4.609,0.224,20.616,63,1.333,536,2.620,23.4
DATA,MOTOR_BREAKIN_V3,000001,76855,508,512,0.253,0.168,15.490,5.572,9.918,63,FWD,RUN,0.210,2.086,0.119,9.639,4.609,0.224,20.616,63,1.333,536,2.620,23.4
DATA,MOTOR_BREAKIN_V3,000001,76955,509,512,0.227,0.168,16.353,0.390,15.963,63,FWD,RUN,0.197,3.147,0.119,9.082,4.609,0.224,20.616,63,1.333,536,2.620,23.4
DATA,MOTOR_BREAKIN_V3,000001,77055,509,513,0.227,0.141,13.874,5.126,8.748,63,FWD,RUN,0.184,1.609,0.119,9.082,4.609,0.224,20.616,63,1.333,536,2.620,23.4
DATA,MOTOR_BREAKIN_V3,000001,77155,508,513,0.253,0.141,14.905,0.306,14.598,63,FWD,RUN,0.197,2.878,0.106,8.999,4.609,0.224,20.616,63,1.333,537,2.625,23.4
DATA,MOTOR_BREAKIN_V3,000001,77255,511,514,0.174,0.115,14.236,6.463,7.773,63,FWD,RUN,0.144,1.122,0.066,10.224,4.609,0.224,20.616,63,1.333,537,2.625,23.4
DATA,MOTOR_BREAKIN_V3,000001,77355,509,513,0.227,0.141,14.041,4.875,9.166,63,FWD,RUN,0.184,1.686,0.066,8.692,4.609,0.224,20.616,63,1.333,537,2.625,23.4
DATA,MOTOR_BREAKIN_V3,000001,77455,508,513,0.253,0.141,16.409,0.362,16.047,63,FWD,RUN,0.197,3.164,0.040,8.246,4.609,0.224,20.616,63,1.333,536,2.620,23.4
DATA,MOTOR_BREAKIN_V3,000001,77555,510,514,0.200,0.115,15.323,5.488,9.834,63,FWD,RUN,0.158,1.549,0.053,9.667,4.609,0.224,20.616,63,1.333,536,2.620,23.4
DATA,MOTOR_BREAKIN_V3,000001,77655,509,513,0.227,0.141,16.019,6.018,10.001,63,FWD,RUN,0.184,1.840,0.066,9.611,4.609,0.224,20.616,63,1.333,536,2.620,23.4
DATA,MOTOR_BREAKIN_V3,000001,77755,509,513,0.227,0.141,15.462,5.850,9.611,63,FWD,RUN,0.184,1.768,0.040,9.249,4.609,0.224,20.616,63,1.333,536,2.620,23.4
DATA,MOTOR_BREAKIN_V3,000001,77855,509,512,0.227,0.168,16.019,0.390,15.629,63,FWD,RUN,0.197,3.081,0.040,11.311,4.609,0.224,20.616,63,1.333,536,2.620,23.4
DATA,MOTOR_BREAKIN_V3,000001,77955,512,515,0.147,0.088,15.768,5.990,9.779,63,FWD,RUN,0.118,1.153,0.092,10.921,4.609,0.224,20.616,63,1.333,536,2.620,23.4
DATA,MOTOR_BREAKIN_V3,000001,78055,508,513,0.253,0.141,16.688,0.306,16.381,63,FWD,RUN,0.197,3.230,0.092,8.191,4.609,0.224,20.616,63,1.333,536,2.620,23.3
DATA,MOTOR_BREAKIN_V3,000001,78155,509,513,0.227,0.141,16.548,4.903,11.645,63,FWD,RUN,0.184,2.142,0.119,8.776,4.609,0.224,20.616,63,1.333,536,2.620,23.4
DATA,MOTOR_BREAKIN_V3,000001,78255,508,512,0.253,0.168,15.880,0.390,15.490,63,FWD,RUN,0.210,3.259,0.119,8.859,4.609,0.224,20.616,63,1.333,536,2.620,23.4
DATA,MOTOR_BREAKIN_V3,000001,78355,509,513,0.227,0.141,18.304,7.048,11.255,63,FWD,RUN,0.184,2.070,0.079,6.463,4.609,0.224,20.616,63,1.333,536,2.620,23.4
DATA,MOTOR_BREAKIN_V3,000001,78455,508,514,0.253,0.115,18.554,1.114,17.440,63,FWD,RUN,0.184,3.208,0.040,8.413,4.609,0.224,20.616,63,1.333,536,2.620,23.4
DATA,MOTOR_BREAKIN_V3,000001,78555,513,514,0.121,0.115,18.526,0.223,18.304,63,FWD,RUN,0.118,2.158,0.066,10.391,4.609,0.224,20.616,63,1.333,536,2.620,23.4
DATA,MOTOR_BREAKIN_V3,000001,78655,508,512,0.253,0.168,16.298,7.160,9.138,63,FWD,RUN,0.210,1.922,0.092,13.484,4.609,0.224,20.616,63,1.333,536,2.620,23.4
DATA,MOTOR_BREAKIN_V3,000001,78755,512,514,0.147,0.115,19.836,8.553,11.283,63,FWD,RUN,0.131,1.479,0.092,14.152,4.609,0.224,20.616,63,1.333,536,2.620,23.4
DATA,MOTOR_BREAKIN_V3,000001,78855,511,514,0.174,0.115,19.111,7.438,11.673,63,FWD,RUN,0.144,1.685,0.119,5.238,4.609,0.224,20.616,63,1.333,536,2.620,23.4
DATA,MOTOR_BREAKIN_V3,000001,78955,512,514,0.147,0.115,18.833,6.240,12.592,63,FWD,RUN,0.131,1.651,0.119,10.280,4.609,0.224,20.616,63,1.333,536,2.620,23.4
DATA,MOTOR_BREAKIN_V3,000001,79054,508,513,0.253,0.141,20.477,7.355,13.122,63,FWD,RUN,0.197,2.587,0.132,12.202,4.609,0.224,20.616,63,1.333,536,2.620,23.4
DATA,MOTOR_BREAKIN_V3,000001,79155,508,513,0.253,0.141,17.635,6.185,11.450,63,FWD,RUN,0.197,2.258,0.106,11.812,4.609,0.224,20.616,63,1.333,537,2.625,23.3
DATA,MOTOR_BREAKIN_V3,000001,79255,508,513,0.253,0.141,19.362,8.330,11.032,63,FWD,RUN,0.197,2.175,0.119,5.265,4.609,0.224,20.616,63,1.333,536,2.620,23.4
DATA,MOTOR_BREAKIN_V3,000001,79355,507,512,0.279,0.168,21.006,8.163,12.843,63,FWD,RUN,0.224,2.872,0.119,9.806,4.609,0.224,20.616,63,1.333,537,2.625,23.4
DATA,MOTOR_BREAKIN_V3,000001,79455,508,513,0.253,0.141,19.529,7.578,11.952,63,FWD,RUN,0.197,2.356,0.079,11.506,4.609,0.224,20.616,63,1.333,537,2.625,23.4
DATA,MOTOR_BREAKIN_V3,000001,79555,511,514,0.174,0.115,17.106,8.135,8.971,63,FWD,RUN,0.144,1.295,0.079,11.617,4.609,0.224,20.616,63,1.333,536,2.620,23.3
DATA,MOTOR_BREAKIN_V3,000001,79655,508,513,0.253,0.141,15.462,0.390,15.072,63,FWD,RUN,0.197,2.972,0.079,9.249,4.609,0.224,20.616,63,1.333,536,2.620,23.4
DATA,MOTOR_BREAKIN_V3,000001,79755,509,512,0.227,0.168,18.499,0.390,18.109,63,FWD,RUN,0.197,3.570,0.119,9.946,4.609,0.224,20.616,63,1.333,536,2.620,23.4
DATA,MOTOR_BREAKIN_V3,000001,79855,510,514,0.200,0.115,18.499,7.633,10.865,63,FWD,RUN,0.158,1.712,0.119,9.611,4.609,0.224,20.616,63,1.333,536,2.620,23.4
DATA,MOTOR_BREAKIN_V3,000001,79955,508,513,0.253,0.141,18.415,0.390,18.025,63,FWD,RUN,0.197,3.554,0.079,9.361,4.609,0.224,20.616,63,1.333,537,2.625,23.4
DATA,MOTOR_BREAKIN_V3,000001,80055,509,513,0.227,0.141,16.130,0.390,15.740,63,FWD,RUN,0.184,2.896,0.066,9.138,4.609,0.224,20.616,63,1.333,536,2.620,23.3
DATA,MOTOR_BREAKIN_V3,000001,80155,509,513,0.227,0.141,16.771,6.018,10.754,63,FWD,RUN,0.184,1.978,0.053,9.779,4.609,0.224,20.616,63,1.333,536,2.620,23.4
DATA,MOTOR_BREAKIN_V3,000001,80255,509,514,0.227,0.115,20.922,0.334,20.588,63,FWD,RUN,0.171,3.515,0.053,11.562,4.609,0.224,20.616,63,1.333,536,2.620,23.4
DATA,MOTOR_BREAKIN_V3,000001,80355,514,516,0.095,0.062,19.306,6.547,12.760,63,FWD,RUN,0.078,0.999,0.119,11.562,4.609,0.224,20.616,63,1.333,536,2.620,23.4
DATA,MOTOR_BREAKIN_V3,000001,80455,513,515,0.121,0.088,13.651,4.485,9.166,63,FWD,RUN,0.105,0.960,0.132,9.082,4.609,0.224,20.616,63,1.333,536,2.620,23.3
DATA,MOTOR_BREAKIN_V3,000001,80555,508,513,0.253,0.141,20.142,0.334,19.808,63,FWD,RUN,0.197,3.905,0.106,10.642,4.609,0.224,20.616,63,1.333,536,2.620,23.4
DATA,MOTOR_BREAKIN_V3,000001,80655,509,513,0.227,0.141,17.217,0.362,16.855,63,FWD,RUN,0.184,3.101,0.092,7.940,4.609,0.224,20.616,63,1.333,536,2.620,23.4
DATA,MOTOR_BREAKIN_V3,000001,80755,508,512,0.253,0.168,21.953,7.243,14.710,63,FWD,RUN,0.210,3.095,0.119,9.806,4.609,0.224,20.616,63,1.333,536,2.620,23.4
DATA,MOTOR_BREAKIN_V3,000001,80855,509,513,0.227,0.141,19.418,6.463,12.955,63,FWD,RUN,0.184,2.383,0.119,9.194,4.609,0.224,20.616,63,1.333,536,2.620,23.3
DATA,MOTOR_BREAKIN_V3,000001,80955,509,513,0.227,0.141,19.056,6.714,12.342,63,FWD,RUN,0.184,2.270,0.066,7.383,4.609,0.224,20.616,63,1.333,537,2.625,23.4
DATA,MOTOR_BREAKIN_V3,000001,81055,508,512,0.253,0.168,15.295,0.613,14.682,63,FWD,RUN,0.210,3.089,0.053,8.497,4.609,0.224,20.616,63,1.333,537,2.625,23.3
DATA,MOTOR_BREAKIN_V3,000001,81155,509,512,0.227,0.168,16.103,1.337,14.765,63,FWD,RUN,0.197,2.911,0.066,11.840,4.609,0.224,20.616,63,1.333,537,2.625,23.3
DATA,MOTOR_BREAKIN_V3,000001,81255,510,513,0.200,0.141,14.375,5.043,9.333,63,FWD,RUN,0.171,1.594,0.092,11.255,4.609,0.224,20.616,63,1.333,536,2.620,23.3
DATA,MOTOR_BREAKIN_V3,000001,81355,510,513,0.200,0.141,13.985,3.566,10.419,63,FWD,RUN,0.171,1.779,0.092,9.751,4.609,0.224,20.616,63,1.333,537,2.625,23.4
DATA,MOTOR_BREAKIN_V3,000001,81455,507,513,0.279,0.141,21.591,0.390,21.201,63,FWD,RUN,0.210,4.460,0.119,13.428,4.609,0.224,20.616,63,1.333,536,2.620,23.3
DATA,MOTOR_BREAKIN_V3,000001,81555,508,513,0.253,0.141,19.111,6.435,12.676,63,FWD,RUN,0.197,2.499,0.132,13.428,4.609,0.224,20.616,63,1.333,537,2.625,23.4
DATA,MOTOR_BREAKIN_V3,000001,81655,508,512,0.253,0.168,16.493,5.906,10.587,63,FWD,RUN,0.210,2.227,0.119,7.606,4.609,0.224,20.616,63,1.333,536,2.620,23.3
DATA,MOTOR_BREAKIN_V3,000001,81755,509,513,0.227,0.141,17.635,6.881,10.754,63,FWD,RUN,0.184,1.978,0.079,7.940,4.609,0.224,20.616,63,1.333,536,2.620,23.3
DATA,MOTOR_BREAKIN_V3,000001,81855,508,513,0.253,0.141,17.607,6.018,11.589,63,FWD,RUN,0.197,2.285,0.079,8.302,4.609,0.224,20.616,63,1.333,536,2.620,23.3
DATA,MOTOR_BREAKIN_V3,000001,81955,512,515,0.147,0.088,12.955,4.708,8.246,63,FWD,RUN,0.118,0.972,0.106,8.915,4.609,0.224,20.616,63,1.333,536,2.620,23.3
DATA,MOTOR_BREAKIN_V3,000001,82055,513,516,0.121,0.062,14.403,0.223,14.180,63,FWD,RUN,0.091,1.297,0.132,9.389,4.609,0.224,20.616,63,1.333,536,2.620,23.4
DATA,MOTOR_BREAKIN_V3,000001,82155,509,514,0.227,0.115,16.353,4.931,11.422,63,FWD,RUN,0.171,1.950,0.132,10.698,4.609,0.224,20.616,63,1.333,537,2.625,23.3
DATA,MOTOR_BREAKIN_V3,000001,82254,508,513,0.253,0.141,17.468,6.073,11.394,63,FWD,RUN,0.197,2.247,0.132,14.459,4.609,0.224,20.616,63,1.333,537,2.625,23.3
DATA,MOTOR_BREAKIN_V3,000001,82355,509,513,0.227,0.141,13.512,6.686,6.826,63,FWD,RUN,0.184,1.256,0.119,12.286,4.609,0.224,20.616,63,1.333,537,2.625,23.3
DATA,MOTOR_BREAKIN_V3,000001,82455,508,513,0.253,0.141,19.501,6.380,13.122,63,FWD,RUN,0.197,2.587,0.119,11.144,4.609,0.224,20.616,63,1.333,536,2.620,23.3
DATA,MOTOR_BREAKIN_V3,000001,82555,508,512,0.253,0.168,20.003,6.519,13.484,63,FWD,RUN,0.210,2.837,0.119,7.940,4.609,0.224,20.616,63,1.333,537,2.625,23.3
DATA,MOTOR_BREAKIN_V3,000001,82655,511,514,0.174,0.115,17.551,7.243,10.308,63,FWD,RUN,0.144,1.488,0.119,7.132,4.609,0.224,20.616,63,1.333,537,2.625,23.2
DATA,MOTOR_BREAKIN_V3,000001,82755,509,512,0.227,0.168,13.205,6.185,7.021,63,FWD,RUN,0.197,1.384,0.066,7.160,4.609,0.224,20.616,63,1.333,537,2.625,23.3
DATA,MOTOR_BREAKIN_V3,000001,82855,508,512,0.253,0.168,14.097,5.488,8.609,63,FWD,RUN,0.210,1.811,0.106,10.865,4.609,0.224,20.616,63,1.333,537,2.625,23.3
DATA,MOTOR_BREAKIN_V3,000001,82955,509,513,0.227,0.141,13.735,4.903,8.831,63,FWD,RUN,0.184,1.625,0.106,10.865,4.609,0.224,20.616,63,1.333,536,2.620,23.3
DATA,MOTOR_BREAKIN_V3,000001,83055,510,514,0.200,0.115,12.509,1.226,11.283,63,FWD,RUN,0.158,1.777,0.092,5.600,4.609,0.224,20.616,63,1.333,536,2.620,23.4
DATA,MOTOR_BREAKIN_V3,000001,83155,508,512,0.253,0.168,15.601,6.714,8.887,63,FWD,RUN,0.210,1.870,0.106,5.098,4.609,0.224,20.616,63,1.333,536,2.620,23.3
DATA,MOTOR_BREAKIN_V3,000001,83255,508,513,0.253,0.141,18.192,6.240,11.952,63,FWD,RUN,0.197,2.356,0.119,5.070,4.609,0.224,20.616,63,1.333,536,2.620,23.3
DATA,MOTOR_BREAKIN_V3,000001,83355,513,515,0.121,0.088,13.094,0.195,12.899,63,FWD,RUN,0.105,1.350,0.132,5.962,4.609,0.224,20.616,63,1.333,536,2.620,23.3
DATA,MOTOR_BREAKIN_V3,000001,83455,508,512,0.253,0.168,17.440,6.463,10.977,63,FWD,RUN,0.210,2.309,0.119,9.584,4.609,0.224,20.616,63,1.333,536,2.620,23.3
DATA,MOTOR_BREAKIN_V3,000001,83555,512,515,0.147,0.088,12.955,7.438,5.516,63,FWD,RUN,0.118,0.650,0.106,11.004,4.609,0.224,20.616,63,1.333,536,2.620,23.3
DATA,MOTOR_BREAKIN_V3,000001,83655,509,513,0.227,0.141,21.424,6.742,14.682,63,FWD,RUN,0.184,2.701,0.106,9.166,4.609,0.224,20.616,63,1.333,536,2.620,23.3
DATA,MOTOR_BREAKIN_V3,000001,83755,508,513,0.253,0.141,20.282,6.742,13.540,63,FWD,RUN,0.197,2.670,0.092,8.163,4.609,0.224,20.616,63,1.333,537,2.625,23.3
DATA,MOTOR_BREAKIN_V3,000001,83855,508,513,0.253,0.141,21.396,6.686,14.710,63,FWD,RUN,0.197,2.900,0.092,8.191,4.609,0.224,20.616,63,1.333,536,2.620,23.3
DATA,MOTOR_BREAKIN_V3,000001,83955,508,513,0.253,0.141,15.267,4.652,10.614,63,FWD,RUN,0.197,2.093,0.040,6.658,4.609,0.224,20.616,63,1.333,536,2.620,23.3
DATA,MOTOR_BREAKIN_V3,000001,84055,508,513,0.253,0.141,20.365,7.021,13.345,63,FWD,RUN,0.197,2.631,0.092,5.628,4.609,0.224,20.616,63,1.333,536,2.620,23.3
DATA,MOTOR_BREAKIN_V3,000001,84155,508,512,0.253,0.168,16.158,5.850,10.308,63,FWD,RUN,0.210,2.169,0.092,12.202,4.609,0.224,20.616,63,1.333,535,2.615,23.3
DATA,MOTOR_BREAKIN_V3,000001,84255,510,514,0.200,0.115,12.843,7.327,5.516,63,FWD,RUN,0.158,0.869,0.079,14.208,4.609,0.224,20.616,63,1.333,537,2.625,23.3
DATA,MOTOR_BREAKIN_V3,000001,84355,508,512,0.253,0.168,17.440,0.613,16.827,63,FWD,RUN,0.210,3.540,0.053,11.311,4.609,0.224,20.616,63,1.333,536,2.620,23.2
DATA,MOTOR_BREAKIN_V3,000001,84455,508,513,0.253,0.141,12.230,3.148,9.082,63,FWD,RUN,0.197,1.791,0.079,12.119,4.609,0.224,20.616,63,1.333,537,2.625,23.3
DATA,MOTOR_BREAKIN_V3,000001,84555,508,513,0.253,0.141,14.515,5.182,9.333,63,FWD,RUN,0.197,1.840,0.079,11.311,4.609,0.224,20.616,63,1.333,536,2.620,23.3
DATA,MOTOR_BREAKIN_V3,000001,84655,508,513,0.253,0.141,17.802,8.469,9.333,63,FWD,RUN,0.197,1.840,0.066,7.132,4.609,0.224,20.616,63,1.333,537,2.625,23.3
DATA,MOTOR_BREAKIN_V3,000001,84755,509,513,0.227,0.141,16.799,5.739,11.060,63,FWD,RUN,0.184,2.035,0.066,7.411,4.609,0.224,20.616,63,1.333,537,2.625,23.3
DATA,MOTOR_BREAKIN_V3,000001,84855,510,513,0.200,0.141,11.645,0.334,11.311,63,FWD,RUN,0.171,1.931,0.053,5.126,4.609,0.224,20.616,63,1.333,536,2.620,23.3
DATA,MOTOR_BREAKIN_V3,000001,84955,509,513,0.227,0.141,16.409,5.711,10.698,63,FWD,RUN,0.184,1.968,0.066,5.934,4.609,0.224,20.616,63,1.333,536,2.620,23.3
DATA,MOTOR_BREAKIN_V3,000001,85055,509,513,0.227,0.141,12.537,4.875,7.661,63,FWD,RUN,0.184,1.409,0.066,6.575,4.609,0.224,20.616,63,1.333,537,2.625,23.3
DATA,MOTOR_BREAKIN_V3,000001,85155,509,514,0.227,0.115,13.484,5.098,8.386,63,FWD,RUN,0.171,1.432,0.066,9.946,4.609,0.224,20.616,63,1.333,537,2.625,23.3
DATA,MOTOR_BREAKIN_V3,000001,85255,508,514,0.253,0.115,14.738,5.516,9.221,63,FWD,RUN,0.184,1.696,0.092,11.701,4.609,0.224,20.616,63,1.333,536,2.620,23.3
DATA,MOTOR_BREAKIN_V3,000001,85355,508,513,0.253,0.141,12.119,4.652,7.466,63,FWD,RUN,0.197,1.472,0.092,5.488,4.609,0.224,20.616,63,1.333,537,2.625,23.3
DATA,MOTOR_BREAKIN_V3,000001,85454,508,513,0.253,0.141,10.754,3.705,7.048,63,FWD,RUN,0.197,1.390,0.092,6.157,4.609,0.224,20.616,63,1.333,537,2.625,23.3
DATA,MOTOR_BREAKIN_V3,000001,85555,509,514,0.227,0.115,12.286,0.279,12.007,63,FWD,RUN,0.171,2.050,0.092,8.135,4.609,0.224,20.616,63,1.333,537,2.625,23.3
DATA,MOTOR_BREAKIN_V3,000001,85655,511,514,0.174,0.115,12.286,3.677,8.609,63,FWD,RUN,0.144,1.242,0.092,7.494,4.609,0.224,20.616,63,1.333,537,2.625,23.3
DATA,MOTOR_BREAKIN_V3,000001,85755,507,512,0.279,0.168,14.988,5.098,9.890,63,FWD,RUN,0.224,2.211,0.106,7.021,4.609,0.224,20.616,63,1.333,536,2.620,23.3
DATA,MOTOR_BREAKIN_V3,000001,85855,508,512,0.253,0.168,15.852,4.652,11.199,63,FWD,RUN,0.210,2.356,0.079,6.993,4.609,0.224,20.616,63,1.333,536,2.620,23.3
DATA,MOTOR_BREAKIN_V3,000001,85955,508,512,0.253,0.168,8.943,0.251,8.692,63,FWD,RUN,0.210,1.829,0.053,7.940,4.609,0.224,20.616,63,1.333,536,2.620,23.3
DATA,MOTOR_BREAKIN_V3,000001,86055,512,514,0.147,0.115,10.754,0.195,10.559,63,FWD,RUN,0.131,1.384,0.079,7.243,4.609,0.224,20.616,63,1.333,536,2.620,23.2
DATA,MOTOR_BREAKIN_V3,000001,86155,509,513,0.227,0.141,11.032,0.279,10.754,63,FWD,RUN,0.184,1.978,0.066,9.444,4.609,0.224,20.616,63,1.333,536,2.620,23.3
DATA,MOTOR_BREAKIN_V3,000001,86255,511,514,0.174,0.115,13.930,5.070,8.859,63,FWD,RUN,0.144,1.279,0.106,10.280,4.609,0.224,20.616,63,1.333,536,2.620,23.3
DATA,MOTOR_BREAKIN_V3,000001,86355,508,512,0.253,0.168,15.155,0.362,14.793,63,FWD,RUN,0.210,3.112,0.132,9.584,4.609,0.224,20.616,63,1.333,535,2.615,23.3
DATA,MOTOR_BREAKIN_V3,000001,86455,508,512,0.253,0.168,13.707,0.808,12.899,63,FWD,RUN,0.210,2.714,0.132,7.856,4.609,0.224,20.616,63,1.333,537,2.625,23.3
DATA,MOTOR_BREAKIN_V3,000001,86555,512,515,0.147,0.088,9.528,2.897,6.630,63,FWD,RUN,0.118,0.782,0.132,6.826,4.609,0.224,20.616,63,1.333,536,2.620,23.3
DATA,MOTOR_BREAKIN_V3,000001,86655,508,513,0.253,0.141,14.765,4.513,10.252,63,FWD,RUN,0.197,2.021,0.119,6.965,4.609,0.224,20.616,63,1.333,537,2.625,23.3
DATA,MOTOR_BREAKIN_V3,000001,86755,508,513,0.253,0.141,14.710,4.625,10.085,63,FWD,RUN,0.197,1.988,0.119,9.361,4.609,0.224,20.616,63,1.333,537,2.625,23.3
DATA,MOTOR_BREAKIN_V3,000001,86855,510,513,0.200,0.141,10.085,0.223,9.862,63,FWD,RUN,0.171,1.684,0.119,5.934,4.609,0.224,20.616,63,1.333,536,2.620,23.3
DATA,MOTOR_BREAKIN_V3,000001,86955,509,513,0.227,0.141,9.528,2.062,7.466,63,FWD,RUN,0.184,1.373,0.106,4.123,4.609,0.224,20.616,63,1.333,536,2.620,23.3
DATA,MOTOR_BREAKIN_V3,000001,87055,514,515,0.095,0.088,10.642,6.185,4.457,63,FWD,RUN,0.091,0.408,0.132,7.438,4.609,0.224,20.616,63,1.333,536,2.620,23.3
DATA,MOTOR_BREAKIN_V3,000001,87155,510,514,0.200,0.115,10.531,3.566,6.965,63,FWD,RUN,0.158,1.097,0.132,12.063,4.609,0.224,20.616,63,1.333,536,2.620,23.3
DATA,MOTOR_BREAKIN_V3,000001,87255,508,512,0.253,0.168,9.862,0.474,9.389,63,FWD,RUN,0.210,1.975,0.079,12.147,4.609,0.224,20.616,63,1.333,536,2.620,23.3
DATA,MOTOR_BREAKIN_V3,000001,87355,508,513,0.253,0.141,13.651,0.390,13.261,63,FWD,RUN,0.197,2.615,0.092,8.887,4.609,0.224,20.616,63,1.333,536,2.620,23.3
DATA,MOTOR_BREAKIN_V3,000001,87455,509,513,0.227,0.141,8.302,2.758,5.544,63,FWD,RUN,0.184,1.020,0.092,7.717,4.609,0.224,20.616,63,1.333,537,2.625,23.3
DATA,MOTOR_BREAKIN_V3,000001,87555,514,514,0.095,0.115,10.726,4.569,6.157,63,FWD,RUN,0.105,0.645,0.106,2.953,4.609,0.224,20.616,63,1.333,536,2.620,23.3
DATA,MOTOR_BREAKIN_V3,000001,87655,509,512,0.227,0.168,11.060,3.343,7.717,63,FWD,RUN,0.197,1.522,0.106,3.900,4.609,0.224,20.616,63,1.333,537,2.625,23.3
DATA,MOTOR_BREAKIN_V3,000001,87755,508,512,0.253,0.168,9.639,4.179,5.460,63,FWD,RUN,0.210,1.149,0.132,4.792,4.609,0.224,20.616,63,1.333,536,2.620,23.3
DATA,MOTOR_BREAKIN_V3,000001,87855,509,513,0.227,0.141,11.144,3.677,7.466,63,FWD,RUN,0.184,1.373,0.132,3.343,4.609,0.224,20.616,63,1.333,536,2.620,23.3
DATA,MOTOR_BREAKIN_V3,000001,87955,510,514,0.200,0.115,7.689,0.306,7.383,63,FWD,RUN,0.158,1.163,0.053,5.906,4.609,0.224,20.616,63,1.333,536,2.620,23.2
DATA,MOTOR_BREAKIN_V3,000001,88055,511,515,0.174,0.088,8.776,3.315,5.460,63,FWD,RUN,0.131,0.716,0.079,6.240,4.609,0.224,20.616,63,1.333,536,2.620,23.3
DATA,MOTOR_BREAKIN_V3,000001,88155,511,515,0.174,0.088,9.806,4.012,5.795,63,FWD,RUN,0.131,0.760,0.092,6.240,4.609,0.224,20.616,63,1.333,537,2.625,23.3
DATA,MOTOR_BREAKIN_V3,000001,88255,513,515,0.121,0.088,11.367,5.934,5.433,63,FWD,RUN,0.105,0.569,0.092,5.934,4.609,0.224,20.616,63,1.333,536,2.620,23.3
DATA,MOTOR_BREAKIN_V3,000001,88355,509,512,0.227,0.168,7.633,2.674,4.959,63,FWD,RUN,0.197,0.978,0.106,9.277,4.609,0.224,20.616,63,1.333,536,2.620,23.3
DATA,MOTOR_BREAKIN_V3,000001,88455,512,515,0.147,0.088,8.609,0.251,8.358,63,FWD,RUN,0.118,0.985,0.092,9.277,4.609,0.224,20.616,63,1.333,536,2.620,23.2
DATA,MOTOR_BREAKIN_V3,000001,88555,509,512,0.227,0.168,10.029,0.390,9.639,63,FWD,RUN,0.197,1.901,0.079,8.748,4.609,0.224,20.616,63,1.333,536,2.620,23.2
DATA,MOTOR_BREAKIN_V3,000001,88654,512,515,0.147,0.088,10.614,0.139,10.475,63,FWD,RUN,0.118,1.235,0.092,5.990,4.609,0.224,20.616,63,1.333,536,2.620,23.3
DATA,MOTOR_BREAKIN_V3,000001,88755,509,513,0.227,0.141,9.639,0.334,9.305,63,FWD,RUN,0.184,1.712,0.092,6.352,4.609,0.224,20.616,63,1.333,537,2.625,23.2
DATA,MOTOR_BREAKIN_V3,000001,88855,510,513,0.200,0.141,9.695,0.390,9.305,63,FWD,RUN,0.171,1.589,0.053,7.048,4.609,0.224,20.616,63,1.333,537,2.625,23.2
DATA,MOTOR_BREAKIN_V3,000001,88955,510,514,0.200,0.115,11.004,0.251,10.754,63,FWD,RUN,0.158,1.694,0.053,7.494,4.609,0.224,20.616,63,1.333,536,2.620,23.3
DATA,MOTOR_BREAKIN_V3,000001,89055,508,513,0.253,0.141,9.611,0.557,9.054,63,FWD,RUN,0.197,1.785,0.092,7.299,4.609,0.224,20.616,63,1.333,536,2.620,23.3
DATA,MOTOR_BREAKIN_V3,000001,89155,512,514,0.147,0.115,9.751,0.223,9.528,63,FWD,RUN,0.131,1.249,0.119,5.321,4.609,0.224,20.616,63,1.333,537,2.625,23.3
DATA,MOTOR_BREAKIN_V3,000001,89255,509,513,0.227,0.141,10.029,0.223,9.806,63,FWD,RUN,0.184,1.804,0.119,5.823,4.609,0.224,20.616,63,1.333,537,2.625,23.2
DATA,MOTOR_BREAKIN_V3,000001,89355,513,515,0.121,0.088,11.812,1.393,10.419,63,FWD,RUN,0.105,1.091,0.106,6.658,4.609,0.224,20.616,63,1.333,536,2.620,23.2
DATA,MOTOR_BREAKIN_V3,000001,89455,509,514,0.227,0.115,9.277,3.399,5.878,63,FWD,RUN,0.171,1.004,0.106,5.293,4.609,0.224,20.616,63,1.333,536,2.620,23.3
DATA,MOTOR_BREAKIN_V3,000001,89555,511,514,0.174,0.115,10.447,0.223,10.224,63,FWD,UNKNOWN,0.144,1.476,0.066,5.098,4.609,0.224,20.616,63,1.333,536,2.620,23.2
DATA,MOTOR_BREAKIN_V3,000001,89655,508,512,0.253,0.168,6.742,1.672,5.070,63,FWD,UNKNOWN,0.210,1.067,0.079,6.157,4.609,0.224,20.616,63,1.333,536,2.620,23.3
DATA,MOTOR_BREAKIN_V3,000001,89755,511,514,0.174,0.115,11.394,0.167,11.227,63,FWD,UNKNOWN,0.144,1.620,0.079,8.609,4.609,0.224,20.616,63,1.333,536,2.620,23.2
DATA,MOTOR_BREAKIN_V3,000001,89855,509,513,0.227,0.141,9.667,3.677,5.990,63,FWD,UNKNOWN,0.184,1.102,0.542,9.472,4.609,0.224,20.616,63,1.333,536,2.620,23.3
DATA,MOTOR_BREAKIN_V3,000001,89955,509,513,0.227,0.141,10.503,0.223,10.280,63,FWD,UNKNOWN,0.184,1.891,0.542,8.748,4.609,0.224,20.616,63,1.333,536,2.620,23.3
DATA,MOTOR_BREAKIN_V3,000001,90055,511,514,0.174,0.115,10.837,0.195,10.642,63,FWD,UNKNOWN,0.144,1.536,0.066,5.628,4.609,0.224,20.616,63,1.333,536,2.620,23.2
DATA,MOTOR_BREAKIN_V3,000001,90155,508,513,0.253,0.141,5.544,0.223,5.321,63,FWD,UNKNOWN,0.197,1.049,0.872,6.519,8.549,1.016,8.413,63,1.333,536,2.620,23.3
DATA,MOTOR_BREAKIN_V3,000001,90255,508,513,0.253,0.141,11.255,0.334,10.921,63,FWD,UNKNOWN,0.197,2.153,0.859,6.519,8.549,1.016,8.413,63,1.333,536,2.620,23.2
DATA,MOTOR_BREAKIN_V3,000001,90355,508,514,0.253,0.115,8.971,0.306,8.664,63,FWD,UNKNOWN,0.184,1.594,0.066,4.959,8.549,1.016,8.413,63,1.333,536,2.620,23.2
DATA,MOTOR_BREAKIN_V3,000001,90455,512,515,0.147,0.088,11.339,0.167,11.172,63,FWD,UNKNOWN,0.118,1.317,0.092,5.210,8.549,1.016,8.413,63,1.333,536,2.620,23.2
DATA,MOTOR_BREAKIN_V3,000001,90555,508,513,0.253,0.141,7.689,2.619,5.070,63,FWD,UNKNOWN,0.197,1.000,0.092,6.937,8.549,1.016,8.413,63,1.333,536,2.620,23.2
DATA,MOTOR_BREAKIN_V3,000001,90655,511,514,0.174,0.115,12.007,0.223,11.784,63,REV,UNKNOWN,0.144,1.701,0.066,7.550,8.549,1.016,8.413,63,1.333,536,2.620,23.2
DATA,MOTOR_BREAKIN_V3,000001,90755,508,512,0.253,0.168,10.280,0.334,9.946,63,REV,UNKNOWN,0.210,2.092,0.132,6.463,8.549,1.016,8.413,63,1.333,537,2.625,23.2
DATA,MOTOR_BREAKIN_V3,000001,90855,509,512,0.227,0.168,12.174,0.836,11.339,63,REV,UNKNOWN,0.197,2.236,0.132,6.018,8.549,1.016,8.413,63,1.333,537,2.625,23.2
DATA,MOTOR_BREAKIN_V3,000001,90955,509,513,0.227,0.141,11.812,3.872,7.940,63,REV,UNKNOWN,0.184,1.461,0.066,5.878,8.549,1.016,8.413,63,1.333,537,2.625,23.3
DATA,MOTOR_BREAKIN_V3,000001,91055,509,513,0.227,0.141,14.069,0.529,13.540,63,REV,UNKNOWN,0.184,2.491,0.106,8.441,8.549,1.016,8.413,63,1.333,536,2.620,23.2
DATA,MOTOR_BREAKIN_V3,000001,91155,509,512,0.227,0.168,11.952,0.947,11.004,63,REV,UNKNOWN,0.197,2.170,0.119,8.441,8.549,1.016,8.413,63,1.333,537,2.625,23.3
DATA,MOTOR_BREAKIN_V3,000001,91255,508,512,0.253,0.168,12.314,4.708,7.606,63,REV,UNKNOWN,0.210,1.600,0.092,5.126,8.549,1.016,8.413,63,1.333,536,2.620,23.2
DATA,MOTOR_BREAKIN_V3,000001,91355,508,513,0.253,0.141,12.955,0.585,12.370,63,REV,UNKNOWN,0.197,2.439,0.106,8.943,8.549,1.016,8.413,63,1.333,537,2.625,23.2
DATA,MOTOR_BREAKIN_V3,000001,91455,509,513,0.227,0.141,8.469,3.566,4.903,63,REV,UNKNOWN,0.184,0.902,0.106,8.943,8.549,1.016,8.413,63,1.333,536,2.620,23.2
DATA,MOTOR_BREAKIN_V3,000001,91555,509,512,0.227,0.168,9.946,3.900,6.045,63,REV,UNKNOWN,0.197,1.192,0.079,6.240,8.549,1.016,8.413,63,1.333,536,2.620,23.2
DATA,MOTOR_BREAKIN_V3,000001,91655,508,513,0.253,0.141,6.463,2.730,3.733,63,REV,UNKNOWN,0.197,0.736,0.079,3.037,8.549,1.016,8.413,63,1.333,536,2.620,23.2
DATA,MOTOR_BREAKIN_V3,000001,91755,509,514,0.227,0.115,8.497,3.065,5.433,63,REV,UNKNOWN,0.171,0.928,0.066,3.037,8.549,1.016,8.413,63,1.333,536,2.620,23.2
DATA,MOTOR_BREAKIN_V3,000001,91854,513,515,0.121,0.088,8.581,0.446,8.135,63,REV,UNKNOWN,0.105,0.852,0.092,3.789,8.549,1.016,8.413,63,1.333,537,2.625,23.2
DATA,MOTOR_BREAKIN_V3,000001,91955,509,513,0.227,0.141,11.645,1.560,10.085,63,REV,UNKNOWN,0.184,1.855,0.092,7.466,8.549,1.016,8.413,63,1.333,536,2.620,23.2
DATA,MOTOR_BREAKIN_V3,000001,92055,514,516,0.095,0.062,11.339,4.095,7.243,63,REV,UNKNOWN,0.078,0.567,0.132,5.405,8.549,1.016,8.413,63,1.333,537,2.625,23.2
DATA,MOTOR_BREAKIN_V3,000001,92155,508,513,0.253,0.141,11.478,3.455,8.023,63,REV,UNKNOWN,0.197,1.582,0.132,5.934,8.549,1.016,8.413,63,1.333,537,2.625,23.2
DATA,MOTOR_BREAKIN_V3,000001,92255,512,514,0.147,0.115,9.556,1.449,8.107,63,REV,UNKNOWN,0.131,1.063,0.132,10.336,8.549,1.016,8.413,63,1.333,536,2.620,23.2
DATA,MOTOR_BREAKIN_V3,000001,92355,509,513,0.227,0.141,11.339,3.956,7.383,63,REV,UNKNOWN,0.184,1.358,0.132,10.336,8.549,1.016,8.413,63,1.333,536,2.620,23.2
DATA,MOTOR_BREAKIN_V3,000001,92455,508,512,0.253,0.168,6.185,2.674,3.510,63,REV,UNKNOWN,0.210,0.738,0.166,8.804,8.549,1.016,8.413,63,1.333,537,2.625,23.2
DATA,MOTOR_BREAKIN_V3,000001,92555,509,513,0.227,0.141,10.085,0.446,9.639,63,REV,UNKNOWN,0.184,1.773,0.166,8.804,8.549,1.016,8.413,63,1.333,536,2.620,23.2
DATA,MOTOR_BREAKIN_V3,000001,92655,508,513,0.253,0.141,12.537,2.062,10.475,63,REV,UNKNOWN,0.197,2.065,0.053,7.271,8.549,1.016,8.413,63,1.333,537,2.625,23.3
DATA,MOTOR_BREAKIN_V3,000001,92755,509,513,0.227,0.141,10.782,1.337,9.444,63,REV,UNKNOWN,0.184,1.737,0.119,11.283,8.549,1.016,8.413,63,1.333,537,2.625,23.2
DATA,MOTOR_BREAKIN_V3,000001,92855,509,513,0.227,0.141,12.091,5.628,6.463,63,REV,UNKNOWN,0.184,1.189,0.092,11.283,8.549,1.016,8.413,63,1.333,536,2.620,23.2
DATA,MOTOR_BREAKIN_V3,000001,92955,509,513,0.227,0.141,12.537,5.265,7.271,63,REV,UNKNOWN,0.184,1.338,0.066,5.990,8.549,1.016,8.413,63,1.333,536,2.620,23.2
DATA,MOTOR_BREAKIN_V3,000001,93055,509,513,0.227,0.141,6.686,4.262,2.424,63,REV,UNKNOWN,0.184,0.446,0.079,9.026,8.549,1.016,8.413,63,1.333,537,2.625,23.2
DATA,MOTOR_BREAKIN_V3,000001,93155,511,514,0.174,0.115,9.974,4.346,5.628,63,REV,UNKNOWN,0.144,0.812,0.092,5.600,8.549,1.016,8.413,63,1.333,536,2.620,23.1
DATA,MOTOR_BREAKIN_V3,000001,93255,508,513,0.253,0.141,11.199,3.622,7.578,63,REV,UNKNOWN,0.197,1.494,0.053,3.928,8.549,1.016,8.413,63,1.333,536,2.620,23.2
DATA,MOTOR_BREAKIN_V3,000001,93355,511,514,0.174,0.115,9.026,3.120,5.906,63,REV,UNKNOWN,0.144,0.852,0.092,5.683,8.549,1.016,8.413,63,1.333,536,2.620,23.2
DATA,MOTOR_BREAKIN_V3,000001,93371,515,515,0.068,0.088,10.921,4.179,6.742,63,REV,UNKNOWN,0.078,0.528,0.119,5.683,8.549,1.016,8.413,63,1.333,536,2.620,23.2
DATA,MOTOR_BREAKIN_V3,000001,847077662,511,513,0.174,0.141,12.314,4.708,7.606,63,REV,UNKNOWN,0.158,1.198,0.225,5.683,8.549,1.016,8.413,63,1.333,536,2.620,23.2
DATA,MOTOR_BREAKIN_V3,000001,847077762,512,514,0.147,0.115,12.425,0.223,12.202,63,REV,UNKNOWN,0.131,1.600,0.277,6.463,8.549,1.016,8.413,63,1.333,537,2.625,23.2
DATA,MOTOR_BREAKIN_V3,000001,847077862,510,514,0.200,0.115,11.394,4.652,6.742,63,REV,UNKNOWN,0.158,1.062,0.225,5.460,8.549,1.016,8.413,63,1.333,537,2.625,23.2
DATA,MOTOR_BREAKIN_V3,000001,847077962,509,511,0.227,0.194,9.974,2.981,6.993,63,REV,UNKNOWN,0.210,1.471,0.053,5.683,8.549,1.016,8.413,63,1.333,536,2.620,23.2
DATA,MOTOR_BREAKIN_V3,000001,847078062,511,514,0.174,0.115,11.534,5.293,6.240,63,REV,UNKNOWN,0.144,0.901,0.066,6.185,8.549,1.016,8.413,63,1.333,536,2.620,23.2
DATA,MOTOR_BREAKIN_V3,000001,847078162,508,513,0.253,0.141,15.072,4.931,10.141,63,REV,UNKNOWN,0.197,1.999,0.119,3.900,8.549,1.016,8.413,63,1.333,536,2.620,23.2
DATA,MOTOR_BREAKIN_V3,000001,847078262,508,512,0.253,0.168,16.019,4.708,11.311,63,REV,UNKNOWN,0.210,2.380,0.119,6.213,8.549,1.016,8.413,63,1.333,537,2.625,23.2
DATA,MOTOR_BREAKIN_V3,000001,847078362,508,512,0.253,0.168,16.688,5.460,11.227,63,REV,UNKNOWN,0.210,2.362,0.092,6.213,8.549,1.016,8.413,63,1.333,536,2.620,23.2
DATA,MOTOR_BREAKIN_V3,000001,847078462,510,514,0.200,0.115,13.122,4.318,8.804,63,REV,UNKNOWN,0.158,1.387,0.137,5.990,8.549,1.016,8.413,63,1.333,536,2.620,23.2
DATA,MOTOR_BREAKIN_V3,000001,847078562,512,514,0.147,0.115,11.172,4.040,7.132,63,REV,UNKNOWN,0.131,0.935,0.123,6.993,8.549,1.016,8.413,63,1.333,537,2.625,23.2
DATA,MOTOR_BREAKIN_V3,000001,847078662,512,515,0.147,0.088,10.531,0.446,10.085,63,REV,UNKNOWN,0.118,1.189,0.092,6.129,8.549,1.016,8.413,63,1.333,537,2.625,23.2
DATA,MOTOR_BREAKIN_V3,000001,847078762,512,515,0.147,0.088,9.528,0.223,9.305,63,REV,UNKNOWN,0.118,1.097,0.092,4.123,8.549,1.016,8.413,63,1.333,536,2.620,23.2
DATA,MOTOR_BREAKIN_V3,000001,847078862,508,513,0.253,0.141,8.609,3.232,5.377,63,REV,UNKNOWN,0.197,1.060,0.092,8.107,8.549,1.016,8.413,63,1.333,537,2.625,23.2
DATA,MOTOR_BREAKIN_V3,000001,847078963,510,513,0.200,0.141,11.589,1.839,9.751,63,REV,UNKNOWN,0.171,1.665,0.119,8.469,8.549,1.016,8.413,63,1.333,536,2.620,23.2
DATA,MOTOR_BREAKIN_V3,000001,847079063,509,512,0.227,0.168,17.328,5.823,11.506,63,REV,UNKNOWN,0.197,2.269,0.119,7.076,8.549,1.016,8.413,63,1.333,537,2.625,23.2
DATA,MOTOR_BREAKIN_V3,000001,847079163,509,513,0.227,0.141,11.172,3.371,7.801,63,REV,UNKNOWN,0.184,1.435,0.053,5.739,8.549,1.016,8.413,63,1.333,536,2.620,23.2
DATA,MOTOR_BREAKIN_V3,000001,847079263,509,513,0.227,0.141,12.174,4.151,8.023,63,REV,UNKNOWN,0.184,1.476,0.053,5.349,8.549,1.016,8.413,63,1.333,536,2.620,23.2
DATA,MOTOR_BREAKIN_V3,000001,847079363,508,514,0.253,0.115,12.453,3.677,8.776,63,REV,UNKNOWN,0.184,1.614,0.106,3.928,8.549,1.016,8.413,63,1.333,536,2.620,23.2
DATA,MOTOR_BREAKIN_V3,000001,847079463,508,512,0.253,0.168,9.221,0.891,8.330,63,REV,UNKNOWN,0.210,1.752,0.277,4.402,8.549,1.016,8.413,63,1.333,537,2.625,23.2
DATA,MOTOR_BREAKIN_V3,000001,847079563,512,514,0.147,0.115,10.475,4.457,6.018,63,REV,UNKNOWN,0.131,0.789,0.251,4.987,8.549,1.016,8.413,63,1.333,537,2.625,23.2
DATA,MOTOR_BREAKIN_V3,000001,847079663,512,514,0.147,0.115,11.283,5.739,5.544,63,REV,UNKNOWN,0.131,0.727,0.066,6.714,8.549,1.016,8.413,63,1.333,537,2.625,23.2
DATA,MOTOR_BREAKIN_V3,000001,847079763,510,514,0.200,0.115,13.372,3.650,9.723,63,REV,UNKNOWN,0.158,1.532,0.357,6.714,8.549,1.016,8.413,63,1.333,537,2.625,23.2
DATA,MOTOR_BREAKIN_V3,000001,847079863,509,514,0.227,0.115,12.425,4.764,7.661,63,REV,UNKNOWN,0.171,1.308,0.383,6.435,8.549,1.016,8.413,63,1.333,536,2.620,23.2
DATA,MOTOR_BREAKIN_V3,000001,847079963,509,513,0.227,0.141,8.051,2.312,5.739,63,REV,UNKNOWN,0.184,1.056,0.079,7.160,8.549,1.016,8.413,63,1.333,536,2.620,23.1
DATA,MOTOR_BREAKIN_V3,000001,847080063,510,513,0.200,0.141,10.391,4.374,6.018,63,REV,UNKNOWN,0.171,1.027,0.832,5.433,8.549,1.016,8.413,63,1.333,537,2.625,23.2
DATA,MOTOR_BREAKIN_V3,000001,847080163,509,513,0.227,0.141,8.971,3.204,5.767,63,REV,UNKNOWN,0.184,1.061,0.806,3.650,8.549,1.016,8.413,63,1.333,536,2.620,23.2
DATA,MOTOR_BREAKIN_V3,000001,847080263,509,513,0.227,0.141,10.977,3.984,6.993,63,REV,UNKNOWN,0.184,1.286,0.040,3.538,8.549,1.016,8.413,63,1.333,536,2.620,23.2
DATA,MOTOR_BREAKIN_V3,000001,847080363,509,513,0.227,0.141,9.834,3.928,5.906,63,REV,UNKNOWN,0.184,1.086,0.304,4.012,8.549,1.016,8.413,63,1.333,537,2.625,23.2
DATA,MOTOR_BREAKIN_V3,000001,847080463,509,512,0.227,0.168,13.567,6.603,6.965,63,REV,UNKNOWN,0.197,1.373,0.330,7.021,8.549,1.016,8.413,63,1.333,537,2.625,23.2
DATA,MOTOR_BREAKIN_V3,000001,847080563,511,514,0.174,0.115,11.311,2.368,8.943,63,REV,UNKNOWN,0.144,1.291,0.066,8.274,8.549,1.016,8.413,63,1.333,537,2.625,23.1
DATA,MOTOR_BREAKIN_V3,000001,847080663,508,513,0.253,0.141,15.211,4.457,10.754,63,REV,UNKNOWN,0.197,2.120,0.396,7.132,8.549,1.016,8.413,63,1.333,536,2.620,23.1
DATA,MOTOR_BREAKIN_V3,000001,847080763,510,514,0.200,0.115,11.032,0.223,10.809,63,REV,UNKNOWN,0.158,1.703,0.423,7.689,8.549,1.016,8.413,63,1.333,537,2.625,23.2
DATA,MOTOR_BREAKIN_V3,000001,847080863,509,512,0.227,0.168,7.466,2.535,4.931,63,REV,UNKNOWN,0.197,0.972,0.092,7.689,8.549,1.016,8.413,63,1.333,536,2.620,23.2
DATA,MOTOR_BREAKIN_V3,000001,847080963,513,515,0.121,0.088,11.534,3.260,8.274,63,REV,UNKNOWN,0.105,0.866,1.096,4.318,8.549,1.016,8.413,63,1.333,536,2.620,23.1
DATA,MOTOR_BREAKIN_V3,000001,847081063,509,513,0.227,0.141,14.933,4.513,10.419,63,REV,UNKNOWN,0.184,1.917,1.096,6.463,8.549,1.016,8.413,63,1.333,537,2.625,23.1
DATA,MOTOR_BREAKIN_V3,000001,847081163,509,514,0.227,0.115,10.057,2.758,7.299,63,REV,UNKNOWN,0.171,1.246,0.092,6.380,8.549,1.016,8.413,63,1.333,537,2.625,23.2
DATA,MOTOR_BREAKIN_V3,000001,847081263,508,512,0.253,0.168,8.943,3.176,5.767,63,REV,UNKNOWN,0.210,1.213,0.225,5.070,8.549,1.016,8.413,63,1.333,537,2.625,23.2
DATA,MOTOR_BREAKIN_V3,000001,847081363,510,514,0.200,0.115,11.450,3.594,7.856,63,REV,UNKNOWN,0.158,1.238,0.185,5.070,8.549,1.016,8.413,63,1.333,536,2.620,23.2
DATA,MOTOR_BREAKIN_V3,000001,847081463,510,513,0.200,0.141,7.606,2.758,4.848,63,REV,UNKNOWN,0.171,0.828,0.092,5.544,8.549,1.016,8.413,63,1.333,537,2.625,23.2
DATA,MOTOR_BREAKIN_V3,000001,847081563,511,513,0.174,0.141,11.004,5.739,5.265,63,REV,UNKNOWN,0.158,0.829,1.202,5.544,8.549,1.016,8.413,63,1.333,536,2.620,23.1
DATA,MOTOR_BREAKIN_V3,000001,847081663,512,514,0.147,0.115,11.199,4.290,6.909,63,REV,UNKNOWN,0.131,0.906,1.202,5.349,8.549,1.016,8.413,63,1.333,536,2.620,23.2
DATA,MOTOR_BREAKIN_V3,000001,847081763,508,513,0.253,0.141,7.578,2.981,4.597,63,REV,UNKNOWN,0.197,0.906,0.370,8.469,8.549,1.016,8.413,63,1.333,537,2.625,23.2
DATA,MOTOR_BREAKIN_V3,000001,847081863,509,513,0.227,0.141,10.419,3.427,6.993,63,REV,UNKNOWN,0.184,1.286,1.044,8.943,8.549,1.016,8.413,63,1.333,537,2.625,23.2
DATA,MOTOR_BREAKIN_V3,000001,847081963,509,513,0.227,0.141,8.887,3.092,5.795,63,REV,UNKNOWN,0.184,1.066,1.030,7.216,8.549,1.016,8.413,63,1.333,537,2.625,23.1
DATA,MOTOR_BREAKIN_V3,000001,847082062,510,514,0.200,0.115,6.380,2.117,4.262,63,REV,UNKNOWN,0.158,0.671,1.070,7.076,8.549,1.016,8.413,63,1.333,537,2.625,23.2
DATA,MOTOR_BREAKIN_V3,000001,847082163,508,512,0.253,0.168,12.592,3.872,8.720,63,REV,UNKNOWN,0.210,1.834,1.057,4.485,8.549,1.016,8.413,63,1.333,536,2.620,23.2
DATA,MOTOR_BREAKIN_V3,000001,847082263,510,514,0.200,0.115,7.132,2.257,4.875,63,REV,UNKNOWN,0.158,0.768,0.079,3.956,8.549,1.016,8.413,63,1.333,536,2.620,23.2
DATA,MOTOR_BREAKIN_V3,000001,847082363,512,514,0.147,0.115,10.893,0.223,10.670,63,REV,UNKNOWN,0.131,1.399,1.083,6.909,8.549,1.016,8.413,63,1.333,537,2.625,23.2
DATA,MOTOR_BREAKIN_V3,000001,847082463,509,513,0.227,0.141,9.974,2.591,7.383,63,REV,UNKNOWN,0.184,1.358,1.083,7.104,8.549,1.016,8.413,63,1.333,536,2.620,23.1
DATA,MOTOR_BREAKIN_V3,000001,847082563,511,514,0.174,0.115,10.921,0.223,10.698,63,REV,UNKNOWN,0.144,1.544,0.079,6.240,8.549,1.016,8.413,63,1.333,537,2.625,23.2
DATA,MOTOR_BREAKIN_V3,000001,847082663,508,512,0.253,0.168,7.494,2.702,4.792,63,REV,UNKNOWN,0.210,1.008,0.092,6.073,8.549,1.016,8.413,63,1.333,537,2.625,23.2
DATA,MOTOR_BREAKIN_V3,000001,847082763,510,512,0.200,0.168,11.088,0.306,10.782,63,REV,UNKNOWN,0.184,1.983,0.079,6.101,8.549,1.016,8.413,63,1.333,535,2.615,23.2
DATA,MOTOR_BREAKIN_V3,000001,847082863,509,513,0.227,0.141,7.717,2.758,4.959,63,REV,UNKNOWN,0.184,0.912,0.066,6.101,8.549,1.016,8.413,63,1.333,536,2.620,23.2
DATA,MOTOR_BREAKIN_V3,000001,847082963,508,514,0.253,0.115,8.971,2.117,6.853,63,REV,UNKNOWN,0.184,1.261,1.057,5.600,8.549,1.016,8.413,63,1.333,536,2.620,23.2
DATA,MOTOR_BREAKIN_V3,000001,847083063,508,513,0.253,0.141,6.993,2.535,4.457,63,REV,UNKNOWN,0.197,0.879,1.057,5.600,8.549,1.016,8.413,63,1.333,536,2.620,23.2
DATA,MOTOR_BREAKIN_V3,000001,847083163,512,515,0.147,0.088,10.782,6.213,4.569,63,REV,UNKNOWN,0.118,0.539,0.092,3.204,8.549,1.016,8.413,63,1.333,536,2.620,23.2
DATA,MOTOR_BREAKIN_V3,000001,847083263,509,514,0.227,0.115,9.862,3.315,6.547,63,REV,UNKNOWN,0.171,1.118,0.330,3.204,8.549,1.016,8.413,63,1.333,536,2.620,23.2
DATA,MOTOR_BREAKIN_V3,000001,847083363,510,513,0.200,0.141,8.469,4.207,4.262,63,REV,UNKNOWN,0.171,0.728,0.317,3.594,8.549,1.016,8.413,63,1.333,536,2.620,23.2
DATA,MOTOR_BREAKIN_V3,000001,847083463,509,514,0.227,0.115,10.949,0.334,10.614,63,REV,UNKNOWN,0.171,1.812,0.066,7.996,8.549,1.016,8.413,63,1.333,537,2.625,23.2
DATA,MOTOR_BREAKIN_V3,000001,847083563,509,513,0.227,0.141,10.057,2.870,7.188,63,REV,UNKNOWN,0.184,1.322,0.053,7.606,8.549,1.016,8.413,63,1.333,536,2.620,23.1
DATA,MOTOR_BREAKIN_V3,000001,847083663,512,515,0.147,0.088,12.648,3.817,8.831,63,REV,UNKNOWN,0.118,1.041,0.079,3.482,8.549,1.016,8.413,63,1.333,537,2.625,23.1
DATA,MOTOR_BREAKIN_V3,000001,847083763,509,513,0.227,0.141,8.163,3.538,4.625,63,REV,UNKNOWN,0.184,0.851,0.092,4.652,8.549,1.016,8.413,63,1.333,537,2.625,23.1
DATA,MOTOR_BREAKIN_V3,000001,847083863,511,514,0.174,0.115,10.754,3.845,6.909,63,REV,UNKNOWN,0.144,0.997,1.044,4.680,8.549,1.016,8.413,63,1.333,537,2.625,23.1
DATA,MOTOR_BREAKIN_V3,000001,847083963,508,512,0.253,0.168,7.522,2.758,4.764,63,REV,UNKNOWN,0.210,1.002,1.044,3.399,8.549,1.016,8.413,63,1.333,536,2.620,23.1
DATA,MOTOR_BREAKIN_V3,000001,847084063,509,513,0.227,0.141,14.933,4.959,9.974,63,REV,UNKNOWN,0.184,1.835,0.053,7.104,8.549,1.016,8.413,63,1.333,537,2.625,23.2
DATA,MOTOR_BREAKIN_V3,000001,847084163,508,513,0.253,0.141,12.063,3.984,8.079,63,REV,UNKNOWN,0.197,1.593,0.238,6.547,8.549,1.016,8.413,63,1.333,536,2.620,23.2
DATA,MOTOR_BREAKIN_V3,000001,847084263,509,512,0.227,0.168,10.336,4.067,6.268,63,REV,UNKNOWN,0.197,1.236,0.264,5.711,8.549,1.016,8.413,63,1.333,537,2.625,23.1
DATA,MOTOR_BREAKIN_V3,000001,847084363,510,513,0.200,0.141,8.553,0.251,8.302,63,REV,UNKNOWN,0.171,1.418,0.079,4.987,8.549,1.016,8.413,63,1.333,537,2.625,23.2
DATA,MOTOR_BREAKIN_V3,000001,847084463,510,514,0.200,0.115,10.698,5.433,5.265,63,REV,UNKNOWN,0.158,0.829,1.215,6.408,8.549,1.016,8.413,63,1.360,537,2.625,23.1
DATA,MOTOR_BREAKIN_V3,000001,847084563,510,514,0.200,0.115,14.180,4.625,9.556,63,REV,UNKNOWN,0.158,1.505,1.229,6.408,8.549,1.016,8.413,63,1.360,537,2.625,23.1
DATA,MOTOR_BREAKIN_V3,000001,847084663,508,513,0.253,0.141,7.996,2.842,5.154,63,REV,UNKNOWN,0.197,1.016,0.079,6.213,8.549,1.016,8.413,63,1.360,536,2.620,23.2
DATA,MOTOR_BREAKIN_V3,000001,847084763,509,513,0.227,0.141,11.812,0.669,11.144,63,REV,UNKNOWN,0.184,2.050,0.872,9.194,8.549,1.016,8.413,63,1.360,536,2.620,23.2
DATA,MOTOR_BREAKIN_V3,000001,847084863,508,512,0.253,0.168,10.531,3.427,7.104,63,REV,UNKNOWN,0.210,1.495,0.859,9.194,8.549,1.016,8.413,63,1.360,537,2.625,23.1
DATA,MOTOR_BREAKIN_V3,000001,847084963,511,513,0.174,0.141,11.617,2.870,8.748,63,REV,UNKNOWN,0.158,1.378,0.238,6.408,8.549,1.016,8.413,63,1.360,537,2.625,23.2
DATA,MOTOR_BREAKIN_V3,000001,847085063,508,513,0.253,0.141,8.023,2.507,5.516,63,REV,UNKNOWN,0.197,1.088,0.238,11.645,8.549,1.016,8.413,63,1.360,536,2.620,23.2
DATA,MOTOR_BREAKIN_V3,000001,847085163,508,512,0.253,0.168,12.982,3.900,9.082,63,REV,UNKNOWN,0.210,1.911,0.211,9.556,8.549,1.016,8.413,63,1.360,537,2.625,23.2
DATA,MOTOR_BREAKIN_V3,000001,847085262,510,513,0.200,0.141,11.227,0.223,11.004,63,REV,UNKNOWN,0.171,1.879,0.238,6.853,8.549,1.016,8.413,63,1.360,536,2.620,23.2
DATA,MOTOR_BREAKIN_V3,000001,847085363,510,513,0.200,0.141,8.163,2.396,5.767,63,REV,UNKNOWN,0.171,0.985,0.264,8.971,8.549,1.016,8.413,63,1.360,536,2.620,23.1
DATA,MOTOR_BREAKIN_V3,000001,847085463,511,514,0.174,0.115,9.249,2.814,6.435,63,REV,UNKNOWN,0.144,0.929,0.079,9.110,8.549,1.016,8.413,63,1.360,536,2.620,23.2
DATA,MOTOR_BREAKIN_V3,000001,847085563,509,514,0.227,0.115,8.497,3.315,5.182,63,REV,UNKNOWN,0.171,0.885,1.202,7.466,8.549,1.016,8.413,63,1.360,536,2.620,23.1
DATA,MOTOR_BREAKIN_V3,000001,847085663,510,514,0.200,0.115,12.509,3.900,8.609,63,REV,UNKNOWN,0.158,1.356,1.215,8.051,8.549,1.016,8.413,63,1.360,537,2.625,23.1
DATA,MOTOR_BREAKIN_V3,000001,847085763,507,512,0.279,0.168,9.974,3.594,6.380,63,REV,UNKNOWN,0.224,1.426,0.092,5.850,8.549,1.016,8.413,63,1.360,536,2.620,23.1
DATA,MOTOR_BREAKIN_V3,000001,847085863,509,513,0.227,0.141,9.890,4.931,4.959,63,REV,UNKNOWN,0.184,0.912,1.162,5.210,9.730,1.294,7.522,63,1.360,537,2.625,23.1
DATA,MOTOR_BREAKIN_V3,000001,847085963,508,513,0.253,0.141,14.264,4.736,9.528,63,REV,UNKNOWN,0.197,1.879,1.149,5.934,9.730,1.294,7.522,63,1.360,536,2.620,23.2
DATA,MOTOR_BREAKIN_V3,000001,847086063,508,512,0.253,0.168,7.271,2.786,4.485,63,REV,UNKNOWN,0.210,0.944,0.066,5.070,9.730,1.294,7.522,63,1.360,536,2.620,23.1
DATA,MOTOR_BREAKIN_V3,000001,847086163,509,513,0.227,0.141,11.116,5.405,5.711,63,REV,UNKNOWN,0.184,1.051,1.030,9.556,16.308,1.161,14.041,63,1.360,536,2.620,23.1
DATA,MOTOR_BREAKIN_V3,000001,847086263,508,513,0.253,0.141,13.233,4.179,9.054,63,REV,UNKNOWN,0.197,1.785,1.096,8.887,16.308,1.161,14.041,63,1.360,537,2.625,23.1
DATA,MOTOR_BREAKIN_V3,000001,847086363,510,513,0.200,0.141,11.589,0.362,11.227,63,REV,UNKNOWN,0.171,1.917,0.132,6.686,16.308,1.161,14.041,63,1.360,536,2.620,23.1
DATA,MOTOR_BREAKIN_V3,000001,847086463,508,513,0.253,0.141,8.135,3.315,4.820,63,REV,UNKNOWN,0.197,0.950,0.119,6.630,16.308,1.161,14.041,63,1.360,537,2.625,23.1
DATA,MOTOR_BREAKIN_V3,000001,847086563,509,513,0.227,0.141,12.955,3.427,9.528,63,REV,UNKNOWN,0.184,1.753,0.066,5.711,16.308,1.161,14.041,63,1.360,537,2.625,23.1
DATA,MOTOR_BREAKIN_V3,000001,847086663,508,512,0.253,0.168,8.636,2.730,5.906,63,REV,UNKNOWN,0.210,1.243,0.079,4.820,16.308,1.161,14.041,63,1.360,536,2.620,23.2
DATA,MOTOR_BREAKIN_V3,000001,847086763,508,513,0.253,0.141,10.642,3.371,7.271,63,REV,UNKNOWN,0.197,1.434,0.092,4.290,16.308,1.161,14.041,63,1.360,536,2.620,23.1
DATA,MOTOR_BREAKIN_V3,000001,847086863,508,512,0.253,0.168,8.943,3.371,5.572,63,REV,UNKNOWN,0.210,1.172,0.092,6.018,16.308,1.161,14.041,63,1.360,536,2.620,23.1
DATA,MOTOR_BREAKIN_V3,000001,847086963,509,513,0.227,0.141,8.776,3.176,5.600,63,REV,UNKNOWN,0.184,1.030,0.106,7.550,16.308,1.161,14.041,63,1.360,537,2.625,23.1
DATA,MOTOR_BREAKIN_V3,000001,847087063,510,514,0.200,0.115,8.915,3.120,5.795,63,REV,UNKNOWN,0.158,0.913,0.106,4.820,16.308,1.161,14.041,63,1.360,537,2.625,23.1
DATA,MOTOR_BREAKIN_V3,000001,847087163,508,513,0.253,0.141,11.088,3.845,7.243,63,REV,UNKNOWN,0.197,1.428,0.119,3.622,16.308,1.161,14.041,63,1.360,537,2.625,23.1
DATA,MOTOR_BREAKIN_V3,000001,847087263,510,514,0.200,0.115,12.592,0.279,12.314,63,REV,UNKNOWN,0.158,1.940,0.132,8.302,16.308,1.161,14.041,63,1.360,536,2.620,23.1
DATA,MOTOR_BREAKIN_V3,000001,847087363,508,513,0.253,0.141,8.887,3.287,5.600,63,REV,UNKNOWN,0.197,1.104,0.053,7.494,16.308,1.161,14.041,63,1.360,536,2.620,23.1
DATA,MOTOR_BREAKIN_V3,000001,847087463,508,512,0.253,0.168,9.249,3.260,5.990,63,REV,UNKNOWN,0.210,1.260,0.053,3.037,16.308,1.161,14.041,63,1.360,537,2.625,23.1
DATA,MOTOR_BREAKIN_V3,000001,847087563,509,514,0.227,0.115,7.912,3.287,4.625,63,REV,UNKNOWN,0.171,0.790,0.066,2.953,16.308,1.161,14.041,63,1.360,537,2.625,23.1
DATA,MOTOR_BREAKIN_V3,000001,847087663,513,515,0.121,0.088,10.085,0.306,9.779,63,REV,UNKNOWN,0.105,1.024,0.092,6.185,16.308,1.161,14.041,63,1.360,536,2.620,23.2
DATA,MOTOR_BREAKIN_V3,000001,847087763,511,514,0.174,0.115,9.834,3.761,6.073,63,REV,UNKNOWN,0.144,0.877,0.106,7.383,16.308,1.161,14.041,63,1.360,536,2.620,23.1
DATA,MOTOR_BREAKIN_V3,000001,847087863,514,515,0.095,0.088,8.553,3.287,5.265,63,REV,UNKNOWN,0.091,0.482,0.119,7.578,16.308,1.161,14.041,63,1.360,537,2.625,23.1
DATA,MOTOR_BREAKIN_V3,000001,847087963,509,513,0.227,0.141,6.547,2.117,4.430,63,REV,UNKNOWN,0.184,0.815,0.106,7.076,16.308,1.161,14.041,63,1.360,536,2.620,23.1
DATA,MOTOR_BREAKIN_V3,000001,847088063,509,513,0.227,0.141,11.116,0.223,10.893,63,REV,UNKNOWN,0.184,2.004,0.092,8.358,16.308,1.161,14.041,63,1.360,537,2.625,23.1
DATA,MOTOR_BREAKIN_V3,000001,847088163,508,513,0.253,0.141,10.782,4.012,6.770,63,REV,UNKNOWN,0.197,1.335,0.119,8.358,16.308,1.161,14.041,63,1.360,537,2.625,23.1
DATA,MOTOR_BREAKIN_V3,000001,847088263,509,513,0.227,0.141,10.754,3.956,6.798,63,REV,UNKNOWN,0.184,1.250,0.053,5.962,16.308,1.161,14.041,63,1.360,536,2.620,23.1
DATA,MOTOR_BREAKIN_V3,000001,847088363,511,514,0.174,0.115,7.689,2.870,4.820,63,REV,UNKNOWN,0.144,0.696,0.092,6.547,16.308,1.161,14.041,63,1.360,536,2.620,23.1
DATA,MOTOR_BREAKIN_V3,000001,847088462,508,512,0.253,0.168,12.258,2.953,9.305,63,REV,UNKNOWN,0.210,1.958,0.106,6.965,16.308,1.161,14.041,63,1.360,536,2.620,23.1
DATA,MOTOR_BREAKIN_V3,000001,847088563,509,514,0.227,0.115,6.770,2.507,4.262,63,REV,UNKNOWN,0.171,0.728,0.145,7.132,16.308,1.161,14.041,63,1.360,536,2.620,23.2
DATA,MOTOR_BREAKIN_V3,000001,847088663,509,513,0.227,0.141,7.940,2.479,5.460,63,REV,UNKNOWN,0.184,1.004,0.132,7.522,16.308,1.161,14.041,63,1.360,536,2.620,23.2
DATA,MOTOR_BREAKIN_V3,000001,847088763,508,512,0.253,0.168,6.630,0.529,6.101,63,REV,UNKNOWN,0.210,1.284,0.092,8.413,16.308,1.161,14.041,63,1.360,536,2.620,23.1
DATA,MOTOR_BREAKIN_V3,000001,847088863,508,512,0.253,0.168,6.268,2.062,4.207,63,REV,UNKNOWN,0.210,0.885,0.106,7.494,16.308,1.161,14.041,63,1.360,536,2.620,23.1
DATA,MOTOR_BREAKIN_V3,000001,847088963,508,513,0.253,0.141,5.962,2.257,3.705,63,REV,UNKNOWN,0.197,0.731,0.106,8.469,16.308,1.161,14.041,63,1.360,536,2.620,23.1
DATA,MOTOR_BREAKIN_V3,000001,847089063,509,513,0.227,0.141,9.110,3.176,5.934,63,REV,UNKNOWN,0.184,1.092,0.079,8.469,16.308,1.161,14.041,63,1.360,537,2.625,23.1
DATA,MOTOR_BREAKIN_V3,000001,847089163,510,513,0.200,0.141,7.606,1.087,6.519,63,REV,UNKNOWN,0.171,1.113,0.079,7.438,16.308,1.161,14.041,63,1.360,537,2.625,23.1
DATA,MOTOR_BREAKIN_V3,000001,847089263,508,512,0.253,0.168,12.481,1.504,10.977,63,REV,UNKNOWN,0.210,2.309,0.053,7.438,16.308,1.161,14.041,63,1.360,537,2.625,23.1
DATA,MOTOR_BREAKIN_V3,000001,847089363,510,514,0.200,0.115,9.026,2.814,6.213,63,REV,UNKNOWN,0.158,0.979,0.053,7.243,16.308,1.161,14.041,63,1.360,537,2.625,23.1
DATA,MOTOR_BREAKIN_V3,000001,847089463,509,513,0.227,0.141,9.611,3.232,6.380,63,REV,UNKNOWN,0.184,1.174,0.053,8.915,16.308,1.161,14.041,63,1.360,537,2.625,23.1
DATA,MOTOR_BREAKIN_V3,000001,847089563,511,514,0.174,0.115,9.751,4.179,5.572,63,REV,UNKNOWN,0.144,0.804,0.066,8.358,16.308,1.161,14.041,63,1.360,536,2.620,23.1
DATA,MOTOR_BREAKIN_V3,000001,847089663,510,514,0.200,0.115,8.804,4.513,4.290,63,REV,UNKNOWN,0.158,0.676,0.066,5.238,16.308,1.161,14.041,63,1.360,536,2.620,23.1
DATA,MOTOR_BREAKIN_V3,000001,847089763,510,513,0.200,0.141,9.026,3.482,5.544,63,REV,UNKNOWN,0.171,0.947,0.040,6.018,16.308,1.161,14.041,63,1.360,536,2.620,23.2
DATA,MOTOR_BREAKIN_V3,000001,847089863,509,513,0.227,0.141,11.339,4.179,7.160,63,REV,UNKNOWN,0.184,1.317,0.066,8.999,16.308,1.161,14.041,63,1.360,537,2.625,23.1
DATA,MOTOR_BREAKIN_V3,000001,847089963,509,514,0.227,0.115,13.818,3.510,10.308,63,REV,UNKNOWN,0.171,1.760,0.079,8.497,16.308,1.161,14.041,63,1.360,536,2.620,23.1
DATA,MOTOR_BREAKIN_V3,000001,847090063,510,514,0.200,0.115,8.720,4.430,4.290,63,REV,UNKNOWN,0.158,0.676,0.079,8.581,16.308,1.161,14.041,63,1.360,536,2.620,23.1
DATA,MOTOR_BREAKIN_V3,000001,847090163,510,513,0.200,0.141,9.054,4.457,4.597,63,REV,UNKNOWN,0.171,0.785,0.040,6.296,16.308,1.161,14.041,63,1.360,536,2.620,23.1
DATA,MOTOR_BREAKIN_V3,000001,847090263,508,512,0.253,0.168,12.286,4.290,7.996,63,REV,UNKNOWN,0.210,1.682,0.040,4.820,16.308,1.161,14.041,63,1.360,537,2.625,23.1
DATA,MOTOR_BREAKIN_V3,000001,847090363,509,513,0.227,0.141,11.506,5.126,6.380,63,REV,UNKNOWN,0.184,1.174,0.053,4.346,16.308,1.161,14.041,63,1.360,536,2.620,23.1
DATA,MOTOR_BREAKIN_V3,000001,847090463,510,513,0.200,0.141,10.837,0.752,10.085,63,REV,UNKNOWN,0.171,1.722,0.053,6.853,16.308,1.161,14.041,63,1.360,536,2.620,23.1
DATA,MOTOR_BREAKIN_V3,000001,847090563,510,514,0.200,0.115,9.194,0.223,8.971,63,REV,UNKNOWN,0.158,1.413,0.040,6.853,16.308,1.161,14.041,63,1.360,536,2.620,23.1
DATA,MOTOR_BREAKIN_V3,000001,847090663,509,514,0.227,0.115,11.199,0.223,10.977,63,REV,UNKNOWN,0.171,1.874,0.040,7.021,16.308,1.161,14.041,63,1.360,536,2.620,23.1
DATA,MOTOR_BREAKIN_V3,000001,847090763,508,512,0.253,0.168,13.010,4.792,8.218,63,REV,UNKNOWN,0.210,1.729,0.066,4.764,16.308,1.161,14.041,63,1.360,536,2.620,23.1
DATA,MOTOR_BREAKIN_V3,000001,847090863,508,513,0.253,0.141,11.868,0.474,11.394,63,REV,UNKNOWN,0.197,2.247,0.106,6.742,16.308,1.161,14.041,63,1.360,537,2.625,23.1
DATA,MOTOR_BREAKIN_V3,000001,847090963,509,513,0.227,0.141,12.704,2.396,10.308,63,REV,UNKNOWN,0.184,1.896,0.092,8.413,16.308,1.161,14.041,63,1.360,537,2.625,23.1
DATA,MOTOR_BREAKIN_V3,000001,847091063,509,513,0.227,0.141,9.834,0.418,9.416,63,REV,UNKNOWN,0.184,1.732,0.092,8.358,16.308,1.161,14.041,63,1.360,537,2.625,23.1
DATA,MOTOR_BREAKIN_V3,000001,847091163,507,513,0.279,0.141,14.208,4.262,9.946,63,REV,UNKNOWN,0.210,2.092,0.106,6.965,16.308,1.161,14.041,63,1.360,536,2.620,23.1
DATA,MOTOR_BREAKIN_V3,000001,847091263,508,512,0.253,0.168,7.411,0.362,7.048,63,REV,UNKNOWN,0.210,1.483,0.040,6.658,16.308,1.161,14.041,63,1.360,537,2.625,23.1
DATA,MOTOR_BREAKIN_V3,000001,847091363,509,512,0.227,0.168,11.116,1.839,9.277,63,REV,UNKNOWN,0.197,1.829,0.053,6.937,16.308,1.161,14.041,63,1.360,536,2.620,23.1
DATA,MOTOR_BREAKIN_V3,000001,847091463,509,513,0.227,0.141,10.893,0.334,10.559,63,REV,UNKNOWN,0.184,1.942,0.066,4.207,16.308,1.161,14.041,63,1.360,536,2.620,23.1
DATA,MOTOR_BREAKIN_V3,000001,847091563,509,512,0.227,0.168,9.556,3.510,6.045,63,REV,UNKNOWN,0.197,1.192,0.092,6.073,16.308,1.161,14.041,63,1.360,536,2.620,23.1
DATA,MOTOR_BREAKIN_V3,000001,847091662,508,513,0.253,0.141,12.676,0.334,12.342,63,REV,UNKNOWN,0.197,2.433,0.092,6.993,16.308,1.161,14.041,63,1.360,537,2.625,23.1
DATA,MOTOR_BREAKIN_V3,000001,847091763,508,512,0.253,0.168,11.199,2.619,8.581,63,REV,UNKNOWN,0.210,1.805,0.119,7.327,16.308,1.161,14.041,63,1.360,535,2.615,23.1
DATA,MOTOR_BREAKIN_V3,000001,847091863,507,512,0.279,0.168,12.397,0.501,11.896,63,REV,UNKNOWN,0.224,2.660,0.132,8.441,16.308,1.161,14.041,63,1.360,536,2.620,23.1
DATA,MOTOR_BREAKIN_V3,000001,847091963,511,513,0.174,0.141,7.243,0.418,6.826,63,REV,UNKNOWN,0.158,1.075,0.092,7.661,16.308,1.161,14.041,63,1.360,536,2.620,23.1
DATA,MOTOR_BREAKIN_V3,000001,847092063,508,512,0.253,0.168,12.342,4.318,8.023,63,REV,UNKNOWN,0.210,1.688,0.092,5.739,16.308,1.161,14.041,63,1.360,537,2.625,23.1
DATA,MOTOR_BREAKIN_V3,000001,847092163,508,512,0.253,0.168,12.007,0.390,11.617,63,REV,UNKNOWN,0.210,2.444,0.079,7.996,16.308,1.161,14.041,63,1.360,537,2.625,23.1
516.00
READY,REV

========================================
 Mini4WD MOTOR BREAK-IN DEVICE
 MOTOR_BREAKIN_V3
 Firmware : 3.00
========================================
INFO,TYPE=MOTOR,MODEL=MOTOR_BREAKIN_V3,FW=3.00,ID=000001
DATA,MOTOR_BREAKIN_V3,000001,847092237,517,517,0.000,0.000,16.214,0.000,16.214,63,REV,READY,0.000,0.000,0.210,10.475,16.308,1.161,14.041,63,1.360,536,2.620,23.1
DATA,MOTOR_BREAKIN_V3,000001,847092237,517,516,0.000,0.000,13.428,0.000,13.428,63,REV,READY,0.000,0.000,0.210,10.475,16.308,1.161,14.041,63,1.360,536,2.620,23.1
DATA,MOTOR_BREAKIN_V3,000001,847092237,517,518,0.000,0.000,13.205,1.170,12.035,63,REV,READY,0.000,0.000,0.000,7.968,16.308,1.161,14.041,63,1.360,536,2.620,23.1
DATA,MOTOR_BREAKIN_V3,000001,847092237,517,518,0.000,0.000,14.041,0.000,14.041,63,REV,READY,0.000,0.000,0.000,5.795,16.308,1.161,14.041,63,1.360,536,2.620,23.1
DATA,MOTOR_BREAKIN_V3,000001,847092237,518,518,0.000,0.000,14.264,0.000,14.264,63,REV,READY,0.000,0.000,0.000,4.262,16.308,1.161,14.041,63,1.360,536,2.620,23.1
DATA,MOTOR_BREAKIN_V3,000001,847092237,516,517,0.000,0.000,13.930,0.000,13.930,63,REV,READY,0.000,0.000,0.000,4.290,16.308,1.161,14.041,63,1.360,536,2.620,23.1
DATA,MOTOR_BREAKIN_V3,000001,847092237,517,517,0.000,0.000,14.125,0.000,14.125,63,REV,READY,0.000,0.000,0.000,0.836,16.308,1.161,14.041,63,1.360,536,2.620,23.1
DATA,MOTOR_BREAKIN_V3,000001,847092237,518,517,0.000,0.000,15.016,0.000,15.016,63,REV,READY,0.000,0.000,0.000,1.894,16.308,1.161,14.041,63,1.360,537,2.625,23.1
DATA,MOTOR_BREAKIN_V3,000001,847092237,517,517,0.000,0.000,13.679,0.000,13.679,63,REV,READY,0.000,0.000,0.000,2.257,16.308,1.161,14.041,63,1.360,536,2.620,23.1
DATA,MOTOR_BREAKIN_V3,000001,847092237,517,517,0.000,0.000,14.431,0.000,14.431,63,REV,READY,0.000,0.000,0.000,1.449,16.308,1.161,14.041,63,1.360,537,2.625,23.1
DATA,MOTOR_BREAKIN_V3,000001,847092237,517,517,0.000,0.000,17.328,0.056,17.273,63,REV,READY,0.000,0.000,0.000,4.067,16.308,1.161,14.041,63,1.360,536,2.620,23.1
DATA,MOTOR_BREAKIN_V3,000001,847092237,517,518,0.000,0.000,13.205,0.167,13.038,63,REV,READY,0.000,0.000,0.000,4.235,16.308,1.161,14.041,63,1.360,536,2.620,23.1
DATA,MOTOR_BREAKIN_V3,000001,847092237,517,517,0.000,0.000,15.072,0.195,14.877,63,REV,READY,0.000,0.000,0.000,3.260,16.308,1.161,14.041,63,1.360,537,2.625,23.1
DATA,MOTOR_BREAKIN_V3,000001,847092237,517,517,0.000,0.000,16.158,0.223,15.935,63,REV,READY,0.000,0.000,0.000,3.260,16.308,1.161,14.041,63,1.360,536,2.620,23.1
DATA,MOTOR_BREAKIN_V3,000001,847092237,517,517,0.000,0.000,13.177,0.223,12.955,63,REV,READY,0.000,0.000,0.000,3.260,16.308,1.161,14.041,63,1.360,536,2.620,23.1
DATA,MOTOR_BREAKIN_V3,000001,847092237,517,518,0.000,0.000,14.960,0.195,14.765,63,REV,READY,0.000,0.000,0.000,2.535,16.308,1.161,14.041,63,1.360,537,2.625,23.1
DATA,MOTOR_BREAKIN_V3,000001,847092237,517,517,0.000,0.000,12.871,0.195,12.676,63,REV,READY,0.000,0.000,0.000,2.647,16.308,1.161,14.041,63,1.360,536,2.620,23.1
DATA,MOTOR_BREAKIN_V3,000001,847092237,518,517,0.000,0.000,13.400,0.223,13.177,63,REV,READY,0.000,0.000,0.000,3.733,16.308,1.161,14.041,63,1.360,537,2.625,23.1
DATA,MOTOR_BREAKIN_V3,000001,847092237,517,518,0.000,0.000,15.016,0.223,14.793,63,REV,READY,0.000,0.000,0.000,3.204,16.308,1.161,14.041,63,1.360,537,2.625,23.1
DATA,MOTOR_BREAKIN_V3,000001,847092237,517,518,0.000,0.000,12.899,0.223,12.676,63,REV,READY,0.000,0.000,0.000,2.591,16.308,1.161,14.041,63,1.360,536,2.620,23.1
DATA,MOTOR_BREAKIN_V3,000001,847092237,516,517,0.000,0.000,13.456,0.223,13.233,63,REV,READY,0.000,0.000,0.000,3.371,16.308,1.161,14.041,63,1.360,536,2.620,23.1
DATA,MOTOR_BREAKIN_V3,000001,847092237,517,518,0.000,0.000,14.988,0.195,14.793,63,REV,READY,0.000,0.000,0.000,2.897,16.308,1.161,14.041,63,1.360,536,2.620,23.1
DATA,MOTOR_BREAKIN_V3,000001,847092237,518,518,0.000,0.000,13.010,0.223,12.787,63,REV,READY,0.000,0.000,0.000,2.563,16.308,1.161,14.041,63,1.360,537,2.625,23.1
DATA,MOTOR_BREAKIN_V3,000001,847092237,517,516,0.000,0.000,14.013,0.223,13.790,63,REV,READY,0.000,0.000,0.000,3.315,16.308,1.161,14.041,63,1.360,536,2.620,23.0
DATA,MOTOR_BREAKIN_V3,000001,847092237,515,517,0.050,0.000,15.044,0.195,14.849,63,REV,READY,0.025,0.374,0.025,2.953,16.308,1.161,14.041,63,1.360,536,2.620,23.0
DATA,MOTOR_BREAKIN_V3,000001,847092237,518,517,0.000,0.000,13.122,0.195,12.927,63,REV,READY,0.000,0.000,0.025,2.089,16.308,1.161,14.041,63,1.360,536,2.620,23.0
DATA,MOTOR_BREAKIN_V3,000001,847092237,517,517,0.000,0.000,14.041,0.195,13.846,63,REV,READY,0.000,0.000,0.000,2.814,16.308,1.161,14.041,63,1.360,537,2.625,23.0
DATA,MOTOR_BREAKIN_V3,000001,847092237,517,516,0.000,0.000,15.072,0.195,14.877,63,REV,READY,0.000,0.000,0.000,2.786,16.308,1.161,14.041,63,1.360,536,2.620,23.1
DATA,MOTOR_BREAKIN_V3,000001,847092237,517,517,0.000,0.000,13.177,0.223,12.955,63,REV,READY,0.000,0.000,0.000,2.452,16.308,1.161,14.041,63,1.360,536,2.620,23.0
DATA,MOTOR_BREAKIN_V3,000001,847092237,517,518,0.000,0.000,14.933,0.195,14.738,63,REV,READY,0.000,0.000,0.000,2.173,16.308,1.161,14.041,63,1.360,536,2.620,23.1
DATA,MOTOR_BREAKIN_V3,000001,847092237,516,517,0.000,0.000,15.183,0.195,14.988,63,REV,READY,0.000,0.000,0.000,2.730,16.308,1.161,14.041,63,1.360,536,2.620,23.0
DATA,MOTOR_BREAKIN_V3,000001,847092237,517,518,0.000,0.000,13.372,0.223,13.150,63,REV,READY,0.000,0.000,0.000,2.758,16.308,1.161,14.041,63,1.360,536,2.620,23.1
DATA,MOTOR_BREAKIN_V3,000001,847092237,517,518,0.000,0.000,14.988,0.195,14.793,63,REV,READY,0.000,0.000,0.000,2.034,16.308,1.161,14.041,63,1.360,537,2.625,23.0
DATA,MOTOR_BREAKIN_V3,000001,847092237,518,518,0.000,0.000,15.183,0.223,14.960,63,REV,READY,0.000,0.000,0.000,2.396,16.308,1.161,14.041,63,1.360,536,2.620,23.0
DATA,MOTOR_BREAKIN_V3,000001,847092237,517,518,0.000,0.000,13.567,0.195,13.372,63,REV,READY,0.000,0.000,0.000,2.312,16.308,1.161,14.041,63,1.360,537,2.625,23.0
