ACS1_ZERO=512.80
ACS2_ZERO=513.70
READY,FWD

========================================
 Mini4WD MOTOR BREAK-IN DEVICE
 MOTOR_BREAKIN_V3
 Firmware : 3.00
========================================
INFO,TYPE=MOTOR,MODEL=MOTOR_BREAKIN_V3,FW=3.00,ID=000001
DATA,MOTOR_BREAKIN_V3,000001,0,513,514,0.000,0.000,0.000,0.000,0.000,0,FWD,READY,0.000,0.000,0.000,0.000,0.000,0.000,0.000,0,0.000,562,2.747,22.3
DATA,MOTOR_BREAKIN_V3,000001,0,512,512,0.000,0.000,0.000,0.000,0.000,0,FWD,READY,0.000,0.000,0.000,0.000,0.000,0.000,0.000,0,0.000,562,2.747,22.3
DATA,MOTOR_BREAKIN_V3,000001,0,513,514,0.000,0.000,0.000,0.000,0.000,0,FWD,READY,0.000,0.000,0.000,0.000,0.000,0.000,0.000,0,0.000,561,2.742,22.3
DATA,MOTOR_BREAKIN_V3,000001,0,512,514,0.000,0.000,0.000,0.000,0.000,0,FWD,READY,0.000,0.000,0.000,0.000,0.000,0.000,0.000,0,0.000,561,2.742,22.3
DATA,MOTOR_BREAKIN_V3,000001,0,512,513,0.000,0.000,0.000,0.000,0.000,0,FWD,READY,0.000,0.000,0.000,0.000,0.000,0.000,0.000,0,0.000,562,2.747,22.3
DATA,MOTOR_BREAKIN_V3,000001,0,513,514,0.000,0.000,0.000,0.000,0.000,0,FWD,READY,0.000,0.000,0.000,0.000,0.000,0.000,0.000,0,0.000,562,2.747,22.3
DATA,MOTOR_BREAKIN_V3,000001,0,513,514,0.000,0.000,0.000,0.000,0.000,0,FWD,READY,0.000,0.000,0.000,0.000,0.000,0.000,0.000,0,0.000,562,2.747,22.3
DATA,MOTOR_BREAKIN_V3,000001,0,513,514,0.000,0.000,0.000,0.000,0.000,0,FWD,READY,0.000,0.000,0.000,0.000,0.000,0.000,0.000,0,0.000,562,2.747,22.3
DATA,MOTOR_BREAKIN_V3,000001,0,512,515,0.000,0.000,0.000,0.000,0.000,0,FWD,READY,0.000,0.000,0.000,0.000,0.000,0.000,0.000,0,0.000,562,2.747,22.3
DATA,MOTOR_BREAKIN_V3,000001,0,513,513,0.000,0.000,0.000,0.000,0.000,0,FWD,READY,0.000,0.000,0.000,0.000,0.000,0.000,0.000,0,0.000,562,2.747,22.3
DATA,MOTOR_BREAKIN_V3,000001,0,512,513,0.000,0.000,0.000,0.000,0.000,0,FWD,READY,0.000,0.000,0.000,0.000,0.000,0.000,0.000,0,0.000,562,2.747,22.3
DATA,MOTOR_BREAKIN_V3,000001,0,513,514,0.000,0.000,0.000,0.000,0.000,0,FWD,READY,0.000,0.000,0.000,0.000,0.000,0.000,0.000,0,0.000,562,2.747,22.3
DATA,MOTOR_BREAKIN_V3,000001,0,513,514,0.000,0.000,0.000,0.000,0.000,0,FWD,READY,0.000,0.000,0.000,0.000,0.000,0.000,0.000,0,0.000,561,2.742,22.3
DATA,MOTOR_BREAKIN_V3,000001,0,513,514,0.000,0.000,0.000,0.000,0.000,0,FWD,READY,0.000,0.000,0.000,0.000,0.000,0.000,0.000,0,0.000,561,2.742,22.3
DATA,MOTOR_BREAKIN_V3,000001,0,513,514,0.000,0.000,0.000,0.000,0.000,0,FWD,READY,0.000,0.000,0.000,0.000,0.000,0.000,0.000,0,0.000,562,2.747,22.3
DATA,MOTOR_BREAKIN_V3,000001,0,513,513,0.000,0.000,0.000,0.000,0.000,0,FWD,READY,0.000,0.000,0.000,0.000,0.000,0.000,0.000,0,0.000,561,2.742,22.3
DATA,MOTOR_BREAKIN_V3,000001,0,513,513,0.000,0.000,0.000,0.000,0.000,0,FWD,READY,0.000,0.000,0.000,0.000,0.000,0.000,0.000,0,0.000,561,2.742,22.3
DATA,MOTOR_BREAKIN_V3,000001,0,512,514,0.000,0.000,0.000,0.000,0.000,0,FWD,READY,0.000,0.000,0.000,0.000,0.000,0.000,0.000,0,0.000,562,2.747,22.3
DATA,MOTOR_BREAKIN_V3,000001,0,513,513,0.000,0.000,0.000,0.000,0.000,0,FWD,READY,0.000,0.000,0.000,0.000,0.000,0.000,0.000,0,0.000,562,2.747,22.3
DATA,MOTOR_BREAKIN_V3,000001,0,513,514,0.000,0.000,0.000,0.000,0.000,0,FWD,READY,0.000,0.000,0.000,0.000,0.000,0.000,0.000,0,0.000,562,2.747,22.3
DATA,MOTOR_BREAKIN_V3,000001,0,512,514,0.000,0.000,0.000,0.000,0.000,0,FWD,READY,0.000,0.000,0.000,0.000,0.000,0.000,0.000,0,0.000,562,2.747,22.3
DATA,MOTOR_BREAKIN_V3,000001,0,512,514,0.000,0.000,0.000,0.000,0.000,0,FWD,READY,0.000,0.000,0.000,0.000,0.000,0.000,0.000,0,0.000,562,2.747,22.3
DATA,MOTOR_BREAKIN_V3,000001,0,513,513,0.000,0.000,0.000,0.000,0.000,0,FWD,READY,0.000,0.000,0.000,0.000,0.000,0.000,0.000,0,0.000,562,2.747,22.3
DATA,MOTOR_BREAKIN_V3,000001,0,513,513,0.000,0.000,0.000,0.000,0.000,0,FWD,READY,0.000,0.000,0.000,0.000,0.000,0.000,0.000,0,0.000,562,2.747,22.3
DATA,MOTOR_BREAKIN_V3,000001,0,512,513,0.000,0.000,0.000,0.000,0.000,0,FWD,READY,0.000,0.000,0.000,0.000,0.000,0.000,0.000,0,0.000,562,2.747,22.3
DATA,MOTOR_BREAKIN_V3,000001,0,513,514,0.000,0.000,0.000,0.000,0.000,0,FWD,READY,0.000,0.000,0.000,0.000,0.000,0.000,0.000,0,0.000,562,250,1.087,0.780,0.306,60,FWD,RUN,0.203,0.062,0.203,0.306,0.000,0.000,0.000,0,0.000,562,2.747,22.2
DATA,MOTOR_BREAKIN_V3,000001,135,503,508,0.257,0.150,1.504,0.529,0.975,60,FWD,RUN,0.203,0.198,0.217,0.975,0.000,0.000,0.000,0,0.000,562,2.747,22.1
DATA,MOTOR_BREAKIN_V3,000001,235,504,509,0.230,0.124,1.894,0.362,1.532,60,FWD,RUN,0.177,0.271,0.053,1.114,0.000,0.000,0.000,0,0.000,561,2.742,22.2
OK
DATA,MOTOR_BREAKIN_V3,000001,335,490,503,0.600,0.282,2.842,0.585,2.257,89,FWD,RUN,0.441,0.995,0.277,1.198,0.000,0.000,0.000,0,0.441,562,2.747,22.2
OK
DATA,MOTOR_BREAKIN_V3,000001,435,482,496,0.811,0.467,3.928,0.585,3.343,104,FWD,RUN,0.639,2.137,0.515,1.672,0.000,0.000,0.000,0,0.705,561,2.742,22.2
OK
DATA,MOTOR_BREAKIN_V3,000001,535,486,500,0.706,0.361,4.569,0.696,3.872,97,FWD,RUN,0.534,2.066,0.277,1.393,0.000,0.000,0.000,0,0.705,561,2.742,22.1
OK
DATA,MOTOR_BREAKIN_V3,000001,635,499,506,0.362,0.203,4.931,0.306,4.625,80,FWD,RUN,0.283,1.307,0.370,1.449,0.000,0.000,0.000,0,0.705,562,2.747,22.2
OK
DATA,MOTOR_BREAKIN_V3,000001,735,508,512,0.125,0.000,4.485,0.028,4.457,48,FWD,RUN,0.062,0.278,0.366,0.641,0.000,0.000,0.000,0,0.705,562,2.747,22.2
OK
DATA,MOTOR_BREAKIN_V3,000001,835,511,513,0.000,0.000,4.457,0.000,4.457,35,FWD,RUN,0.000,0.000,0.322,0.641,0.000,0.000,0.000,0,0.705,561,2.742,22.2
DATA,MOTOR_BREAKIN_V3,000001,934,510,512,0.072,0.000,4.067,0.000,4.067,35,FWD,RUN,0.036,0.146,0.111,0.613,0.000,0.000,0.000,0,0.705,562,2.747,22.2
DATA,MOTOR_BREAKIN_V3,000001,1035,510,513,0.072,0.000,4.123,0.000,4.123,35,FWD,RUN,0.036,0.148,0.049,0.585,0.000,0.000,0.000,0,0.705,562,2.747,22.2
DATA,MOTOR_BREAKIN_V3,000001,1135,509,512,0.098,0.000,3.705,0.000,3.705,35,FWD,RUN,0.049,0.182,0.084,0.641,0.000,0.000,0.000,0,0.705,561,2.742,22.2
DATA,MOTOR_BREAKIN_V3,000001,1235,509,511,0.098,0.071,3.622,0.000,3.622,35,FWD,RUN,0.084,0.306,0.084,0.724,0.000,0.000,0.000,0,0.705,560,2.737,22.2
DATA,MOTOR_BREAKIN_V3,000001,1335,509,512,0.098,0.000,3.566,0.000,3.566,35,FWD,RUN,0.049,0.175,0.049,0.279,0.000,0.000,0.000,0,0.705,562,2.747,22.2
DATA,MOTOR_BREAKIN_V3,000001,1435,509,512,0.098,0.000,3.482,0.000,3.482,35,FWD,RUN,0.049,0.171,0.049,0.418,0.000,0.000,0.000,0,0.705,562,2.747,22.2
DATA,MOTOR_BREAKIN_V3,000001,1535,509,511,0.098,0.071,3.399,0.111,3.287,35,FWD,RUN,0.084,0.278,0.049,0.418,0.000,0.000,0.000,0,0.705,562,2.747,22.2
DATA,MOTOR_BREAKIN_V3,000001,1635,509,513,0.098,0.000,3.399,0.000,3.399,35,FWD,RUN,0.049,0.167,0.049,0.279,0.000,0.000,0.000,0,0.705,561,2.742,22.2
DATA,MOTOR_BREAKIN_V3,000001,1735,509,512,0.098,0.000,3.287,0.000,3.287,35,FWD,RUN,0.049,0.161,0.049,0.139,0.000,0.000,0.000,0,0.705,561,2.742,22.2
DATA,MOTOR_BREAKIN_V3,000001,1835,509,512,0.098,0.000,3.232,0.028,3.204,35,FWD,RUN,0.049,0.157,0.084,0.195,0.000,0.000,0.000,0,0.705,561,2.742,22.2
DATA,MOTOR_BREAKIN_V3,000001,1935,509,512,0.098,0.000,3.343,0.028,3.315,35,FWD,RUN,0.049,0.163,0.084,0.251,0.000,0.000,0.000,0,0.705,562,2.747,22.2
DATA,MOTOR_BREAKIN_V3,000001,2035,509,512,0.098,0.000,3.287,0.000,3.287,35,FWD,RUN,0.049,0.161,0.035,0.223,0.000,0.000,0.000,0,0.705,562,2.747,22.2
DATA,MOTOR_BREAKIN_V3,000001,2135,509,512,0.098,0.000,3.260,0.000,3.260,35,FWD,RUN,0.049,0.160,0.035,0.195,0.000,0.000,0.000,0,0.705,562,2.747,22.2
DATA,MOTOR_BREAKIN_V3,000001,2235,509,510,0.098,0.097,3.232,0.028,3.204,35,FWD,RUN,0.098,0.313,0.062,0.195,0.000,0.000,0.000,0,0.705,561,2.742,22.2
DATA,MOTOR_BREAKIN_V3,000001,2335,509,511,0.098,0.071,3.287,0.028,3.260,35,FWD,RUN,0.084,0.275,0.062,0.223,0.000,0.000,0.000,0,0.705,562,2.747,22.2
DATA,MOTOR_BREAKIN_V3,000001,2435,509,512,0.098,0.000,3.232,0.000,3.232,35,FWD,RUN,0.049,0.159,0.049,0.223,0.000,0.000,0.000,0,0.705,562,2.747,22.2
DATA,MOTOR_BREAKIN_V3,000001,2535,509,512,0.098,0.000,3.260,0.028,3.232,35,FWD,RUN,0.049,0.159,0.049,0.111,0.000,0.000,0.000,0,0.705,562,2.747,22.2
DATA,MOTOR_BREAKIN_V3,000001,2635,509,512,0.098,0.000,3.204,0.000,3.204,35,FWD,RUN,0.049,0.157,0.049,0.084,0.000,0.000,0.000,0,0.705,562,2.747,22.2
DATA,MOTOR_BREAKIN_V3,000001,2735,509,512,0.098,0.000,3.232,0.000,3.232,35,FWD,RUN,0.049,0.159,0.035,0.084,0.000,0.000,0.000,0,0.705,561,2.742,22.2
DATA,MOTOR_BREAKIN_V3,000001,2835,509,512,0.098,0.000,3.148,0.028,3.120,35,FWD,RUN,0.049,0.153,0.035,0.111,0.000,0.000,0.000,0,0.705,561,2.742,22.2
DATA,MOTOR_BREAKIN_V3,000001,2935,510,512,0.072,0.000,3.343,0.000,3.343,35,FWD,RUN,0.036,0.120,0.026,0.223,0.000,0.000,0.000,0,0.705,562,2.747,22.2
DATA,MOTOR_BREAKIN_V3,000001,3035,509,512,0.098,0.000,3.232,0.000,3.232,35,FWD,RUN,0.049,0.159,0.035,0.251,0.220,0.071,3.092,35,0.705,561,2.742,22.2
DATA,MOTOR_BREAKIN_V3,000001,3135,509,511,0.098,0.071,3.232,0.028,3.204,35,FWD,RUN,0.084,0.271,0.035,0.139,0.271,0.084,3.204,35,0.705,562,2.747,22.2
DATA,MOTOR_BREAKIN_V3,000001,3235,509,512,0.098,0.000,3.120,0.000,3.120,35,FWD,RUN,0.049,0.153,0.049,0.195,0.271,0.084,3.204,35,0.705,562,2.747,22.3
DATA,MOTOR_BREAKIN_V3,000001,3335,509,512,0.098,0.000,3.204,0.000,3.204,35,FWD,RUN,0.049,0.157,0.049,0.223,0.271,0.084,3.204,35,0.705,561,2.742,22.2
DATA,MOTOR_BREAKIN_V3,000001,3435,509,511,0.098,0.071,3.120,0.028,3.092,35,FWD,RUN,0.084,0.261,0.049,0.195,0.273,0.084,3.232,35,0.705,562,2.747,22.3
DATA,MOTOR_BREAKIN_V3,000001,3535,508,512,0.125,0.000,3.148,0.000,3.148,35,FWD,RUN,0.062,0.196,0.035,0.279,0.273,0.084,3.232,35,0.705,561,2.742,22.3
DATA,MOTOR_BREAKIN_V3,000001,3635,510,512,0.072,0.000,3.120,0.028,3.092,35,FWD,RUN,0.036,0.111,0.049,0.279,0.273,0.084,3.232,35,0.705,561,2.742,22.2
DATA,MOTOR_BREAKIN_V3,000001,3735,509,512,0.098,0.000,3.120,0.028,3.092,35,FWD,RUN,0.049,0.152,0.035,0.223,0.273,0.084,3.232,35,0.705,562,2.747,22.3
DATA,MOTOR_BREAKIN_V3,000001,3835,509,511,0.098,0.071,3.232,0.000,3.232,35,FWD,RUN,0.084,0.273,0.049,0.195,0.273,0.084,3.232,35,0.705,561,2.742,22.3
DATA,MOTOR_BREAKIN_V3,000001,3935,509,512,0.098,0.000,3.315,0.000,3.315,35,FWD,RUN,0.049,0.163,0.049,0.139,0.273,0.084,3.232,35,0.705,561,2.742,22.3
DATA,MOTOR_BREAKIN_V3,000001,4035,509,512,0.098,0.000,3.148,0.000,3.148,35,FWD,RUN,0.049,0.154,0.049,0.195,0.273,0.084,3.232,35,0.705,562,2.747,22.3
DATA,MOTOR_BREAKIN_V3,000001,4134,510,513,0.072,0.000,3.260,0.000,3.260,35,FWD,RUN,0.036,0.117,0.049,0.139,0.273,0.084,3.232,35,0.705,560,2.737,22.3
DATA,MOTOR_BREAKIN_V3,000001,4235,509,513,0.098,0.000,3.232,0.028,3.204,35,FWD,RUN,0.049,0.157,0.026,0.139,0.273,0.084,3.232,35,0.705,560,2.737,22.3
DATA,MOTOR_BREAKIN_V3,000001,4335,509,512,0.098,0.000,3.176,0.000,3.176,35,FWD,RUN,0.049,0.156,0.035,0.195,0.273,0.084,3.232,35,0.705,562,2.747,22.3
DATA,MOTOR_BREAKIN_V3,000001,4435,509,511,0.098,0.071,3.204,0.056,3.148,35,FWD,RUN,0.084,0.266,0.049,0.195,0.273,0.084,3.232,35,0.705,562,2.747,22.3
DATA,MOTOR_BREAKIN_V3,000001,4535,509,512,0.098,0.000,3.204,0.000,3.204,35,FWD,RUN,0.049,0.157,0.049,0.279,0.273,0.084,3.232,35,0.705,562,2.747,22.3
DATA,MOTOR_BREAKIN_V3,000001,4635,509,512,0.098,0.000,3.204,0.028,3.176,35,FWD,RUN,0.049,0.156,0.049,0.279,0.273,0.084,3.232,35,0.705,562,2.747,22.3
DATA,MOTOR_BREAKIN_V3,000001,4735,509,511,0.098,0.071,3.232,0.000,3.232,35,FWD,RUN,0.084,0.273,0.049,0.167,0.273,0.084,3.232,35,0.705,562,2.747,22.3
DATA,MOTOR_BREAKIN_V3,000001,4835,508,512,0.125,0.000,3.120,0.028,3.092,35,FWD,RUN,0.062,0.193,0.035,0.167,0.275,0.084,3.260,35,0.705,561,2.742,22.3
DATA,MOTOR_BREAKIN_V3,000001,4935,509,512,0.098,0.000,3.148,0.028,3.120,35,FWD,RUN,0.049,0.153,0.035,0.167,0.275,0.084,3.260,35,0.705,562,2.747,22.3
DATA,MOTOR_BREAKIN_V3,000001,5035,510,512,0.072,0.000,3.148,0.000,3.148,35,FWD,RUN,0.036,0.113,0.049,0.195,0.275,0.084,3.260,35,0.705,562,2.747,22.3
DATA,MOTOR_BREAKIN_V3,000001,5135,509,511,0.098,0.071,3.204,0.028,3.176,35,FWD,RUN,0.084,0.268,0.049,0.279,0.275,0.084,3.260,35,0.705,562,2.747,22.3
DATA,MOTOR_BREAKIN_V3,000001,5235,509,511,0.098,0.071,3.176,0.028,3.148,35,FWD,RUN,0.084,0.266,0.049,0.279,0.275,0.084,3.260,35,0.705,561,2.742,22.3
DATA,MOTOR_BREAKIN_V3,000001,5335,509,511,0.098,0.071,3.148,0.028,3.120,35,FWD,RUN,0.084,0.263,0.049,0.223,0.275,0.084,3.260,35,0.705,561,2.742,22.3
DATA,MOTOR_BREAKIN_V3,000001,5435,508,513,0.125,0.000,3.092,0.028,3.065,35,FWD,RUN,0.062,0.191,0.049,0.111,0.275,0.084,3.260,35,0.705,562,2.747,22.3
DATA,MOTOR_BREAKIN_V3,000001,5535,509,512,0.098,0.000,3.092,0.028,3.065,35,FWD,RUN,0.049,0.150,0.049,0.111,0.299,0.098,3.065,35,0.705,561,2.742,22.3
DATA,MOTOR_BREAKIN_V3,000001,5635,509,511,0.098,0.071,3.092,0.028,3.065,35,FWD,RUN,0.084,0.259,0.049,0.056,0.299,0.098,3.065,35,0.705,561,2.742,22.3
DATA,MOTOR_BREAKIN_V3,000001,5735,509,512,0.098,0.000,3.204,0.028,3.176,35,FWD,RUN,0.049,0.156,0.049,0.111,0.299,0.098,3.065,35,0.705,562,2.747,22.3
DATA,MOTOR_BREAKIN_V3,000001,5835,509,512,0.098,0.000,3.148,0.000,3.148,35,FWD,RUN,0.049,0.154,0.062,0.111,0.305,0.098,3.120,35,0.705,562,2.747,22.3
DATA,MOTOR_BREAKIN_V3,000001,5935,509,512,0.098,0.000,3.092,0.028,3.065,35,FWD,RUN,0.049,0.150,0.049,0.111,0.305,0.098,3.120,35,0.705,561,2.742,22.3
DATA,MOTOR_BREAKIN_V3,000001,6035,509,511,0.098,0.071,3.092,0.028,3.065,35,FWD,RUN,0.084,0.259,0.035,0.111,0.305,0.098,3.120,35,0.705,562,2.747,22.3
DATA,MOTOR_BREAKIN_V3,000001,6135,510,512,0.072,0.000,3.260,0.000,3.260,35,FWD,RUN,0.036,0.117,0.049,0.195,0.305,0.098,3.120,35,0.705,562,2.747,22.3
DATA,MOTOR_BREAKIN_V3,000001,6235,509,511,0.098,0.071,3.148,0.028,3.120,35,FWD,RUN,0.084,0.263,0.049,0.223,0.305,0.098,3.120,35,0.705,562,2.747,22.3
DATA,MOTOR_BREAKIN_V3,000001,6335,509,511,0.098,0.071,3.176,0.000,3.176,35,FWD,RUN,0.084,0.268,0.035,0.167,0.305,0.098,3.120,35,0.705,562,2.747,22.3
DATA,MOTOR_BREAKIN_V3,000001,6435,509,512,0.098,0.000,3.148,0.000,3.148,35,FWD,RUN,0.049,0.154,0.049,0.167,0.305,0.098,3.120,35,0.705,562,2.747,22.3
DATA,MOTOR_BREAKIN_V3,000001,6535,509,512,0.098,0.000,3.232,0.000,3.232,35,FWD,RUN,0.049,0.159,0.049,0.167,0.305,0.098,3.120,35,0.705,560,2.737,22.3
DATA,MOTOR_BREAKIN_V3,000001,6635,509,512,0.098,0.000,3.120,0.028,3.092,35,FWD,RUN,0.049,0.152,0.049,0.139,0.305,0.098,3.120,35,0.705,561,2.742,22.3
DATA,MOTOR_BREAKIN_V3,000001,6735,510,512,0.072,0.000,3.232,0.000,3.232,35,FWD,RUN,0.036,0.116,0.049,0.139,0.305,0.098,3.120,35,0.705,562,2.747,22.3
DATA,MOTOR_BREAKIN_V3,000001,6835,508,512,0.125,0.000,3.204,0.028,3.176,35,FWD,RUN,0.062,0.198,0.049,0.223,0.305,0.098,3.120,35,0.705,561,2.742,22.3
DATA,MOTOR_BREAKIN_V3,000001,6935,510,512,0.072,0.000,3.287,0.000,3.287,35,FWD,RUN,0.036,0.118,0.026,0.223,0.305,0.098,3.120,35,0.705,562,2.747,22.3
DATA,MOTOR_BREAKIN_V3,000001,7035,509,512,0.098,0.000,3.120,0.000,3.120,35,FWD,RUN,0.049,0.153,0.026,0.167,0.305,0.098,3.120,35,0.705,561,2.742,22.3
DATA,MOTOR_BREAKIN_V3,000001,7135,509,512,0.098,0.000,3.148,0.028,3.120,35,FWD,RUN,0.049,0.153,0.035,0.139,0.305,0.098,3.120,35,0.705,562,2.747,22.3
DATA,MOTOR_BREAKIN_V3,000001,7235,508,512,0.125,0.000,3.176,0.028,3.148,35,FWD,RUN,0.062,0.196,0.049,0.111,0.305,0.098,3.120,35,0.705,561,2.742,22.3
DATA,MOTOR_BREAKIN_V3,000001,7334,509,512,0.098,0.000,3.260,0.028,3.232,35,FWD,RUN,0.049,0.159,0.049,0.139,0.305,0.098,3.120,35,0.705,562,2.747,22.3
DATA,MOTOR_BREAKIN_V3,000001,7435,508,511,0.125,0.071,3.204,0.028,3.176,35,FWD,RUN,0.098,0.310,0.062,0.084,0.310,0.098,3.176,35,0.705,561,2.742,22.3
DATA,MOTOR_BREAKIN_V3,000001,7535,509,512,0.098,0.000,3.204,0.000,3.204,35,FWD,RUN,0.049,0.157,0.062,0.111,0.310,0.098,3.176,35,0.705,561,2.742,22.3
DATA,MOTOR_BREAKIN_V3,000001,7635,509,511,0.098,0.071,3.260,0.028,3.232,35,FWD,RUN,0.084,0.273,0.035,0.111,0.310,0.098,3.176,35,0.705,561,2.742,22.3
DATA,MOTOR_BREAKIN_V3,000001,7735,510,513,0.072,0.000,3.232,0.000,3.232,35,FWD,RUN,0.036,0.116,0.049,0.111,0.310,0.098,3.176,35,0.705,562,2.747,22.3
DATA,MOTOR_BREAKIN_V3,000001,7835,509,511,0.098,0.071,3.315,0.028,3.287,35,FWD,RUN,0.084,0.278,0.049,0.111,0.310,0.098,3.176,35,0.705,561,2.742,22.3
DATA,MOTOR_BREAKIN_V3,000001,7935,509,511,0.098,0.071,3.315,0.000,3.315,35,FWD,RUN,0.084,0.280,0.049,0.167,0.310,0.098,3.176,35,0.705,562,2.747,22.3
DATA,MOTOR_BREAKIN_V3,000001,8035,509,511,0.098,0.071,3.204,0.028,3.176,35,FWD,RUN,0.084,0.268,0.049,0.167,0.310,0.098,3.176,35,0.705,561,2.742,22.3
DATA,MOTOR_BREAKIN_V3,000001,8135,509,512,0.098,0.000,3.260,0.028,3.232,35,FWD,RUN,0.049,0.159,0.049,0.139,0.310,0.098,3.176,35,0.705,561,2.742,22.3
DATA,MOTOR_BREAKIN_V3,000001,8235,509,511,0.098,0.071,3.315,0.000,3.315,35,FWD,RUN,0.084,0.280,0.035,0.167,0.310,0.098,3.176,35,0.705,561,2.742,22.3
DATA,MOTOR_BREAKIN_V3,000001,8335,510,512,0.072,0.000,3.232,0.000,3.232,35,FWD,RUN,0.036,0.116,0.062,0.111,0.321,0.098,3.287,35,0.705,562,2.747,22.3
DATA,MOTOR_BREAKIN_V3,000001,8435,509,511,0.098,0.071,3.260,0.000,3.260,35,FWD,RUN,0.084,0.275,0.062,0.111,0.321,0.098,3.287,35,0.705,562,2.747,22.3
DATA,MOTOR_BREAKIN_V3,000001,8535,508,511,0.125,0.071,3.315,0.000,3.315,35,FWD,RUN,0.098,0.324,0.049,0.139,0.324,0.098,3.315,35,0.705,561,2.742,22.3
DATA,MOTOR_BREAKIN_V3,000001,8635,509,512,0.098,0.000,3.287,0.000,3.287,35,FWD,RUN,0.049,0.161,0.062,0.139,0.324,0.098,3.315,35,0.705,562,2.747,22.3
DATA,MOTOR_BREAKIN_V3,000001,8735,509,510,0.098,0.097,3.287,0.000,3.287,35,FWD,RUN,0.098,0.321,0.062,0.251,0.324,0.098,3.315,35,0.705,562,2.747,22.3
DATA,MOTOR_BREAKIN_V3,000001,8835,509,511,0.098,0.071,3.287,0.000,3.287,35,FWD,RUN,0.084,0.278,0.062,0.251,0.324,0.098,3.315,35,0.705,561,2.742,22.3
DATA,MOTOR_BREAKIN_V3,000001,8935,509,512,0.098,0.000,3.343,0.000,3.343,35,FWD,RUN,0.049,0.164,0.035,0.167,0.324,0.098,3.315,35,0.705,562,2.747,22.3
DATA,MOTOR_BREAKIN_V3,000001,9035,508,511,0.125,0.071,3.204,0.000,3.204,35,FWD,RUN,0.098,0.313,0.049,0.167,0.324,0.098,3.315,35,0.705,562,2.747,22.3
DATA,MOTOR_BREAKIN_V3,000001,9135,509,511,0.098,0.071,3.315,0.000,3.315,35,FWD,RUN,0.084,0.280,0.049,0.167,0.324,0.098,3.315,35,0.705,562,2.747,22.3
DATA,MOTOR_BREAKIN_V3,000001,9235,509,511,0.098,0.071,3.204,0.028,3.176,35,FWD,RUN,0.084,0.268,0.049,0.167,0.324,0.098,3.315,35,0.705,561,2.742,22.3
DATA,MOTOR_BREAKIN_V3,000001,9335,510,512,0.072,0.000,3.232,0.028,3.204,35,FWD,RUN,0.036,0.115,0.062,0.139,0.324,0.098,3.315,35,0.705,561,2.742,22.3
DATA,MOTOR_BREAKIN_V3,000001,9435,510,511,0.072,0.071,3.287,0.000,3.287,35,FWD,RUN,0.071,0.234,0.062,0.084,0.324,0.098,3.315,35,0.705,561,2.742,22.3
DATA,MOTOR_BREAKIN_V3,000001,9535,509,511,0.098,0.071,3.260,0.028,3.232,35,FWD,RUN,0.084,0.273,0.035,0.195,0.324,0.098,3.315,35,0.705,562,2.747,22.3
DATA,MOTOR_BREAKIN_V3,000001,9635,509,512,0.098,0.000,3.232,0.028,3.204,35,FWD,RUN,0.049,0.157,0.035,0.195,0.324,0.098,3.315,35,0.705,561,2.742,22.3
DATA,MOTOR_BREAKIN_V3,000001,9735,509,512,0.098,0.000,3.287,0.028,3.260,35,FWD,RUN,0.049,0.160,0.049,0.111,0.324,0.098,3.315,35,0.705,562,2.747,22.3
DATA,MOTOR_BREAKIN_V3,000001,9835,509,511,0.098,0.071,3.232,0.000,3.232,35,FWD,RUN,0.084,0.273,0.049,0.111,0.324,0.098,3.315,35,0.705,562,2.747,22.3
DATA,MOTOR_BREAKIN_V3,000001,9935,509,512,0.098,0.000,3.260,0.028,3.232,35,FWD,RUN,0.049,0.159,0.049,0.111,0.324,0.098,3.315,35,0.705,561,2.742,22.3
DATA,MOTOR_BREAKIN_V3,000001,10035,509,512,0.098,0.000,3.260,0.028,3.232,35,FWD,RUN,0.049,0.159,0.035,0.084,0.324,0.098,3.315,35,0.705,560,2.737,22.3
DATA,MOTOR_BREAKIN_V3,000001,10135,509,511,0.098,0.071,3.204,0.028,3.176,35,FWD,RUN,0.084,0.268,0.035,0.111,0.324,0.098,3.315,35,0.705,562,2.747,22.3
DATA,MOTOR_BREAKIN_V3,000001,10235,508,512,0.125,0.000,3.204,0.028,3.176,35,FWD,RUN,0.062,0.198,0.049,0.167,0.324,0.098,3.315,35,0.705,561,2.742,22.3
DATA,MOTOR_BREAKIN_V3,000001,10335,509,512,0.098,0.000,3.204,0.028,3.176,35,FWD,RUN,0.049,0.156,0.049,0.167,0.324,0.098,3.315,35,0.705,561,2.742,22.3
DATA,MOTOR_BREAKIN_V3,000001,10435,510,511,0.072,0.071,3.232,0.028,3.204,35,FWD,RUN,0.071,0.228,0.049,0.111,0.324,0.098,3.315,35,0.705,561,2.742,22.3
DATA,MOTOR_BREAKIN_V3,000001,10534,509,512,0.098,0.000,3.176,0.028,3.148,35,FWD,RUN,0.049,0.154,0.049,0.139,0.324,0.098,3.315,35,0.705,561,2.742,22.3
DATA,MOTOR_BREAKIN_V3,000001,10635,509,512,0.098,0.000,3.232,0.028,3.204,35,FWD,RUN,0.049,0.157,0.049,0.139,0.324,0.098,3.315,35,0.705,562,2.747,22.3
DATA,MOTOR_BREAKIN_V3,000001,10735,510,512,0.072,0.000,3.232,0.028,3.204,35,FWD,RUN,0.036,0.115,0.049,0.139,0.324,0.098,3.315,35,0.705,561,2.742,22.3
DATA,MOTOR_BREAKIN_V3,000001,10835,510,512,0.072,0.000,3.176,0.028,3.148,35,FWD,RUN,0.036,0.113,0.049,0.139,0.324,0.098,3.315,35,0.705,561,2.742,22.3
DATA,MOTOR_BREAKIN_V3,000001,10935,510,512,0.072,0.000,3.232,0.028,3.204,35,FWD,RUN,0.036,0.115,0.049,0.139,0.324,0.098,3.315,35,0.705,562,2.747,22.3
DATA,MOTOR_BREAKIN_V3,000001,11035,509,512,0.098,0.000,3.148,0.028,3.120,35,FWD,RUN,0.049,0.153,0.049,0.139,0.324,0.098,3.315,35,0.705,561,2.742,22.3
DATA,MOTOR_BREAKIN_V3,000001,11135,510,512,0.072,0.000,3.260,0.028,3.232,35,FWD,RUN,0.036,0.116,0.049,0.167,0.324,0.098,3.315,35,0.705,561,2.742,22.3
DATA,MOTOR_BREAKIN_V3,000001,11235,509,512,0.098,0.000,3.176,0.028,3.148,35,FWD,RUN,0.049,0.154,0.049,0.139,0.324,0.098,3.315,35,0.705,561,2.742,22.3
DATA,MOTOR_BREAKIN_V3,000001,11335,509,511,0.098,0.071,3.260,0.028,3.232,35,FWD,RUN,0.084,0.273,0.035,0.139,0.324,0.098,3.315,35,0.705,561,2.742,22.3
DATA,MOTOR_BREAKIN_V3,000001,11435,509,511,0.098,0.071,3.232,0.028,3.204,35,FWD,RUN,0.084,0.271,0.049,0.111,0.324,0.098,3.315,35,0.705,561,2.742,22.3
DATA,MOTOR_BREAKIN_V3,000001,11535,510,512,0.072,0.000,3.260,0.000,3.260,35,FWD,RUN,0.036,0.117,0.049,0.111,0.324,0.098,3.315,35,0.705,562,2.747,22.3
DATA,MOTOR_BREAKIN_V3,000001,11635,510,512,0.072,0.000,3.232,0.028,3.204,35,FWD,RUN,0.036,0.115,0.049,0.056,0.324,0.098,3.315,35,0.705,562,2.747,22.3
DATA,MOTOR_BREAKIN_V3,000001,11735,509,512,0.098,0.000,3.204,0.028,3.176,35,FWD,RUN,0.049,0.156,0.035,0.111,0.324,0.098,3.315,35,0.705,561,2.742,22.3
DATA,MOTOR_BREAKIN_V3,000001,11835,510,510,0.072,0.097,3.287,0.028,3.260,35,FWD,RUN,0.084,0.275,0.035,0.195,0.324,0.098,3.315,35,0.705,561,2.742,22.3
DATA,MOTOR_BREAKIN_V3,000001,11935,508,512,0.125,0.000,3.287,0.028,3.260,35,FWD,RUN,0.062,0.203,0.035,0.195,0.324,0.098,3.315,35,0.705,562,2.747,22.3
DATA,MOTOR_BREAKIN_V3,000001,12035,509,511,0.098,0.071,3.176,0.028,3.148,35,FWD,RUN,0.084,0.266,0.035,0.139,0.324,0.098,3.315,35,0.705,561,2.742,22.3
DATA,MOTOR_BREAKIN_V3,000001,12135,509,512,0.098,0.000,3.315,0.028,3.287,35,FWD,RUN,0.049,0.161,0.049,0.139,0.324,0.098,3.315,35,0.705,562,2.747,22.3
DATA,MOTOR_BREAKIN_V3,000001,12235,509,511,0.098,0.071,3.232,0.028,3.204,35,FWD,RUN,0.084,0.271,0.049,0.111,0.324,0.098,3.315,35,0.705,562,2.747,22.3
DATA,MOTOR_BREAKIN_V3,000001,12335,509,511,0.098,0.071,3.260,0.000,3.260,35,FWD,RUN,0.084,0.275,0.049,0.167,0.324,0.098,3.315,35,0.705,561,2.742,22.3
DATA,MOTOR_BREAKIN_V3,000001,12435,510,511,0.072,0.071,3.260,0.000,3.260,35,FWD,RUN,0.071,0.232,0.049,0.167,0.324,0.098,3.315,35,0.705,562,2.747,22.3
DATA,MOTOR_BREAKIN_V3,000001,12535,509,512,0.098,0.000,3.204,0.028,3.176,35,FWD,RUN,0.049,0.156,0.035,0.111,0.324,0.098,3.315,35,0.705,561,2.742,22.3
DATA,MOTOR_BREAKIN_V3,000001,12635,510,511,0.072,0.071,3.287,0.000,3.287,35,FWD,RUN,0.071,0.234,0.049,0.195,0.324,0.098,3.315,35,0.705,562,2.747,22.3
DATA,MOTOR_BREAKIN_V3,000001,12735,509,512,0.098,0.000,3.287,0.028,3.260,35,FWD,RUN,0.049,0.160,0.049,0.139,0.324,0.098,3.315,35,0.705,561,2.742,22.3
DATA,MOTOR_BREAKIN_V3,000001,12835,510,512,0.072,0.000,3.315,0.028,3.287,35,FWD,RUN,0.036,0.118,0.049,0.111,0.324,0.098,3.315,35,0.705,561,2.742,22.3
DATA,MOTOR_BREAKIN_V3,000001,12935,510,512,0.072,0.000,3.204,0.028,3.176,35,FWD,RUN,0.036,0.114,0.049,0.139,0.324,0.098,3.315,35,0.705,561,2.742,22.3
DATA,MOTOR_BREAKIN_V3,000001,13035,509,512,0.098,0.000,3.204,0.028,3.176,35,FWD,RUN,0.049,0.156,0.026,0.167,0.324,0.098,3.315,35,0.705,561,2.742,22.3
DATA,MOTOR_BREAKIN_V3,000001,13135,509,512,0.098,0.000,3.232,0.028,3.204,35,FWD,RUN,0.049,0.157,0.035,0.139,0.324,0.098,3.315,35,0.705,561,2.742,22.3
DATA,MOTOR_BREAKIN_V3,000001,13235,509,512,0.098,0.000,3.287,0.028,3.260,35,FWD,RUN,0.049,0.160,0.035,0.167,0.324,0.098,3.315,35,0.705,562,2.747,22.3
DATA,MOTOR_BREAKIN_V3,000001,13335,510,512,0.072,0.000,3.260,0.000,3.260,35,FWD,RUN,0.036,0.117,0.049,0.251,0.324,0.098,3.315,35,0.705,561,2.742,22.3
DATA,MOTOR_BREAKIN_V3,000001,13435,509,512,0.098,0.000,3.232,0.056,3.176,35,FWD,RUN,0.049,0.156,0.062,0.251,0.324,0.098,3.315,35,0.705,561,2.742,22.3
DATA,MOTOR_BREAKIN_V3,000001,13535,509,512,0.098,0.000,3.455,0.000,3.455,35,FWD,RUN,0.049,0.170,0.062,0.279,0.324,0.098,3.315,35,0.705,562,2.747,22.3
DATA,MOTOR_BREAKIN_V3,000001,13635,510,512,0.072,0.000,3.204,0.028,3.176,35,FWD,RUN,0.036,0.114,0.049,0.279,0.324,0.098,3.315,35,0.705,561,2.742,22.3
DATA,MOTOR_BREAKIN_V3,000001,13734,509,512,0.098,0.000,3.343,0.028,3.315,35,FWD,RUN,0.049,0.163,0.049,0.167,0.324,0.098,3.315,35,0.705,561,2.742,22.3
DATA,MOTOR_BREAKIN_V3,000001,13835,509,511,0.098,0.071,3.343,0.028,3.315,35,FWD,RUN,0.084,0.280,0.049,0.167,0.324,0.098,3.315,35,0.705,561,2.742,22.3
DATA,MOTOR_BREAKIN_V3,000001,13935,510,512,0.072,0.000,3.343,0.000,3.343,35,FWD,RUN,0.036,0.120,0.049,0.111,0.324,0.098,3.315,35,0.705,562,2.747,22.3
DATA,MOTOR_BREAKIN_V3,000001,14035,510,513,0.072,0.000,3.260,0.000,3.260,35,FWD,RUN,0.036,0.117,0.049,0.111,0.324,0.098,3.315,35,0.705,561,2.742,22.3
DATA,MOTOR_BREAKIN_V3,000001,14135,510,512,0.072,0.000,3.371,0.028,3.343,35,FWD,RUN,0.036,0.120,0.049,0.195,0.324,0.098,3.315,35,0.705,561,2.742,22.3
DATA,MOTOR_BREAKIN_V3,000001,14235,509,512,0.098,0.000,3.427,0.028,3.399,35,FWD,RUN,0.049,0.167,0.049,0.195,0.324,0.098,3.315,35,0.705,562,2.747,22.3
DATA,MOTOR_BREAKIN_V3,000001,14335,509,512,0.098,0.000,3.343,0.028,3.315,35,FWD,RUN,0.049,0.163,0.049,0.195,0.324,0.098,3.315,35,0.705,561,2.742,22.3
DATA,MOTOR_BREAKIN_V3,000001,14435,509,512,0.098,0.000,3.260,0.028,3.232,35,FWD,RUN,0.049,0.159,0.049,0.167,0.324,0.098,3.315,35,0.705,562,2.747,22.3
DATA,MOTOR_BREAKIN_V3,000001,14535,510,512,0.072,0.000,3.371,0.028,3.343,35,FWD,RUN,0.036,0.120,0.049,0.139,0.324,0.098,3.315,35,0.705,561,2.742,22.3
DATA,MOTOR_BREAKIN_V3,000001,14635,509,511,0.098,0.071,3.315,0.000,3.315,35,FWD,RUN,0.084,0.280,0.049,0.139,0.324,0.098,3.315,35,0.705,562,2.747,22.3
DATA,MOTOR_BREAKIN_V3,000001,14735,509,512,0.098,0.000,3.287,0.028,3.260,35,FWD,RUN,0.049,0.160,0.049,0.084,0.324,0.098,3.315,35,0.705,561,2.742,22.3
DATA,MOTOR_BREAKIN_V3,000001,14835,510,512,0.072,0.000,3.343,0.000,3.343,35,FWD,RUN,0.036,0.120,0.035,0.139,0.324,0.098,3.315,35,0.705,561,2.742,22.3
DATA,MOTOR_BREAKIN_V3,000001,14935,509,512,0.098,0.000,3.287,0.028,3.260,35,FWD,RUN,0.049,0.160,0.035,0.139,0.324,0.098,3.315,35,0.705,562,2.747,22.3
DATA,MOTOR_BREAKIN_V3,000001,15035,509,511,0.098,0.071,3.315,0.028,3.287,35,FWD,RUN,0.084,0.278,0.049,0.084,0.324,0.098,3.315,35,0.705,561,2.742,22.3
DATA,MOTOR_BREAKIN_V3,000001,15135,510,512,0.072,0.000,3.482,0.028,3.455,35,FWD,RUN,0.036,0.124,0.049,0.195,0.324,0.098,3.315,35,0.705,562,2.747,22.3
DATA,MOTOR_BREAKIN_V3,000001,15235,510,511,0.072,0.071,3.260,0.000,3.260,35,FWD,RUN,0.071,0.232,0.049,0.195,0.324,0.098,3.315,35,0.705,562,2.747,22.3
DATA,MOTOR_BREAKIN_V3,000001,15335,509,513,0.098,0.000,3.371,0.000,3.371,35,FWD,RUN,0.049,0.165,0.062,0.139,0.324,0.098,3.315,35,0.705,562,2.747,22.3
DATA,MOTOR_BREAKIN_V3,000001,15435,510,512,0.072,0.000,3.371,0.028,3.343,35,FWD,RUN,0.036,0.120,0.062,0.139,0.324,0.098,3.315,35,0.705,562,2.747,22.3
DATA,MOTOR_BREAKIN_V3,000001,15535,508,511,0.125,0.071,3.260,0.028,3.232,35,FWD,RUN,0.098,0.316,0.062,0.111,0.324,0.098,3.315,35,0.705,561,2.742,22.3
DATA,MOTOR_BREAKIN_V3,000001,15635,509,511,0.098,0.071,3.315,0.000,3.315,35,FWD,RUN,0.084,0.280,0.062,0.167,0.324,0.098,3.315,35,0.705,562,2.747,22.3
DATA,MOTOR_BREAKIN_V3,000001,15735,509,511,0.098,0.071,3.399,0.028,3.371,35,FWD,RUN,0.084,0.285,0.049,0.167,0.324,0.098,3.315,35,0.705,562,2.747,22.3
DATA,MOTOR_BREAKIN_V3,000001,15835,510,512,0.072,0.000,3.399,0.000,3.399,35,FWD,RUN,0.036,0.122,0.049,0.167,0.324,0.098,3.315,35,0.705,562,2.747,22.3
DATA,MOTOR_BREAKIN_V3,000001,15935,510,511,0.072,0.071,3.371,0.028,3.343,35,FWD,RUN,0.071,0.238,0.049,0.167,0.324,0.098,3.315,35,0.705,562,2.747,22.3
DATA,MOTOR_BREAKIN_V3,000001,16035,510,512,0.072,0.000,3.399,0.000,3.399,35,FWD,RUN,0.036,0.122,0.049,0.167,0.324,0.098,3.315,35,0.705,562,2.747,22.3
DATA,MOTOR_BREAKIN_V3,000001,16135,509,512,0.098,0.000,3.427,0.000,3.427,35,FWD,RUN,0.049,0.168,0.013,0.167,0.324,0.098,3.315,35,0.705,562,2.747,22.3
DATA,MOTOR_BREAKIN_V3,000001,16235,510,512,0.072,0.000,3.343,0.000,3.343,35,FWD,RUN,0.036,0.120,0.049,0.195,0.324,0.098,3.315,35,0.705,562,2.747,22.3
DATA,MOTOR_BREAKIN_V3,000001,16335,510,511,0.072,0.071,3.260,0.000,3.260,35,FWD,RUN,0.071,0.232,0.049,0.111,0.324,0.098,3.315,35,0.705,561,2.742,22.3
DATA,MOTOR_BREAKIN_V3,000001,16435,510,512,0.072,0.000,3.371,0.028,3.343,35,FWD,RUN,0.036,0.120,0.049,0.111,0.324,0.098,3.315,35,0.705,562,2.747,22.3
DATA,MOTOR_BREAKIN_V3,000001,16535,509,512,0.098,0.000,3.260,0.056,3.204,35,FWD,RUN,0.049,0.157,0.049,0.251,0.324,0.098,3.315,35,0.705,561,2.742,22.3
DATA,MOTOR_BREAKIN_V3,000001,16635,510,512,0.072,0.000,3.232,0.056,3.176,35,FWD,RUN,0.036,0.114,0.084,0.279,0.324,0.098,3.315,35,0.705,562,2.747,22.3
DATA,MOTOR_BREAKIN_V3,000001,16735,509,512,0.098,0.000,3.232,0.028,3.204,35,FWD,RUN,0.049,0.157,0.084,0.251,0.324,0.098,3.315,35,0.705,561,2.742,22.3
DATA,MOTOR_BREAKIN_V3,000001,16835,509,511,0.098,0.071,3.232,0.028,3.204,35,FWD,RUN,0.084,0.271,0.062,0.111,0.324,0.098,3.315,35,0.705,562,2.747,22.3
DATA,MOTOR_BREAKIN_V3,000001,16934,510,512,0.072,0.000,3.260,0.000,3.260,35,FWD,RUN,0.036,0.117,0.062,0.111,0.324,0.098,3.315,35,0.705,561,2.742,22.3
DATA,MOTOR_BREAKIN_V3,000001,17035,510,511,0.072,0.071,3.287,0.028,3.260,35,FWD,RUN,0.071,0.232,0.035,0.111,0.324,0.098,3.315,35,0.705,562,2.747,22.3
DATA,MOTOR_BREAKIN_V3,000001,17135,510,511,0.072,0.071,3.260,0.000,3.260,35,FWD,RUN,0.071,0.232,0.035,0.251,0.324,0.098,3.315,35,0.705,562,2.747,22.3
DATA,MOTOR_BREAKIN_V3,000001,17235,509,512,0.098,0.000,3.232,0.000,3.232,35,FWD,RUN,0.049,0.159,0.035,0.251,0.324,0.098,3.315,35,0.705,561,2.742,22.3
DATA,MOTOR_BREAKIN_V3,000001,17335,509,512,0.098,0.000,3.315,0.028,3.287,35,FWD,RUN,0.049,0.161,0.026,0.279,0.324,0.098,3.315,35,0.705,561,2.742,22.3
DATA,MOTOR_BREAKIN_V3,000001,17435,509,511,0.098,0.071,3.232,0.000,3.232,35,FWD,RUN,0.084,0.273,0.049,0.279,0.324,0.098,3.315,35,0.705,561,2.742,22.3
DATA,MOTOR_BREAKIN_V3,000001,17535,510,512,0.072,0.000,3.232,0.028,3.204,35,FWD,RUN,0.036,0.115,0.049,0.139,0.324,0.098,3.315,35,0.705,561,2.742,22.3
DATA,MOTOR_BREAKIN_V3,000001,17635,510,512,0.072,0.000,3.232,0.000,3.232,35,FWD,RUN,0.036,0.116,0.049,0.139,0.324,0.098,3.315,35,0.705,561,2.742,22.3
DATA,MOTOR_BREAKIN_V3,000001,17735,510,511,0.072,0.071,3.204,0.028,3.176,35,FWD,RUN,0.071,0.226,0.049,0.139,0.324,0.098,3.315,35,0.705,562,2.747,22.3
DATA,MOTOR_BREAKIN_V3,000001,17835,509,511,0.098,0.071,3.204,0.028,3.176,35,FWD,RUN,0.084,0.268,0.035,0.139,0.324,0.098,3.315,35,0.705,561,2.742,22.3
DATA,MOTOR_BREAKIN_V3,000001,17935,510,512,0.072,0.000,3.315,0.000,3.315,35,FWD,RUN,0.036,0.119,0.049,0.251,0.324,0.098,3.315,35,0.705,561,2.742,22.3
DATA,MOTOR_BREAKIN_V3,000001,18035,511,512,0.000,0.000,3.343,0.000,3.343,35,FWD,RUN,0.000,0.000,0.071,0.139,0.324,0.098,3.315,35,0.705,561,2.742,22.3
DATA,MOTOR_BREAKIN_V3,000001,18135,509,511,0.098,0.071,3.287,0.028,3.260,35,FWD,RUN,0.084,0.275,0.084,0.111,0.324,0.098,3.315,35,0.705,561,2.742,22.3
DATA,MOTOR_BREAKIN_V3,000001,18235,509,511,0.098,0.071,3.148,0.028,3.120,35,FWD,RUN,0.084,0.263,0.049,0.195,0.324,0.098,3.315,35,0.705,561,2.742,22.3
DATA,MOTOR_BREAKIN_V3,000001,18335,509,512,0.098,0.000,3.343,0.028,3.315,35,FWD,RUN,0.049,0.163,0.049,0.195,0.324,0.098,3.315,35,0.705,562,2.747,22.3
DATA,MOTOR_BREAKIN_V3,000001,18435,509,512,0.098,0.000,3.260,0.028,3.232,35,FWD,RUN,0.049,0.159,0.049,0.195,0.324,0.098,3.315,35,0.705,561,2.742,22.3
DATA,MOTOR_BREAKIN_V3,000001,18535,510,512,0.072,0.000,3.287,0.000,3.287,35,FWD,RUN,0.036,0.118,0.035,0.139,0.324,0.098,3.315,35,0.705,561,2.742,22.3
DATA,MOTOR_BREAKIN_V3,000001,18635,510,511,0.072,0.071,3.232,0.000,3.232,35,FWD,RUN,0.071,0.230,0.035,0.139,0.324,0.098,3.315,35,0.705,561,2.742,22.3
DATA,MOTOR_BREAKIN_V3,000001,18735,509,512,0.098,0.000,3.287,0.028,3.260,35,FWD,RUN,0.049,0.160,0.049,0.167,0.324,0.098,3.315,35,0.705,562,2.747,22.3
DATA,MOTOR_BREAKIN_V3,000001,18835,509,512,0.098,0.000,3.260,0.084,3.176,35,FWD,RUN,0.049,0.156,0.049,0.167,0.324,0.098,3.315,35,0.705,562,2.747,22.3
DATA,MOTOR_BREAKIN_V3,000001,18935,509,513,0.098,0.000,3.260,0.000,3.260,35,FWD,RUN,0.049,0.160,0.049,0.223,0.324,0.098,3.315,35,0.705,562,2.747,22.3
DATA,MOTOR_BREAKIN_V3,000001,19035,509,512,0.098,0.000,3.232,0.028,3.204,35,FWD,RUN,0.049,0.157,0.049,0.223,0.324,0.098,3.315,35,0.705,561,2.742,22.3
DATA,MOTOR_BREAKIN_V3,000001,19135,509,512,0.098,0.000,3.204,0.000,3.204,35,FWD,RUN,0.049,0.157,0.049,0.111,0.324,0.098,3.315,35,0.705,562,2.747,22.3
DATA,MOTOR_BREAKIN_V3,000001,19235,509,512,0.098,0.000,3.371,0.000,3.371,35,FWD,RUN,0.049,0.165,0.049,0.223,0.324,0.098,3.315,35,0.705,562,2.747,22.3
DATA,MOTOR_BREAKIN_V3,000001,19335,509,513,0.098,0.000,3.260,0.000,3.260,35,FWD,RUN,0.049,0.160,0.035,0.223,0.324,0.098,3.315,35,0.705,562,2.747,22.3
DATA,MOTOR_BREAKIN_V3,000001,19435,510,512,0.072,0.000,3.315,0.028,3.287,35,FWD,RUN,0.036,0.118,0.084,0.251,0.324,0.098,3.315,35,0.705,562,2.747,22.3
DATA,MOTOR_BREAKIN_V3,000001,19535,509,510,0.098,0.097,3.287,0.056,3.232,35,FWD,RUN,0.098,0.316,0.098,0.251,0.324,0.098,3.315,35,0.705,562,2.747,22.3
DATA,MOTOR_BREAKIN_V3,000001,19635,510,511,0.072,0.071,3.204,0.028,3.176,35,FWD,RUN,0.071,0.226,0.062,0.139,0.324,0.098,3.315,35,0.705,561,2.742,22.3
DATA,MOTOR_BREAKIN_V3,000001,19735,510,512,0.072,0.000,3.232,0.028,3.204,35,FWD,RUN,0.036,0.115,0.049,0.139,0.324,0.098,3.315,35,0.705,561,2.742,22.3
DATA,MOTOR_BREAKIN_V3,000001,19835,510,512,0.072,0.000,3.287,0.028,3.260,35,FWD,RUN,0.036,0.117,0.049,0.111,0.324,0.098,3.315,35,0.705,561,2.742,22.3
DATA,MOTOR_BREAKIN_V3,000001,19935,510,512,0.072,0.000,3.371,0.000,3.371,35,FWD,RUN,0.036,0.121,0.049,0.223,0.324,0.098,3.315,35,0.705,562,2.747,22.3
DATA,MOTOR_BREAKIN_V3,000001,20035,510,512,0.072,0.000,3.315,0.028,3.287,35,FWD,RUN,0.036,0.118,0.035,0.223,0.324,0.098,3.315,35,0.705,562,2.747,22.3
DATA,MOTOR_BREAKIN_V3,000001,20134,509,511,0.098,0.071,3.232,0.000,3.232,35,FWD,RUN,0.084,0.273,0.049,0.167,0.324,0.098,3.315,35,0.705,562,2.747,22.3
DATA,MOTOR_BREAKIN_V3,000001,20235,509,512,0.098,0.000,3.287,0.028,3.260,35,FWD,RUN,0.049,0.160,0.049,0.139,0.324,0.098,3.315,35,0.705,561,2.742,22.3
DATA,MOTOR_BREAKIN_V3,000001,20335,509,512,0.098,0.000,3.287,0.028,3.260,35,FWD,RUN,0.049,0.160,0.049,0.139,0.324,0.098,3.315,35,0.705,561,2.742,22.3
DATA,MOTOR_BREAKIN_V3,000001,20435,509,512,0.098,0.000,3.260,0.028,3.232,35,FWD,RUN,0.049,0.159,0.049,0.139,0.324,0.098,3.315,35,0.705,561,2.742,22.3
DATA,MOTOR_BREAKIN_V3,000001,20535,510,512,0.072,0.000,3.287,0.028,3.260,35,FWD,RUN,0.036,0.117,0.049,0.195,0.324,0.098,3.315,35,0.705,561,2.742,22.3
DATA,MOTOR_BREAKIN_V3,000001,20635,509,512,0.098,0.000,3.232,0.028,3.204,35,FWD,RUN,0.049,0.157,0.049,0.195,0.324,0.098,3.315,35,0.705,561,2.742,22.3
DATA,MOTOR_BREAKIN_V3,000001,20735,509,512,0.098,0.000,3.315,0.028,3.287,35,FWD,RUN,0.049,0.161,0.049,0.139,0.324,0.098,3.315,35,0.705,562,2.747,22.3
DATA,MOTOR_BREAKIN_V3,000001,20835,510,512,0.072,0.000,3.399,0.000,3.399,35,FWD,RUN,0.036,0.122,0.049,0.251,0.324,0.098,3.315,35,0.705,562,2.747,22.3
DATA,MOTOR_BREAKIN_V3,000001,20935,510,512,0.072,0.000,3.287,0.028,3.260,35,FWD,RUN,0.036,0.117,0.013,0.251,0.324,0.098,3.315,35,0.705,561,2.742,22.3
DATA,MOTOR_BREAKIN_V3,000001,21035,509,512,0.098,0.000,3.287,0.028,3.260,35,FWD,RUN,0.049,0.160,0.035,0.111,0.324,0.098,3.315,35,0.705,562,2.747,22.3
DATA,MOTOR_BREAKIN_V3,000001,21135,510,512,0.072,0.000,3.287,0.000,3.287,35,FWD,RUN,0.036,0.118,0.035,0.111,0.324,0.098,3.315,35,0.705,562,2.747,22.3
DATA,MOTOR_BREAKIN_V3,000001,21235,509,511,0.098,0.071,3.371,0.084,3.287,35,FWD,RUN,0.084,0.278,0.075,0.139,0.358,0.111,3.232,35,0.705,562,2.747,22.3
DATA,MOTOR_BREAKIN_V3,000001,21335,509,513,0.098,0.000,3.260,0.028,3.232,35,FWD,RUN,0.049,0.159,0.111,0.139,0.358,0.111,3.232,35,0.705,561,2.742,22.3
DATA,MOTOR_BREAKIN_V3,000001,21435,509,512,0.098,0.000,3.315,0.000,3.315,35,FWD,RUN,0.049,0.163,0.049,0.251,0.358,0.111,3.232,35,0.705,562,2.747,22.3
DATA,MOTOR_BREAKIN_V3,000001,21535,509,511,0.098,0.071,3.287,0.000,3.287,35,FWD,RUN,0.084,0.278,0.049,0.251,0.358,0.111,3.232,35,0.705,561,2.742,22.3
DATA,MOTOR_BREAKIN_V3,000001,21635,509,511,0.098,0.071,3.232,0.028,3.204,35,FWD,RUN,0.084,0.271,0.049,0.111,0.358,0.111,3.232,35,0.705,561,2.742,22.3
DATA,MOTOR_BREAKIN_V3,000001,21735,510,511,0.072,0.071,3.343,0.028,3.315,35,FWD,RUN,0.071,0.236,0.035,0.223,0.358,0.111,3.232,35,0.705,562,2.747,22.3
DATA,MOTOR_BREAKIN_V3,000001,21835,509,512,0.098,0.000,3.232,0.028,3.204,35,FWD,RUN,0.049,0.157,0.049,0.223,0.358,0.111,3.232,35,0.705,562,2.747,22.3
DATA,MOTOR_BREAKIN_V3,000001,21935,510,511,0.072,0.071,3.287,0.000,3.287,35,FWD,RUN,0.071,0.234,0.062,0.139,0.358,0.111,3.232,35,0.705,561,2.742,22.3
DATA,MOTOR_BREAKIN_V3,000001,22035,509,512,0.098,0.000,3.204,0.000,3.204,35,FWD,RUN,0.049,0.157,0.062,0.111,0.358,0.111,3.232,35,0.705,561,2.742,22.3
DATA,MOTOR_BREAKIN_V3,000001,22135,509,512,0.098,0.000,3.204,0.028,3.176,35,FWD,RUN,0.049,0.156,0.049,0.139,0.358,0.111,3.232,35,0.705,561,2.742,22.3
DATA,MOTOR_BREAKIN_V3,000001,22235,510,510,0.072,0.097,3.315,0.028,3.287,35,FWD,RUN,0.084,0.278,0.062,0.139,0.358,0.111,3.232,35,0.705,561,2.742,22.3
DATA,MOTOR_BREAKIN_V3,000001,22335,509,511,0.098,0.071,3.371,0.056,3.315,35,FWD,RUN,0.084,0.280,0.062,0.167,0.358,0.111,3.232,35,0.705,562,2.747,22.3
DATA,MOTOR_BREAKIN_V3,000001,22435,509,512,0.098,0.000,3.287,0.028,3.260,35,FWD,RUN,0.049,0.160,0.049,0.167,0.358,0.111,3.232,35,0.705,561,2.742,22.3
DATA,MOTOR_BREAKIN_V3,000001,22535,509,511,0.098,0.071,3.343,0.028,3.315,35,FWD,RUN,0.084,0.280,0.049,0.139,0.358,0.111,3.232,35,0.705,562,2.747,22.3
DATA,MOTOR_BREAKIN_V3,000001,22635,509,511,0.098,0.071,3.260,0.028,3.232,35,FWD,RUN,0.084,0.273,0.049,0.139,0.358,0.111,3.232,35,0.705,561,2.742,22.3
DATA,MOTOR_BREAKIN_V3,000001,22735,510,512,0.072,0.000,3.287,0.028,3.260,35,FWD,RUN,0.036,0.117,0.049,0.111,0.358,0.111,3.232,35,0.705,561,2.742,22.3
DATA,MOTOR_BREAKIN_V3,000001,22835,509,511,0.098,0.071,3.232,0.028,3.204,35,FWD,RUN,0.084,0.271,0.062,0.111,0.358,0.111,3.232,35,0.705,561,2.742,22.3
DATA,MOTOR_BREAKIN_V3,000001,22935,509,511,0.098,0.071,3.204,0.028,3.176,35,FWD,RUN,0.084,0.268,0.062,0.139,0.358,0.111,3.232,35,0.705,561,2.742,22.3
DATA,MOTOR_BREAKIN_V3,000001,23035,509,511,0.098,0.071,3.232,0.028,3.204,35,FWD,RUN,0.084,0.271,0.049,0.111,0.358,0.111,3.232,35,0.705,561,2.742,22.3
DATA,MOTOR_BREAKIN_V3,000001,23135,510,511,0.072,0.071,3.343,0.056,3.287,35,FWD,RUN,0.071,0.234,0.049,0.195,0.358,0.111,3.232,35,0.705,562,2.747,22.3
DATA,MOTOR_BREAKIN_V3,000001,23235,509,512,0.098,0.000,3.260,0.028,3.232,35,FWD,RUN,0.049,0.159,0.035,0.195,0.358,0.111,3.232,35,0.705,561,2.742,22.3
DATA,MOTOR_BREAKIN_V3,000001,23334,509,512,0.098,0.000,3.287,0.000,3.287,35,FWD,RUN,0.049,0.161,0.049,0.111,0.358,0.111,3.232,35,0.705,561,2.742,22.3
DATA,MOTOR_BREAKIN_V3,000001,23435,510,512,0.072,0.000,3.287,0.000,3.287,35,FWD,RUN,0.036,0.118,0.049,0.111,0.358,0.111,3.232,35,0.705,562,2.747,22.3
DATA,MOTOR_BREAKIN_V3,000001,23535,509,511,0.098,0.071,3.232,0.028,3.204,35,FWD,RUN,0.084,0.271,0.049,0.111,0.358,0.111,3.232,35,0.705,561,2.742,22.3
DATA,MOTOR_BREAKIN_V3,000001,23635,510,511,0.072,0.071,3.343,0.028,3.315,35,FWD,RUN,0.071,0.236,0.049,0.111,0.358,0.111,3.232,35,0.705,561,2.742,22.3
DATA,MOTOR_BREAKIN_V3,000001,23735,509,512,0.098,0.000,3.287,0.000,3.287,35,FWD,RUN,0.049,0.161,0.049,0.139,0.358,0.111,3.232,35,0.705,561,2.742,22.3
DATA,MOTOR_BREAKIN_V3,000001,23835,510,511,0.072,0.071,3.232,0.028,3.204,35,FWD,RUN,0.071,0.228,0.062,0.139,0.358,0.111,3.232,35,0.705,561,2.742,22.3
DATA,MOTOR_BREAKIN_V3,000001,23935,510,512,0.072,0.000,3.371,0.000,3.371,35,FWD,RUN,0.036,0.121,0.062,0.167,0.358,0.111,3.232,35,0.705,562,2.747,22.3
DATA,MOTOR_BREAKIN_V3,000001,24035,510,512,0.072,0.000,3.343,0.028,3.315,35,FWD,RUN,0.036,0.119,0.049,0.167,0.358,0.111,3.232,35,0.705,562,2.747,22.3
DATA,MOTOR_BREAKIN_V3,000001,24135,509,512,0.098,0.000,3.287,0.000,3.287,35,FWD,RUN,0.049,0.161,0.084,0.195,0.358,0.111,3.232,35,0.705,560,2.737,22.3
DATA,MOTOR_BREAKIN_V3,000001,24235,509,511,0.098,0.071,3.287,0.028,3.260,35,FWD,RUN,0.084,0.275,0.084,0.195,0.358,0.111,3.232,35,0.705,561,2.742,22.3
DATA,MOTOR_BREAKIN_V3,000001,24335,510,512,0.072,0.000,3.287,0.028,3.260,35,FWD,RUN,0.036,0.117,0.049,0.111,0.358,0.111,3.232,35,0.705,562,2.747,22.3
DATA,MOTOR_BREAKIN_V3,000001,24435,510,512,0.072,0.000,3.371,0.028,3.343,35,FWD,RUN,0.036,0.120,0.084,0.111,0.358,0.111,3.232,35,0.705,561,2.742,22.3
DATA,MOTOR_BREAKIN_V3,000001,24535,509,512,0.098,0.000,3.260,0.028,3.232,35,FWD,RUN,0.049,0.159,0.084,0.139,0.358,0.111,3.232,35,0.705,561,2.742,22.3
DATA,MOTOR_BREAKIN_V3,000001,24635,510,510,0.072,0.097,3.343,0.028,3.315,35,FWD,RUN,0.084,0.280,0.035,0.139,0.358,0.111,3.232,35,0.705,561,2.742,22.3
DATA,MOTOR_BREAKIN_V3,000001,24735,509,512,0.098,0.000,3.343,0.056,3.287,35,FWD,RUN,0.049,0.161,0.049,0.139,0.358,0.111,3.232,35,0.705,561,2.742,22.3
DATA,MOTOR_BREAKIN_V3,000001,24835,509,512,0.098,0.000,3.232,0.028,3.204,35,FWD,RUN,0.049,0.157,0.049,0.139,0.358,0.111,3.232,35,0.705,561,2.742,22.3
DATA,MOTOR_BREAKIN_V3,000001,24935,510,512,0.072,0.000,3.232,0.028,3.204,35,FWD,RUN,0.036,0.115,0.049,0.223,0.358,0.111,3.232,35,0.705,561,2.742,22.3
DATA,MOTOR_BREAKIN_V3,000001,25035,508,512,0.125,0.000,3.260,0.028,3.232,35,FWD,RUN,0.062,0.201,0.049,0.223,0.358,0.111,3.232,35,0.705,561,2.742,22.3
DATA,MOTOR_BREAKIN_V3,000001,25135,509,512,0.098,0.000,3.315,0.000,3.315,35,FWD,RUN,0.049,0.163,0.049,0.167,0.358,0.111,3.232,35,0.705,562,2.747,22.3
DATA,MOTOR_BREAKIN_V3,000001,25235,509,512,0.098,0.000,3.371,0.028,3.343,35,FWD,RUN,0.049,0.164,0.049,0.139,0.358,0.111,3.232,35,0.705,561,2.742,22.3
DATA,MOTOR_BREAKIN_V3,000001,25335,510,513,0.072,0.000,3.399,0.000,3.399,35,FWD,RUN,0.036,0.122,0.049,0.167,0.358,0.111,3.232,35,0.705,562,2.747,22.3
DATA,MOTOR_BREAKIN_V3,000001,25435,510,512,0.072,0.000,3.260,0.028,3.232,35,FWD,RUN,0.036,0.116,0.049,0.167,0.358,0.111,3.232,35,0.705,561,2.742,22.3
DATA,MOTOR_BREAKIN_V3,000001,25535,509,512,0.098,0.000,3.287,0.000,3.287,35,FWD,RUN,0.049,0.161,0.049,0.084,0.358,0.111,3.232,35,0.705,562,2.747,22.3
DATA,MOTOR_BREAKIN_V3,000001,25635,509,512,0.098,0.000,3.232,0.028,3.204,35,FWD,RUN,0.049,0.157,0.062,0.111,0.358,0.111,3.232,35,0.705,561,2.742,22.3
DATA,MOTOR_BREAKIN_V3,000001,25735,509,512,0.098,0.000,3.343,0.028,3.315,35,FWD,RUN,0.049,0.163,0.049,0.195,0.358,0.111,3.232,35,0.705,561,2.742,22.3
DATA,MOTOR_BREAKIN_V3,000001,25835,510,512,0.072,0.000,3.260,0.028,3.232,35,FWD,RUN,0.036,0.116,0.062,0.195,0.358,0.111,3.232,35,0.705,561,2.742,22.3
DATA,MOTOR_BREAKIN_V3,000001,25935,509,512,0.098,0.000,3.232,0.028,3.204,35,FWD,RUN,0.049,0.157,0.049,0.139,0.358,0.111,3.232,35,0.705,561,2.742,22.3
DATA,MOTOR_BREAKIN_V3,000001,26035,509,512,0.098,0.000,3.315,0.000,3.315,35,FWD,RUN,0.049,0.163,0.049,0.139,0.358,0.111,3.232,35,0.705,561,2.742,22.3
DATA,MOTOR_BREAKIN_V3,000001,26135,509,511,0.098,0.071,3.260,0.028,3.232,35,FWD,RUN,0.084,0.273,0.049,0.111,0.358,0.111,3.232,35,0.705,562,2.747,22.3
DATA,MOTOR_BREAKIN_V3,000001,26235,510,511,0.072,0.071,3.343,0.000,3.343,35,FWD,RUN,0.071,0.238,0.049,0.111,0.358,0.111,3.232,35,0.705,561,2.742,22.3
DATA,MOTOR_BREAKIN_V3,000001,26335,509,512,0.098,0.000,3.232,0.028,3.204,35,FWD,RUN,0.049,0.157,0.035,0.251,0.358,0.111,3.232,35,0.705,561,2.742,22.3
DATA,MOTOR_BREAKIN_V3,000001,26435,509,512,0.098,0.000,3.371,0.028,3.343,35,FWD,RUN,0.049,0.164,0.049,0.251,0.358,0.111,3.232,35,0.705,561,2.742,22.3
DATA,MOTOR_BREAKIN_V3,000001,26534,510,511,0.072,0.071,3.260,0.000,3.260,35,FWD,RUN,0.071,0.232,0.049,0.195,0.358,0.111,3.232,35,0.705,561,2.742,22.3
DATA,MOTOR_BREAKIN_V3,000001,26635,509,512,0.098,0.000,3.343,0.028,3.315,35,FWD,RUN,0.049,0.163,0.049,0.111,0.358,0.111,3.232,35,0.705,561,2.742,22.3
DATA,MOTOR_BREAKIN_V3,000001,26735,509,510,0.098,0.097,3.287,0.028,3.260,35,FWD,RUN,0.098,0.318,0.062,0.084,0.358,0.111,3.232,35,0.705,561,2.742,22.3
DATA,MOTOR_BREAKIN_V3,000001,26835,509,511,0.098,0.071,3.287,0.000,3.287,35,FWD,RUN,0.084,0.278,0.062,0.084,0.358,0.111,3.232,35,0.705,561,2.742,22.3
DATA,MOTOR_BREAKIN_V3,000001,26935,509,512,0.098,0.000,3.427,0.000,3.427,35,FWD,RUN,0.049,0.168,0.049,0.251,0.358,0.111,3.232,35,0.705,562,2.747,22.3
DATA,MOTOR_BREAKIN_V3,000001,27035,510,512,0.072,0.000,3.204,0.000,3.204,35,FWD,RUN,0.036,0.115,0.049,0.251,0.358,0.111,3.232,35,0.705,561,2.742,22.3
DATA,MOTOR_BREAKIN_V3,000001,27135,510,511,0.072,0.071,3.343,0.056,3.287,35,FWD,RUN,0.071,0.234,0.049,0.111,0.358,0.111,3.232,35,0.705,561,2.742,22.3
DATA,MOTOR_BREAKIN_V3,000001,27235,508,511,0.125,0.071,3.343,0.028,3.315,35,FWD,RUN,0.098,0.324,0.062,0.111,0.358,0.111,3.232,35,0.705,562,2.747,22.3
DATA,MOTOR_BREAKIN_V3,000001,27335,508,512,0.125,0.000,3.232,0.028,3.204,35,FWD,RUN,0.062,0.200,0.062,0.111,0.358,0.111,3.232,35,0.705,561,2.742,22.3
DATA,MOTOR_BREAKIN_V3,000001,27435,509,512,0.098,0.000,3.232,0.028,3.204,35,FWD,RUN,0.049,0.157,0.035,0.111,0.358,0.111,3.232,35,0.705,561,2.742,22.3
DATA,MOTOR_BREAKIN_V3,000001,27535,509,511,0.098,0.071,3.232,0.028,3.204,35,FWD,RUN,0.084,0.271,0.049,0.111,0.358,0.111,3.232,35,0.705,561,2.742,22.3
DATA,MOTOR_BREAKIN_V3,000001,27635,509,511,0.098,0.071,3.232,0.028,3.204,35,FWD,RUN,0.084,0.271,0.049,0.111,0.358,0.111,3.232,35,0.705,561,2.742,22.3
DATA,MOTOR_BREAKIN_V3,000001,27735,509,512,0.098,0.000,3.232,0.028,3.204,35,FWD,RUN,0.049,0.157,0.049,0.111,0.358,0.111,3.232,35,0.705,561,2.742,22.3
DATA,MOTOR_BREAKIN_V3,000001,27835,510,513,0.072,0.000,3.260,0.000,3.260,35,FWD,RUN,0.036,0.117,0.049,0.139,0.358,0.111,3.232,35,0.705,561,2.742,22.3
DATA,MOTOR_BREAKIN_V3,000001,27935,510,511,0.072,0.071,3.176,0.028,3.148,35,FWD,RUN,0.071,0.224,0.049,0.195,0.358,0.111,3.232,35,0.705,561,2.742,22.3
DATA,MOTOR_BREAKIN_V3,000001,28035,509,512,0.098,0.000,3.287,0.000,3.287,35,FWD,RUN,0.049,0.161,0.049,0.139,0.358,0.111,3.232,35,0.705,562,2.747,22.2
DATA,MOTOR_BREAKIN_V3,000001,28135,509,510,0.098,0.097,3.287,0.028,3.260,35,FWD,RUN,0.098,0.318,0.062,0.139,0.358,0.111,3.232,35,0.705,561,2.742,22.3
DATA,MOTOR_BREAKIN_V3,000001,28235,510,510,0.072,0.097,3.204,0.028,3.176,35,FWD,RUN,0.084,0.268,0.062,0.167,0.358,0.111,3.232,35,0.705,561,2.742,22.3
DATA,MOTOR_BREAKIN_V3,000001,28335,508,512,0.125,0.000,3.287,0.000,3.287,35,FWD,RUN,0.062,0.205,0.075,0.167,0.358,0.111,3.232,35,0.705,561,2.742,22.2
DATA,MOTOR_BREAKIN_V3,000001,28435,509,512,0.098,0.000,3.315,0.000,3.315,35,FWD,RUN,0.049,0.163,0.062,0.139,0.358,0.111,3.232,35,0.705,562,2.747,22.3
DATA,MOTOR_BREAKIN_V3,000001,28535,510,512,0.072,0.000,3.232,0.028,3.204,35,FWD,RUN,0.036,0.115,0.049,0.167,0.358,0.111,3.232,35,0.705,560,2.737,22.2
DATA,MOTOR_BREAKIN_V3,000001,28635,509,512,0.098,0.000,3.260,0.028,3.232,35,FWD,RUN,0.049,0.159,0.049,0.139,0.358,0.111,3.232,35,0.705,561,2.742,22.2
DATA,MOTOR_BREAKIN_V3,000001,28735,509,512,0.098,0.000,3.260,0.028,3.232,35,FWD,RUN,0.049,0.159,0.049,0.139,0.358,0.111,3.232,35,0.705,561,2.742,22.2
DATA,MOTOR_BREAKIN_V3,000001,28835,509,511,0.098,0.071,3.260,0.028,3.232,35,FWD,RUN,0.084,0.273,0.049,0.139,0.358,0.111,3.232,35,0.705,561,2.742,22.2
DATA,MOTOR_BREAKIN_V3,000001,28935,509,512,0.098,0.000,3.148,0.028,3.120,35,FWD,RUN,0.049,0.153,0.049,0.139,0.358,0.111,3.232,35,0.705,561,2.742,22.2
DATA,MOTOR_BREAKIN_V3,000001,29035,510,511,0.072,0.071,3.260,0.056,3.204,35,FWD,RUN,0.071,0.228,0.062,0.167,0.358,0.111,3.232,35,0.705,561,2.742,22.2
DATA,MOTOR_BREAKIN_V3,000001,29135,509,511,0.098,0.071,3.176,0.028,3.148,35,FWD,RUN,0.084,0.266,0.062,0.139,0.358,0.111,3.232,35,0.705,561,2.742,22.2
DATA,MOTOR_BREAKIN_V3,000001,29235,510,511,0.072,0.071,3.232,0.028,3.204,35,FWD,RUN,0.071,0.228,0.049,0.056,0.358,0.111,3.232,35,0.705,562,2.747,22.2
DATA,MOTOR_BREAKIN_V3,000001,29335,510,512,0.072,0.000,3.176,0.028,3.148,35,FWD,RUN,0.036,0.113,0.049,0.084,0.358,0.111,3.232,35,0.705,562,2.747,22.2
DATA,MOTOR_BREAKIN_V3,000001,29435,509,511,0.098,0.071,3.232,0.028,3.204,35,FWD,RUN,0.084,0.271,0.049,0.111,0.358,0.111,3.232,35,0.705,561,2.742,22.2
DATA,MOTOR_BREAKIN_V3,000001,29535,510,511,0.072,0.071,3.204,0.028,3.176,35,FWD,RUN,0.071,0.226,0.049,0.084,0.358,0.111,3.232,35,0.705,561,2.742,22.2
DATA,MOTOR_BREAKIN_V3,000001,29635,509,511,0.098,0.071,3.232,0.028,3.204,35,FWD,RUN,0.084,0.271,0.049,0.111,0.358,0.111,3.232,35,0.705,561,2.742,22.2
DATA,MOTOR_BREAKIN_V3,000001,29734,509,512,0.098,0.000,3.260,0.028,3.232,35,FWD,RUN,0.049,0.159,0.049,0.139,0.358,0.111,3.232,35,0.705,561,2.742,22.2
DATA,MOTOR_BREAKIN_V3,000001,29835,509,511,0.098,0.071,3.204,0.028,3.176,35,FWD,RUN,0.084,0.268,0.049,0.139,0.358,0.111,3.232,35,0.705,561,2.742,22.2
DATA,MOTOR_BREAKIN_V3,000001,29935,508,511,0.125,0.071,3.315,0.028,3.287,35,FWD,RUN,0.098,0.321,0.049,0.139,0.358,0.111,3.232,35,0.705,562,2.747,22.2
DATA,MOTOR_BREAKIN_V3,000001,30035,509,512,0.098,0.000,3.287,0.028,3.260,35,FWD,RUN,0.049,0.160,0.062,0.139,0.358,0.111,3.232,35,0.705,561,2.742,22.2
DATA,MOTOR_BREAKIN_V3,000001,30135,508,511,0.125,0.071,3.287,0.028,3.260,35,FWD,RUN,0.098,0.318,0.062,0.139,0.358,0.111,3.232,35,0.705,561,2.742,22.2
DATA,MOTOR_BREAKIN_V3,000001,30235,509,511,0.098,0.071,3.260,0.056,3.204,35,FWD,RUN,0.084,0.271,0.049,0.139,0.358,0.111,3.232,35,0.705,562,2.747,22.2
DATA,MOTOR_BREAKIN_V3,000001,30335,509,512,0.098,0.000,3.204,0.000,3.204,35,FWD,RUN,0.049,0.157,0.035,0.111,0.358,0.111,3.232,35,0.705,560,2.737,22.2
DATA,MOTOR_BREAKIN_V3,000001,30435,509,510,0.098,0.097,3.232,0.028,3.204,35,FWD,RUN,0.098,0.313,0.049,0.111,0.358,0.111,3.232,35,0.705,561,2.742,22.2
DATA,MOTOR_BREAKIN_V3,000001,30535,510,512,0.072,0.000,3.176,0.028,3.148,35,FWD,RUN,0.036,0.113,0.062,0.167,0.358,0.111,3.232,35,0.705,561,2.742,22.2
DATA,MOTOR_BREAKIN_V3,000001,30635,509,511,0.098,0.071,3.260,0.028,3.232,35,FWD,RUN,0.084,0.273,0.049,0.167,0.358,0.111,3.232,35,0.705,561,2.742,22.2
DATA,MOTOR_BREAKIN_V3,000001,30735,509,512,0.098,0.000,3.260,0.000,3.260,35,FWD,RUN,0.049,0.160,0.035,0.111,0.358,0.111,3.232,35,0.705,560,2.737,22.2
DATA,MOTOR_BREAKIN_V3,000001,30835,509,512,0.098,0.000,3.148,0.028,3.120,35,FWD,RUN,0.049,0.153,0.049,0.223,0.358,0.111,3.232,35,0.705,561,2.742,22.2
DATA,MOTOR_BREAKIN_V3,000001,30935,510,511,0.072,0.071,3.287,0.028,3.260,35,FWD,RUN,0.071,0.232,0.049,0.223,0.358,0.111,3.232,35,0.705,562,2.747,22.2
DATA,MOTOR_BREAKIN_V3,000001,31035,509,511,0.098,0.071,3.287,0.000,3.287,35,FWD,RUN,0.084,0.278,0.049,0.167,0.358,0.111,3.232,35,0.705,562,2.747,22.2
DATA,MOTOR_BREAKIN_V3,000001,31135,509,512,0.098,0.000,3.260,0.000,3.260,35,FWD,RUN,0.049,0.160,0.049,0.167,0.358,0.111,3.232,35,0.705,562,2.747,22.2
DATA,MOTOR_BREAKIN_V3,000001,31235,508,511,0.125,0.071,3.232,0.028,3.204,35,FWD,RUN,0.098,0.313,0.062,0.111,0.358,0.111,3.232,35,0.705,561,2.742,22.2
DATA,MOTOR_BREAKIN_V3,000001,31335,510,511,0.072,0.071,3.204,0.000,3.204,35,FWD,RUN,0.071,0.228,0.062,0.139,0.358,0.111,3.232,35,0.705,561,2.742,22.2
DATA,MOTOR_BREAKIN_V3,000001,31435,509,512,0.098,0.000,3.232,0.000,3.232,35,FWD,RUN,0.049,0.159,0.049,0.223,0.358,0.111,3.232,35,0.705,561,2.742,22.2
DATA,MOTOR_BREAKIN_V3,000001,31535,509,512,0.098,0.000,3.260,0.028,3.232,35,FWD,RUN,0.049,0.159,0.062,0.195,0.358,0.111,3.232,35,0.705,561,2.742,22.2
DATA,MOTOR_BREAKIN_V3,000001,31635,509,512,0.098,0.000,3.204,0.028,3.176,35,FWD,RUN,0.049,0.156,0.062,0.139,0.358,0.111,3.232,35,0.705,561,2.742,22.2
DATA,MOTOR_BREAKIN_V3,000001,31735,509,512,0.098,0.000,3.232,0.000,3.232,35,FWD,RUN,0.049,0.159,0.049,0.139,0.358,0.111,3.232,35,0.705,561,2.742,22.2
DATA,MOTOR_BREAKIN_V3,000001,31835,508,511,0.125,0.071,3.260,0.000,3.260,35,FWD,RUN,0.098,0.318,0.098,0.195,0.358,0.111,3.232,35,0.705,562,2.747,22.2
DATA,MOTOR_BREAKIN_V3,000001,31935,509,512,0.098,0.000,3.204,0.028,3.176,35,FWD,RUN,0.049,0.156,0.098,0.223,0.358,0.111,3.232,35,0.705,561,2.742,22.2
OK
DATA,MOTOR_BREAKIN_V3,000001,32035,509,511,0.098,0.071,3.287,0.000,3.287,37,FWD,RUN,0.084,0.278,0.049,0.111,0.358,0.111,3.232,35,0.705,562,2.747,22.2
DATA,MOTOR_BREAKIN_V3,000001,32135,508,511,0.125,0.071,3.343,0.000,3.343,37,FWD,RUN,0.098,0.326,0.049,0.139,0.358,0.111,3.232,35,0.705,562,2.747,22.2
DATA,MOTOR_BREAKIN_V3,000001,32235,508,512,0.125,0.000,3.315,0.056,3.260,37,FWD,RUN,0.062,0.203,0.062,0.084,0.361,0.111,3.260,37,0.705,562,2.747,22.2
DATA,MOTOR_BREAKIN_V3,000001,32335,509,511,0.098,0.071,3.399,0.028,3.371,37,FWD,RUN,0.084,0.285,0.062,0.139,0.361,0.111,3.260,37,0.705,562,2.747,22.2
DATA,MOTOR_BREAKIN_V3,000001,32435,509,510,0.098,0.097,3.315,0.028,3.287,37,FWD,RUN,0.098,0.321,0.049,0.167,0.361,0.111,3.260,37,0.705,561,2.742,22.2
DATA,MOTOR_BREAKIN_V3,000001,32535,508,510,0.125,0.097,3.343,0.056,3.287,37,FWD,RUN,0.111,0.364,0.075,0.223,0.364,0.111,3.287,37,0.705,561,2.742,22.2
DATA,MOTOR_BREAKIN_V3,000001,32635,509,511,0.098,0.071,3.399,0.000,3.399,37,FWD,RUN,0.084,0.287,0.075,0.223,0.364,0.111,3.287,37,0.705,561,2.742,22.2
DATA,MOTOR_BREAKIN_V3,000001,32735,509,511,0.098,0.071,3.343,0.028,3.315,37,FWD,RUN,0.084,0.280,0.049,0.223,0.364,0.111,3.287,37,0.705,561,2.742,22.2
DATA,MOTOR_BREAKIN_V3,000001,32835,508,511,0.125,0.071,3.427,0.028,3.399,37,FWD,RUN,0.098,0.332,0.062,0.362,0.364,0.111,3.287,37,0.705,561,2.742,22.2
DATA,MOTOR_BREAKIN_V3,000001,32934,509,512,0.098,0.000,3.371,0.028,3.343,37,FWD,RUN,0.049,0.164,0.062,0.585,0.364,0.111,3.287,37,0.705,561,2.742,22.2
DATA,MOTOR_BREAKIN_V3,000001,33035,508,511,0.125,0.071,3.287,0.167,3.120,37,FWD,RUN,0.098,0.305,0.098,0.780,0.364,0.111,3.287,37,0.705,561,2.742,22.2
DATA,MOTOR_BREAKIN_V3,000001,33135,510,512,0.072,0.000,3.482,0.000,3.482,37,FWD,RUN,0.036,0.125,0.098,0.696,0.364,0.111,3.287,37,0.705,560,2.737,22.2
DATA,MOTOR_BREAKIN_V3,000001,33235,509,511,0.098,0.071,3.287,0.139,3.148,37,FWD,RUN,0.084,0.266,0.084,0.641,0.364,0.111,3.287,37,0.705,561,2.742,22.2
DATA,MOTOR_BREAKIN_V3,000001,33335,509,511,0.098,0.071,3.566,0.000,3.566,37,FWD,RUN,0.084,0.301,0.084,0.669,0.364,0.111,3.287,37,0.705,561,2.742,22.2
DATA,MOTOR_BREAKIN_V3,000001,33435,508,511,0.125,0.071,3.566,0.000,3.566,37,FWD,RUN,0.098,0.348,0.049,0.752,0.364,0.111,3.287,37,0.705,562,2.747,22.2
DATA,MOTOR_BREAKIN_V3,000001,33535,509,510,0.098,0.097,3.399,0.279,3.120,37,FWD,RUN,0.098,0.305,0.049,0.501,0.364,0.111,3.287,37,0.705,562,2.747,22.2
DATA,MOTOR_BREAKIN_V3,000001,33635,509,513,0.098,0.000,3.733,0.000,3.733,37,FWD,RUN,0.049,0.183,0.049,0.613,0.364,0.111,3.287,37,0.705,561,2.742,22.2
DATA,MOTOR_BREAKIN_V3,000001,33735,510,513,0.072,0.000,3.789,0.000,3.789,37,FWD,RUN,0.036,0.136,0.049,0.446,0.364,0.111,3.287,37,0.705,561,2.742,22.2
DATA,MOTOR_BREAKIN_V3,000001,33835,509,511,0.098,0.071,3.482,0.028,3.455,37,FWD,RUN,0.084,0.292,0.062,0.446,0.364,0.111,3.287,37,0.705,560,2.737,22.2
DATA,MOTOR_BREAKIN_V3,000001,33935,509,511,0.098,0.071,3.482,0.056,3.427,37,FWD,RUN,0.084,0.289,0.049,0.195,0.364,0.111,3.287,37,0.705,560,2.737,22.2
DATA,MOTOR_BREAKIN_V3,000001,34035,509,511,0.098,0.071,3.510,0.056,3.455,37,FWD,RUN,0.084,0.292,0.049,0.390,0.364,0.111,3.287,37,0.705,561,2.742,22.2
DATA,MOTOR_BREAKIN_V3,000001,34135,508,510,0.125,0.097,3.371,0.084,3.287,37,FWD,RUN,0.111,0.364,0.075,0.474,0.364,0.111,3.287,37,0.705,562,2.747,22.2
DATA,MOTOR_BREAKIN_V3,000001,34235,509,511,0.098,0.071,3.399,0.028,3.371,37,FWD,RUN,0.084,0.285,0.111,0.474,0.364,0.111,3.287,37,0.705,561,2.742,22.2
DATA,MOTOR_BREAKIN_V3,000001,34335,509,512,0.098,0.000,3.343,0.056,3.287,37,FWD,RUN,0.049,0.161,0.098,0.446,0.364,0.111,3.287,37,0.705,561,2.742,22.2
DATA,MOTOR_BREAKIN_V3,000001,34435,508,511,0.125,0.071,3.427,0.000,3.427,37,FWD,RUN,0.098,0.335,0.062,0.501,0.364,0.111,3.287,37,0.705,562,2.747,22.1
DATA,MOTOR_BREAKIN_V3,000001,34535,509,511,0.098,0.071,3.427,0.000,3.427,37,FWD,RUN,0.084,0.289,0.098,0.446,0.364,0.111,3.287,37,0.705,562,2.747,22.1
DATA,MOTOR_BREAKIN_V3,000001,34635,509,512,0.098,0.000,3.482,0.028,3.455,37,FWD,RUN,0.049,0.170,0.098,0.613,0.370,0.098,3.789,37,0.705,562,2.747,22.2
DATA,MOTOR_BREAKIN_V3,000001,34735,509,512,0.098,0.000,3.399,0.056,3.343,37,FWD,RUN,0.049,0.164,0.049,0.613,0.370,0.098,3.789,37,0.705,561,2.742,22.2
DATA,MOTOR_BREAKIN_V3,000001,34835,508,512,0.125,0.000,3.371,0.028,3.343,37,FWD,RUN,0.062,0.208,0.098,0.390,0.370,0.098,3.789,37,0.705,561,2.742,22.2
DATA,MOTOR_BREAKIN_V3,000001,34935,509,512,0.098,0.000,3.399,0.028,3.371,37,FWD,RUN,0.049,0.165,0.098,0.808,0.370,0.098,3.789,37,0.705,561,2.742,22.1
DATA,MOTOR_BREAKIN_V3,000001,35035,509,512,0.098,0.000,3.399,0.000,3.399,37,FWD,RUN,0.049,0.167,0.098,0.752,0.370,0.098,3.789,37,0.705,561,2.742,22.2
DATA,MOTOR_BREAKIN_V3,000001,35135,509,511,0.098,0.071,3.455,0.000,3.455,37,FWD,RUN,0.084,0.292,0.098,0.334,0.370,0.098,3.789,37,0.705,560,2.737,22.1
DATA,MOTOR_BREAKIN_V3,000001,35235,509,512,0.098,0.000,3.399,0.028,3.371,37,FWD,RUN,0.049,0.165,0.062,0.279,0.374,0.111,3.371,37,0.705,561,2.742,22.1
DATA,MOTOR_BREAKIN_V3,000001,35335,509,512,0.098,0.000,3.538,0.000,3.538,37,FWD,RUN,0.049,0.174,0.075,0.390,0.374,0.111,3.371,37,0.705,562,2.747,22.2
DATA,MOTOR_BREAKIN_V3,000001,35435,509,511,0.098,0.071,3.482,0.000,3.482,37,FWD,RUN,0.084,0.294,0.062,0.362,0.374,0.111,3.371,37,0.705,561,2.742,22.2
DATA,MOTOR_BREAKIN_V3,000001,35535,509,511,0.098,0.071,3.566,0.000,3.566,37,FWD,RUN,0.084,0.301,0.098,0.362,0.374,0.111,3.371,37,0.705,562,2.747,22.1
DATA,MOTOR_BREAKIN_V3,000001,35635,512,512,0.000,0.000,3.677,0.000,3.677,37,FWD,RUN,0.000,0.000,0.098,0.334,0.374,0.111,3.371,37,0.705,562,2.747,22.1
DATA,MOTOR_BREAKIN_V3,000001,35735,511,512,0.000,0.000,3.733,0.000,3.733,37,FWD,RUN,0.000,0.000,0.098,0.390,0.374,0.111,3.371,37,0.705,561,2.742,22.1
DATA,MOTOR_BREAKIN_V3,000001,35835,510,512,0.072,0.000,3.705,0.000,3.705,37,FWD,RUN,0.036,0.133,0.098,0.390,0.374,0.111,3.371,37,0.705,561,2.742,22.1
DATA,MOTOR_BREAKIN_V3,000001,35935,508,510,0.125,0.097,3.482,0.056,3.427,37,FWD,RUN,0.111,0.380,0.075,0.418,0.380,0.111,3.427,37,0.705,561,2.742,22.1
DATA,MOTOR_BREAKIN_V3,000001,36035,509,511,0.098,0.071,3.510,0.056,3.455,37,FWD,RUN,0.084,0.292,0.111,0.418,0.380,0.111,3.427,37,0.705,561,2.742,22.1
DATA,MOTOR_BREAKIN_V3,000001,36134,509,511,0.098,0.071,3.510,0.056,3.455,37,FWD,RUN,0.084,0.292,0.111,0.390,0.380,0.111,3.427,37,0.705,560,2.737,22.1
DATA,MOTOR_BREAKIN_V3,000001,36235,510,512,0.072,0.000,3.455,0.000,3.455,37,FWD,RUN,0.036,0.124,0.075,0.390,0.380,0.111,3.427,37,0.705,561,2.742,22.1
DATA,MOTOR_BREAKIN_V3,000001,36335,509,511,0.098,0.071,3.399,0.000,3.399,37,FWD,RUN,0.084,0.287,0.062,0.390,0.380,0.111,3.427,37,0.705,561,2.742,22.1
DATA,MOTOR_BREAKIN_V3,000001,36435,508,511,0.125,0.071,3.399,0.000,3.399,37,FWD,RUN,0.098,0.332,0.062,0.362,0.380,0.111,3.427,37,0.705,561,2.742,22.1
DATA,MOTOR_BREAKIN_V3,000001,36535,509,511,0.098,0.071,3.399,0.028,3.371,37,FWD,RUN,0.084,0.285,0.062,0.362,0.380,0.111,3.427,37,0.705,562,2.747,22.1
DATA,MOTOR_BREAKIN_V3,000001,36635,509,511,0.098,0.071,3.482,0.000,3.482,37,FWD,RUN,0.084,0.294,0.062,0.362,0.380,0.111,3.427,37,0.705,562,2.747,22.1
DATA,MOTOR_BREAKIN_V3,000001,36735,509,511,0.098,0.071,3.427,0.000,3.427,37,FWD,RUN,0.084,0.289,0.049,0.362,0.380,0.111,3.427,37,0.705,561,2.742,22.1
DATA,MOTOR_BREAKIN_V3,000001,36835,508,512,0.125,0.000,3.399,0.056,3.343,37,FWD,RUN,0.062,0.208,0.062,0.223,0.380,0.111,3.427,37,0.705,560,2.737,22.1
DATA,MOTOR_BREAKIN_V3,000001,36935,509,511,0.098,0.071,3.371,0.028,3.343,37,FWD,RUN,0.084,0.282,0.062,0.418,0.380,0.111,3.427,37,0.705,561,2.742,22.1
DATA,MOTOR_BREAKIN_V3,000001,37035,508,511,0.125,0.071,3.399,0.028,3.371,37,FWD,RUN,0.098,0.329,0.098,0.446,0.380,0.111,3.427,37,0.705,561,2.742,22.1
DATA,MOTOR_BREAKIN_V3,000001,37135,509,511,0.098,0.071,3.455,0.000,3.455,37,FWD,RUN,0.084,0.292,0.098,0.418,0.380,0.111,3.427,37,0.705,561,2.742,22.1
DATA,MOTOR_BREAKIN_V3,000001,37235,509,511,0.098,0.071,3.315,0.139,3.176,37,FWD,RUN,0.084,0.268,0.062,0.557,0.380,0.111,3.427,37,0.705,561,2.742,22.1
DATA,MOTOR_BREAKIN_V3,000001,37335,509,512,0.098,0.000,3.482,0.000,3.482,37,FWD,RUN,0.049,0.171,0.075,0.557,0.380,0.111,3.427,37,0.705,561,2.742,22.1
DATA,MOTOR_BREAKIN_V3,000001,37435,508,511,0.125,0.071,3.594,0.000,3.594,37,FWD,RUN,0.098,0.351,0.075,0.446,0.380,0.111,3.427,37,0.705,562,2.747,22.1
DATA,MOTOR_BREAKIN_V3,000001,37535,509,511,0.098,0.071,3.399,0.251,3.148,37,FWD,RUN,0.084,0.266,0.098,0.585,0.380,0.111,3.427,37,0.705,562,2.747,22.1
DATA,MOTOR_BREAKIN_V3,000001,37635,512,513,0.000,0.000,3.650,0.000,3.650,37,FWD,RUN,0.000,0.000,0.084,0.557,0.380,0.111,3.427,37,0.705,562,2.747,22.1
DATA,MOTOR_BREAKIN_V3,000001,37735,510,512,0.072,0.000,3.705,0.000,3.705,37,FWD,RUN,0.036,0.133,0.098,0.390,0.380,0.111,3.427,37,0.705,561,2.742,22.1
DATA,MOTOR_BREAKIN_V3,000001,37835,509,511,0.098,0.071,3.594,0.000,3.594,37,FWD,RUN,0.084,0.303,0.062,0.362,0.380,0.111,3.427,37,0.705,561,2.742,22.1
DATA,MOTOR_BREAKIN_V3,000001,37935,509,511,0.098,0.071,3.482,0.028,3.455,37,FWD,RUN,0.084,0.292,0.049,0.251,0.380,0.111,3.427,37,0.705,561,2.742,22.1
DATA,MOTOR_BREAKIN_V3,000001,38035,509,512,0.098,0.000,3.510,0.028,3.482,37,FWD,RUN,0.049,0.171,0.062,0.223,0.380,0.111,3.427,37,0.705,560,2.737,22.1
DATA,MOTOR_BREAKIN_V3,000001,38135,509,512,0.098,0.000,3.482,0.028,3.455,37,FWD,RUN,0.049,0.170,0.062,0.362,0.380,0.111,3.427,37,0.705,561,2.742,22.1
DATA,MOTOR_BREAKIN_V3,000001,38235,508,510,0.125,0.097,3.343,0.028,3.315,37,FWD,RUN,0.111,0.368,0.075,0.390,0.380,0.111,3.427,37,0.705,561,2.742,22.1
DATA,MOTOR_BREAKIN_V3,000001,38262,510,512,0.072,0.000,3.622,0.000,3.622,37,FWD,RUN,0.036,0.130,0.075,0.390,0.380,0.111,3.427,37,0.705,562,2.747,22.1
DATA,MOTOR_BREAKIN_V3,000001,24363,507,510,0.151,0.097,3.427,0.028,3.399,37,FWD,RUN,0.124,0.422,0.088,0.390,0.422,0.124,3.399,37,0.705,561,2.742,22.1
DATA,MOTOR_BREAKIN_V3,000001,38377,510,512,0.072,0.000,3.427,0.000,3.427,37,FWD,RUN,0.036,0.123,0.088,0.334,0.422,0.124,3.399,37,0.705,561,2.742,22.1
DATA,MOTOR_BREAKIN_V3,000001,38477,509,512,0.098,0.000,3.427,0.000,3.427,37,FWD,RUN,0.049,0.168,0.088,0.390,0.422,0.124,3.399,37,0.705,560,2.737,22.1
DATA,MOTOR_BREAKIN_V3,000001,38577,509,511,0.098,0.071,3.427,0.000,3.427,37,FWD,RUN,0.084,0.289,0.049,0.474,0.422,0.124,3.399,37,0.705,560,2.737,22.1
DATA,MOTOR_BREAKIN_V3,000001,38677,508,511,0.125,0.071,3.427,0.084,3.343,37,FWD,RUN,0.098,0.326,0.062,0.446,0.422,0.124,3.399,37,0.705,561,2.742,22.1
DATA,MOTOR_BREAKIN_V3,000001,38777,508,512,0.125,0.000,3.343,0.028,3.315,37,FWD,RUN,0.062,0.206,0.062,0.390,0.422,0.124,3.399,37,0.705,561,2.742,22.1
DATA,MOTOR_BREAKIN_V3,000001,38877,508,512,0.125,0.000,3.427,0.000,3.427,37,FWD,RUN,0.062,0.213,0.062,0.446,0.422,0.124,3.399,37,0.705,561,2.742,22.1
DATA,MOTOR_BREAKIN_V3,000001,38977,509,511,0.098,0.071,3.399,0.028,3.371,37,FWD,RUN,0.084,0.285,0.049,0.446,0.422,0.124,3.399,37,0.705,561,2.742,22.1
DATA,MOTOR_BREAKIN_V3,000001,39077,509,510,0.098,0.097,3.343,0.000,3.343,37,FWD,RUN,0.098,0.326,0.049,0.334,0.422,0.124,3.399,37,0.705,561,2.742,22.1
DATA,MOTOR_BREAKIN_V3,000001,39177,508,511,0.125,0.071,3.399,0.000,3.399,37,FWD,RUN,0.098,0.332,0.062,0.334,0.422,0.124,3.399,37,0.705,561,2.742,22.1
DATA,MOTOR_BREAKIN_V3,000001,39277,509,511,0.098,0.071,3.399,0.000,3.399,37,FWD,RUN,0.084,0.287,0.062,0.279,0.422,0.124,3.399,37,0.705,561,2.742,22.1
DATA,MOTOR_BREAKIN_V3,000001,39377,509,511,0.098,0.071,3.343,0.028,3.315,37,FWD,RUN,0.084,0.280,0.062,0.362,0.422,0.124,3.399,37,0.705,561,2.742,22.1
DATA,MOTOR_BREAKIN_V3,000001,39478,510,511,0.072,0.071,3.427,0.000,3.427,37,FWD,RUN,0.071,0.244,0.084,0.390,0.422,0.124,3.399,37,0.705,561,2.742,22.1
DATA,MOTOR_BREAKIN_V3,000001,39578,508,512,0.125,0.000,3.427,0.000,3.427,37,FWD,RUN,0.062,0.213,0.098,0.362,0.422,0.124,3.399,37,0.705,561,2.742,22.1
DATA,MOTOR_BREAKIN_V3,000001,39678,508,512,0.125,0.000,3.455,0.000,3.455,37,FWD,RUN,0.062,0.215,0.049,0.334,0.422,0.124,3.399,37,0.705,560,2.737,22.1
DATA,MOTOR_BREAKIN_V3,000001,39778,509,511,0.098,0.071,3.566,0.000,3.566,37,FWD,RUN,0.084,0.301,0.098,0.390,0.422,0.124,3.399,37,0.705,561,2.742,22.1
DATA,MOTOR_BREAKIN_V3,000001,39878,509,511,0.098,0.071,3.594,0.000,3.594,37,FWD,RUN,0.084,0.303,0.098,0.390,0.422,0.124,3.399,37,0.705,561,2.742,22.1
DATA,MOTOR_BREAKIN_V3,000001,39978,511,512,0.000,0.000,3.677,0.000,3.677,37,FWD,RUN,0.000,0.000,0.098,0.362,0.422,0.124,3.399,37,0.705,561,2.742,22.1
DATA,MOTOR_BREAKIN_V3,000001,40078,510,511,0.072,0.071,3.705,0.000,3.705,37,FWD,RUN,0.071,0.264,0.084,0.390,0.422,0.124,3.399,37,0.705,561,2.742,22.1
DATA,MOTOR_BREAKIN_V3,000001,40178,510,513,0.072,0.000,3.677,0.000,3.677,37,FWD,RUN,0.036,0.132,0.049,0.390,0.422,0.124,3.399,37,0.705,561,2.742,22.0
DATA,MOTOR_BREAKIN_V3,000001,40278,509,510,0.098,0.097,3.482,0.056,3.427,37,FWD,RUN,0.098,0.335,0.062,0.306,0.422,0.124,3.399,37,0.705,561,2.742,22.1
DATA,MOTOR_BREAKIN_V3,000001,40378,509,511,0.098,0.071,3.482,0.056,3.427,37,FWD,RUN,0.084,0.289,0.049,0.195,0.422,0.124,3.399,37,0.705,560,2.737,22.1
DATA,MOTOR_BREAKIN_V3,000001,40478,509,512,0.098,0.000,3.482,0.028,3.455,37,FWD,RUN,0.049,0.170,0.098,0.279,0.422,0.124,3.399,37,0.705,561,2.742,22.1
DATA,MOTOR_BREAKIN_V3,000001,40578,509,511,0.098,0.071,3.371,0.056,3.315,37,FWD,RUN,0.084,0.280,0.098,0.362,0.422,0.124,3.399,37,0.705,561,2.742,22.1
DATA,MOTOR_BREAKIN_V3,000001,40678,509,511,0.098,0.071,3.343,0.056,3.287,37,FWD,RUN,0.084,0.278,0.075,0.390,0.422,0.124,3.399,37,0.705,561,2.742,22.1
DATA,MOTOR_BREAKIN_V3,000001,40778,509,511,0.098,0.071,3.399,0.000,3.399,37,FWD,RUN,0.084,0.287,0.075,0.362,0.422,0.124,3.399,37,0.705,562,2.747,22.1
DATA,MOTOR_BREAKIN_V3,000001,40878,509,510,0.098,0.097,3.482,0.056,3.427,37,FWD,RUN,0.098,0.335,0.062,0.362,0.422,0.124,3.399,37,0.705,562,2.747,22.1
DATA,MOTOR_BREAKIN_V3,000001,40978,508,511,0.125,0.071,3.427,0.028,3.399,37,FWD,RUN,0.098,0.332,0.098,0.362,0.422,0.124,3.399,37,0.705,562,2.747,22.0
DATA,MOTOR_BREAKIN_V3,000001,41078,509,511,0.098,0.071,3.482,0.028,3.455,37,FWD,RUN,0.084,0.292,0.098,0.334,0.422,0.124,3.399,37,0.705,562,2.747,22.0
DATA,MOTOR_BREAKIN_V3,000001,41178,509,510,0.098,0.097,3.371,0.000,3.371,37,FWD,RUN,0.098,0.329,0.098,0.334,0.422,0.124,3.399,37,0.705,561,2.742,22.0
DATA,MOTOR_BREAKIN_V3,000001,41278,509,511,0.098,0.071,3.399,0.028,3.371,37,FWD,RUN,0.084,0.285,0.098,0.306,0.422,0.124,3.399,37,0.705,561,2.742,22.1
DATA,MOTOR_BREAKIN_V3,000001,41378,508,511,0.125,0.071,3.371,0.028,3.343,37,FWD,RUN,0.098,0.326,0.098,0.306,0.422,0.124,3.399,37,0.705,561,2.742,22.1
DATA,MOTOR_BREAKIN_V3,000001,41478,509,511,0.098,0.071,3.427,0.000,3.427,37,FWD,RUN,0.084,0.289,0.098,0.334,0.422,0.124,3.399,37,0.705,560,2.737,22.0
DATA,MOTOR_BREAKIN_V3,000001,41578,509,512,0.098,0.000,3.455,0.000,3.455,37,FWD,RUN,0.049,0.170,0.098,0.334,0.422,0.124,3.399,37,0.705,560,2.737,22.0
DATA,MOTOR_BREAKIN_V3,000001,41678,509,512,0.098,0.000,3.455,0.000,3.455,37,FWD,RUN,0.049,0.170,0.049,0.167,0.422,0.124,3.399,37,0.705,561,2.742,22.0
DATA,MOTOR_BREAKIN_V3,000001,41778,509,510,0.098,0.097,3.510,0.000,3.510,37,FWD,RUN,0.098,0.343,0.098,0.306,0.422,0.124,3.399,37,0.705,561,2.742,22.0
DATA,MOTOR_BREAKIN_V3,000001,41878,509,510,0.098,0.097,3.510,0.000,3.510,37,FWD,RUN,0.098,0.343,0.098,0.279,0.422,0.124,3.399,37,0.705,561,2.742,22.0
DATA,MOTOR_BREAKIN_V3,000001,41978,509,512,0.098,0.000,3.482,0.000,3.482,37,FWD,RUN,0.049,0.171,0.062,0.279,0.422,0.124,3.399,37,0.705,561,2.742,22.1
DATA,MOTOR_BREAKIN_V3,000001,42078,511,512,0.000,0.000,3.566,0.000,3.566,37,FWD,RUN,0.000,0.000,0.098,0.251,0.422,0.124,3.399,37,0.705,561,2.742,22.0
DATA,MOTOR_BREAKIN_V3,000001,42178,510,512,0.072,0.000,3.677,0.000,3.677,37,FWD,INIT,0.036,0.132,0.098,0.362,0.422,0.124,3.399,37,0.705,561,2.742,22.0
DATA,MOTOR_BREAKIN_V3,000001,42278,511,512,0.000,0.000,3.622,0.000,3.622,37,FWD,INIT,0.000,0.000,0.111,0.362,0.422,0.124,3.399,37,0.705,561,2.742,22.0
DATA,MOTOR_BREAKIN_V3,000001,42379,509,512,0.098,0.000,3.455,0.056,3.399,37,FWD,INIT,0.049,0.167,0.111,0.390,0.422,0.124,3.399,37,0.705,561,2.742,22.0
DATA,MOTOR_BREAKIN_V3,000001,42479,508,511,0.125,0.071,3.482,0.056,3.427,37,FWD,INIT,0.098,0.335,0.062,0.390,0.422,0.124,3.399,37,0.705,560,2.737,22.0
DATA,MOTOR_BREAKIN_V3,000001,42579,509,511,0.098,0.071,3.455,0.056,3.399,37,FWD,INIT,0.084,0.287,0.098,0.279,0.422,0.124,3.399,37,0.705,561,2.742,22.0
DATA,MOTOR_BREAKIN_V3,000001,42679,508,511,0.125,0.071,3.371,0.028,3.343,37,FWD,INIT,0.098,0.326,0.098,0.279,0.422,0.124,3.399,37,0.705,561,2.742,22.0
DATA,MOTOR_BREAKIN_V3,000001,42779,509,512,0.098,0.000,3.343,0.028,3.315,37,FWD,INIT,0.049,0.163,0.062,0.306,0.422,0.124,3.399,37,0.705,561,2.742,22.0
DATA,MOTOR_BREAKIN_V3,000001,42879,509,511,0.098,0.071,3.371,0.028,3.343,37,FWD,INIT,0.084,0.282,0.084,0.306,0.422,0.124,3.399,37,0.705,561,2.742,22.0
DATA,MOTOR_BREAKIN_V3,000001,42979,509,511,0.098,0.071,3.455,0.028,3.427,37,FWD,INIT,0.084,0.289,0.084,0.362,0.422,0.124,3.399,37,0.705,561,2.742,22.0
DATA,MOTOR_BREAKIN_V3,000001,43079,510,511,0.072,0.071,3.455,0.028,3.427,37,FWD,INIT,0.071,0.244,0.084,0.362,0.422,0.124,3.399,37,0.705,562,2.747,22.0
DATA,MOTOR_BREAKIN_V3,000001,43179,508,511,0.125,0.071,3.371,0.028,3.343,37,FWD,INIT,0.098,0.326,0.098,0.279,0.422,0.124,3.399,37,0.705,561,2.742,22.0
DATA,MOTOR_BREAKIN_V3,000001,43279,508,511,0.125,0.071,3.399,0.056,3.343,37,FWD,INIT,0.098,0.326,0.049,0.167,0.422,0.124,3.399,37,0.705,561,2.742,22.0
DATA,MOTOR_BREAKIN_V3,000001,43379,509,512,0.098,0.000,3.371,0.028,3.343,37,FWD,INIT,0.049,0.164,0.098,0.279,0.422,0.124,3.399,37,0.705,561,2.742,22.0
512.00
READY,FWD

========================================
 Mini4WD MOTOR BREAK-IN DEVICE
 MOTOR_BREAKIN_V3
 Firmware : 3.00
========================================
INFO,TYPE=MOTOR,MODEL=MOTOR_BREAKIN_V3,FW=3.00,ID=000001
DATA,MOTOR_BREAKIN_V3,000001,43459,512,513,0.000,0.000,0.752,0.000,0.752,37,FWD,READY,0.000,0.000,0.111,2.925,0.422,0.124,3.399,37,0.705,562,2.747,22.0
DATA,MOTOR_BREAKIN_V3,000001,43459,513,513,0.000,0.000,0.669,0.000,0.669,37,FWD,READY,0.000,0.000,0.111,3.009,0.422,0.124,3.399,37,0.705,561,2.742,22.0
DATA,MOTOR_BREAKIN_V3,000001,43459,513,513,0.000,0.000,0.446,0.000,0.446,37,FWD,READY,0.000,0.000,0.000,0.306,0.422,0.124,3.399,37,0.705,561,2.742,22.0
DATA,MOTOR_BREAKIN_V3,000001,43459,514,514,0.000,0.000,0.334,0.000,0.334,37,FWD,READY,0.000,0.000,0.000,0.306,0.422,0.124,3.399,37,0.705,559,2.732,22.0
DATA,MOTOR_BREAKIN_V3,000001,43459,513,513,0.000,0.000,0.223,0.000,0.223,37,FWD,READY,0.000,0.000,0.000,0.223,0.422,0.124,3.399,37,0.705,559,2.732,22.0
DATA,MOTOR_BREAKIN_V3,000001,43459,512,513,0.000,0.000,0.111,0.000,0.111,37,FWD,READY,0.000,0.000,0.000,0.139,0.422,0.124,3.399,37,0.705,559,2.732,22.0
DATA,MOTOR_BREAKIN_V3,000001,43459,513,514,0.000,0.000,0.028,0.000,0.028,37,FWD,READY,0.000,0.000,0.000,0.167,0.422,0.124,3.399,37,0.705,560,2.737,22.0
DATA,MOTOR_BREAKIN_V3,000001,43459,513,513,0.000,0.000,0.000,0.000,0.000,37,FWD,READY,0.000,0.000,0.000,0.111,0.422,0.124,3.399,37,0.705,561,2.742,21.9
DATA,MOTOR_BREAKIN_V3,000001,43459,512,514,0.000,0.000,0.000,0.000,0.000,37,FWD,READY,0.000,0.000,0.000,0.028,0.422,0.124,3.399,37,0.705,561,2.742,21.9
DATA,MOTOR_BREAKIN_V3,000001,43459,512,513,0.000,0.000,0.000,0.000,0.000,37,FWD,READY,0.000,0.000,0.000,0.000,0.422,0.124,3.399,37,0.705,561,2.742,21.9
DATA,MOTOR_BREAKIN_V3,000001,43459,513,514,0.000,0.000,0.000,0.000,0.000,37,FWD,READY,0.000,0.000,0.000,0.000,0.422,0.124,3.399,37,0.705,561,2.742,21.9
DATA,MOTOR_BREAKIN_V3,000001,43459,513,513,0.000,0.000,0.000,0.000,0.000,37,FWD,READY,0.000,0.000,0.000,0.000,0.422,0.124,3.399,37,0.705,561,2.742,21.9
DATA,MOTOR_BREAKIN_V3,000001,43459,512,513,0.000,0.000,0.000,0.000,0.000,37,FWD,READY,0.000,0.000,0.000,0.000,0.422,0.124,3.399,37,0.705,561,2.742,21.9
DATA,MOTOR_BREAKIN_V3,000001,43459,513,514,0.000,0.000,0.000,0.000,0.000,37,FWD,READY,0.000,0.000,0.000,0.000,0.422,0.124,3.399,37,0.705,561,2.742,21.9
DATA,MOTOR_BREAKIN_V3,000001,43459,512,514,0.000,0.000,0.000,0.000,0.000,37,FWD,READY,0.000,0.000,0.000,0.000,0.422,0.124,3.399,37,0.705,561,2.742,21.9
DATA,MOTOR_BREAKIN_V3,000001,43459,513,514,0.000,0.000,0.000,0.000,0.000,37,FWD,READY,0.000,0.000,0.000,0.000,0.422,0.124,3.399,37,0.705,561,2.742,21.9
DATA,MOTOR_BREAKIN_V3,000001,43459,513,513,0.000,0.000,0.000,0.000,0.000,37,FWD,READY,0.000,0.000,0.000,0.000,0.422,0.124,3.399,37,0.705,561,2.742,21.9
DATA,MOTOR_BREAKIN_V3,000001,43459,513,514,0.000,0.000,0.000,0.000,0.000,37,FWD,READY,0.000,0.000,0.000,0.000,0.422,0.124,3.399,37,0.705,561,2.742,21.9
DATA,MOTOR_BREAKIN_V3,000001,43459,512,514,0.000,0.000,0.000,0.000,0.000,37,FWD,READY,0.000,0.000,0.000,0.000,0.422,0.124,3.399,37,0.705,561,2.742,21.9
DATA,MOTOR_BREAKIN_V3,000001,43459,513,514,0.000,0.000,0.000,0.000,0.000,37,FWD,READY,0.000,0.000,0.000,0.000,0.422,0.124,3.399,37,0.705,561,2.742,21.9
DATA,MOTOR_BREAKIN_V3,000001,43459,512,514,0.000,0.000,0.000,0.000,0.000,37,FWD,READY,0.000,0.000,0.000,0.000,0.422,0.124,3.399,37,0.705,561,2.742,21.9
DATA,MOTOR_BREAKIN_V3,000001,43459,513,513,0.000,0.000,0.000,0.000,0.000,37,FWD,READY,0.000,0.000,0.000,0.000,0.422,0.124,3.399,37,0.705,561,2.742,21.9
DATA,MOTOR_BREAKIN_V3,000001,43459,513,514,0.000,0.000,0.000,0.000,0.000,37,FWD,READY,0.000,0.000,0.000,0.000,0.422,0.124,3.399,37,0.705,561,2.742,21.8
DATA,MOTOR_BREAKIN_V3,000001,43459,513,513,0.000,0.000,0.000,0.000,0.000,37,FWD,READY,0.000,0.000,0.000,0.000,0.422,0.124,3.399,37,0.705,561,2.742,21.8
DATA,MOTOR_BREAKIN_V3,000001,43459,513,514,0.000,0.000,0.000,0.000,0.000,37,FWD,READY,0.000,0.000,0.000,0.000,0.422,0.124,3.399,37,0.705,561,2.742,21.8
DATA,MOTOR_BREAKIN_V3,000001,43459,513,514,0.000,0.000,0.000,0.000,0.000,37,FWD,READY,0.000,0.000,0.000,0.000,0.422,0.124,3.399,37,0.705,561,2.742,21.8
DATA,MOTOR_BREAKIN_V3,000001,43459,513,514,0.000,0.000,0.000,0.000,0.000,37,FWD,READY,0.000,0.000,0.000,0.000,0.422,0.124,3.399,37,0.705,561,2.742,21.8
DATA,MOTOR_BREAKIN_V3,000001,43459,512,514,0.000,0.000,0.000,0.000,0.000,37,FWD,READY,0.000,0.000,0.000,0.000,0.422,0.124,3.399,37,0.705,561,2.742,21.8
DATA,MOTOR_BREAKIN_V3,000001,43459,513,514,0.000,0.000,0.000,0.000,0.000,37,FWD,READY,0.000,0.000,0.000,0.000,0.422,0.124,3.399,37,0.705,561,2.742,21.8
DATA,MOTOR_BREAKIN_V3,000001,43459,512,513,0.000,0.000,0.000,0.000,0.000,37,FWD,READY,0.000,0.000,0.000,0.000,0.422,0.124,3.399,37,0.705,561,2.742,21.8
DATA,MOTOR_BREAKIN_V3,000001,43459,512,514,0.000,0.000,0.000,0.000,0.000,37,FWD,READY,0.000,0.000,0.000,0.000,0.422,0.124,3.399,37,0.705,561,2.742,21.8
DATA,MOTOR_BREAKIN_V3,000001,43459,513,512,0.000,0.000,0.000,0.000,0.000,37,FWD,READY,0.000,0.000,0.000,0.000,0.422,0.124,3.399,37,0.705,561,2.742,21.8
DATA,MOTOR_BREAKIN_V3,000001,43459,512,514,0.000,0.000,0.000,0.000,0.000,37,FWD,READY,0.000,0.000,0.000,0.000,0.422,0.124,3.399,37,0.705,561,2.742,21.8
DATA,MOTOR_BREAKIN_V3,000001,43459,513,513,0.000,0.000,0.000,0.000,0.000,37,FWD,READY,0.000,0.000,0.000,0.000,0.422,0.124,3.399,37,0.705,561,2.742,21.8
DATA,MOTOR_BREAKIN_V3,000001,43459,513,514,0.000,0.000,0.000,0.000,0.000,37,FWD,READY,0.000,0.000,0.000,0.000,0.422,0.124,3.399,37,0.705,561,2.742,21.8
DATA,MOTOR_BREAKIN_V3,000001,43459,512,514,0.000,0.000,0.000,0.000,0.000,37,FWD,READY,0.000,0.000,0.000,0.000,0.422,0.124,3.399,37,0.705,561,2.742,21.8
DATA,MOTOR_BREAKIN_V3,000001,43459,512,514,0.000,0.000,0.000,0.000,0.000,37,FWD,READY,0.000,0.000,0.000,0.000,0.422,0.124,3.399,37,0.705,561,2.742,21.8
DATA,MOTOR_BREAKIN_V3,000001,43459,512,513,0.000,0.000,0.000,0.000,0.000,37,FWD,READY,0.000,0.000,0.000,0.000,0.422,0.124,3.399,37,0.705,561,2.742,21.8
DATA,MOTOR_BREAKIN_V3,000001,43459,513,514,0.000,0.000,0.000,0.000,0.000,37,FWD,READY,0.000,0.000,0.000,0.000,0.422,0.124,3.399,37,0.705,561,2.742,21.8
DATA,MOTOR_BREAKIN_V3,000001,43459,513,513,0.000,0.000,0.000,0.000,0.000,37,FWD,READY,0.000,0.000,0.000,0.000,0.422,0.124,3.399,37,0.705,561,2.742,21.7
DATA,MOTOR_BREAKIN_V3,000001,43459,513,514,0.000,0.000,0.000,0.000,0.000,37,FWD,READY,0.000,0.000,0.000,0.000,0.422,0.124,3.399,37,0.705,561,2.742,21.8
DATA,MOTOR_BREAKIN_V3,000001,43459,513,512,0.000,0.000,0.000,0.000,0.000,37,FWD,READY,0.000,0.000,0.000,0.000,0.422,0.124,3.399,37,0.705,561,2.742,21.7
DATA,MOTOR_BREAKIN_V3,000001,43459,512,513,0.000,0.000,0.000,0.000,0.000,37,FWD,READY,0.000,0.000,0.000,0.000,0.422,0.124,3.399,37,0.705,561,2.742,21.7
DATA,MOTOR_BREAKIN_V3,000001,43459,512,513,0.000,0.000,0.000,0.000,0.000,37,FWD,READY,0.000,0.000,0.000,0.000,0.422,0.124,3.399,37,0.705,561,2.742,21.7
DATA,MOTOR_BREAKIN_V3,000001,43459,513,514,0.000,0.000,0.000,0.000,0.000,37,FWD,READY,0.000,0.000,0.000,0.000,0.422,0.124,3.399,37,0.705,561,2.742,21.7
DATA,MOTOR_BREAKIN_V3,000001,43459,512,514,0.000,0.000,0.000,0.000,0.000,37,FWD,READY,0.000,0.000,0.000,0.000,0.422,0.124,3.399,37,0.705,561,2.742,21.7
DATA,MOTOR_BREAKIN_V3,000001,43459,513,513,0.000,0.000,0.000,0.000,0.000,37,FWD,READY,0.000,0.000,0.000,0.000,0.422,0.124,3.399,37,0.705,561,2.742,21.7
DATA,MOTOR_BREAKIN_V3,000001,43459,513,513,0.000,0.000,0.000,0.000,0.000,37,FWD,READY,0.000,0.000,0.000,0.000,0.422,0.124,3.399,37,0.705,561,2.742,21.7
DATA,MOTOR_BREAKIN_V3,000001,43459,512,513,0.000,0.000,0.000,0.000,0.000,37,FWD,READY,0.000,0.000,0.000,0.000,0.422,0.124,3.399,37,0.705,561,2.742,21.7
DATA,MOTOR_BREAKIN_V3,000001,43459,512,513,0.000,0.000,0.000,0.000,0.000,37,FWD,READY,0.000,0.000,0.000,0.000,0.422,0.124,3.399,37,0.705,561,2.742,21.7
DATA,MOTOR_BREAKIN_V3,000001,43459,513,513,0.000,0.000,0.000,0.000,0.000,37,FWD,READY,0.000,0.000,0.000,0.000,0.422,0.124,3.399,37,0.705,561,2.742,21.7
DATA,MOTOR_BREAKIN_V3,000001,43459,512,513,0.000,0.000,0.000,0.000,0.000,37,FWD,READY,0.000,0.000,0.000,0.000,0.422,0.124,3.399,37,0.705,561,2.742,21.7
DATA,MOTOR_BREAKIN_V3,000001,43459,513,513,0.000,0.000,0.000,0.000,0.000,37,FWD,READY,0.000,0.000,0.000,0.000,0.422,0.124,3.399,37,0.705,561,2.742,21.7
DATA,MOTOR_BREAKIN_V3,000001,43459,512,514,0.000,0.000,0.000,0.000,0.000,37,FWD,READY,0.000,0.000,0.000,0.000,0.422,0.124,3.399,37,0.705,561,2.742,21.7
DATA,MOTOR_BREAKIN_V3,000001,43459,512,514,0.000,0.000,0.000,0.000,0.000,37,FWD,READY,0.000,0.000,0.000,0.000,0.422,0.124,3.399,37,0.705,561,2.742,21.7
DATA,MOTOR_BREAKIN_V3,000001,43459,513,513,0.000,0.000,0.000,0.000,0.000,37,FWD,READY,0.000,0.000,0.000,0.000,0.422,0.124,3.399,37,0.705,561,2.742,21.7
DATA,MOTOR_BREAKIN_V3,000001,43459,513,513,0.000,0.000,0.000,0.000,0.000,37,FWD,READY,0.000,0.000,0.000,0.000,0.422,0.124,3.399,37,0.705,561,2.742,21.7
DATA,MOTOR_BREAKIN_V3,000001,43459,513,513,0.000,0.000,0.000,0.000,0.000,37,FWD,READY,0.000,0.000,0.000,0.000,0.422,0.124,3.399,37,0.705,561,2.742,21.7
DATA,MOTOR_BREAKIN_V3,000001,43459,512,514,0.000,0.000,0.000,0.000,0.000,37,FWD,READY,0.000,0.000,0.000,0.000,0.422,0.124,3.399,37,0.705,561,2.742,21.6
DATA,MOTOR_BREAKIN_V3,000001,43459,512,514,0.000,0.000,0.000,0.000,0.000,37,FWD,READY,0.000,0.000,0.000,0.000,0.422,0.124,3.399,37,0.705,561,2.742,21.6
DATA,MOTOR_BREAKIN_V3,000001,43459,512,514,0.000,0.000,0.000,0.000,0.000,37,FWD,READY,0.000,0.000,0.000,0.000,0.422,0.124,3.399,37,0.705,561,2.742,21.6
DATA,MOTOR_BREAKIN_V3,000001,43459,512,514,0.000,0.000,0.000,0.000,0.000,37,FWD,READY,0.000,0.000,0.000,0.000,0.422,0.124,3.399,37,0.705,561,2.742,21.6
DATA,MOTOR_BREAKIN_V3,000001,43459,512,513,0.000,0.000,0.000,0.000,0.000,37,FWD,READY,0.000,0.000,0.000,0.000,0.422,0.124,3.399,37,0.705,561,2.742,21.6
DATA,MOTOR_BREAKIN_V3,000001,43459,513,514,0.000,0.000,0.000,0.000,0.000,37,FWD,READY,0.000,0.000,0.000,0.000,0.422,0.124,3.399,37,0.705,561,2.742,21.6
DATA,MOTOR_BREAKIN_V3,000001,43459,512,514,0.000,0.000,0.000,0.000,0.000,37,FWD,READY,0.000,0.000,0.000,0.000,0.422,0.124,3.399,37,0.705,561,2.742,21.6
DATA,MOTOR_BREAKIN_V3,000001,43459,513,514,0.000,0.000,0.000,0.000,0.000,37,FWD,READY,0.000,0.000,0.000,0.000,0.422,0.124,3.399,37,0.705,561,2.742,21.6
DATA,MOTOR_BREAKIN_V3,000001,43459,513,513,0.000,0.000,0.000,0.000,0.000,37,FWD,READY,0.000,0.000,0.000,0.000,0.422,0.124,3.399,37,0.705,561,2.742,21.6
DATA,MOTOR_BREAKIN_V3,000001,43459,514,513,0.000,0.000,0.000,0.000,0.000,37,FWD,READY,0.000,0.000,0.000,0.000,0.422,0.124,3.399,37,0.705,561,2.742,21.6
DATA,MOTOR_BREAKIN_V3,000001,43459,512,513,0.000,0.000,0.000,0.000,0.000,37,FWD,READY,0.000,0.000,0.000,0.000,0.422,0.124,3.399,37,0.705,561,2.742,21.6
DATA,MOTOR_BREAKIN_V3,000001,43459,513,513,0.000,0.000,0.000,0.000,0.000,37,FWD,READY,0.000,0.000,0.000,0.000,0.422,0.124,3.399,37,0.705,561,2.742,21.6
DATA,MOTOR_BREAKIN_V3,000001,43459,512,513,0.000,0.000,0.000,0.000,0.000,37,FWD,READY,0.000,0.000,0.000,0.000,0.422,0.124,3.399,37,0.705,561,2.742,21.6
DATA,MOTOR_BREAKIN_V3,000001,43459,512,514,0.000,0.000,0.000,0.000,0.000,37,FWD,READY,0.000,0.000,0.000,0.000,0.422,0.124,3.399,37,0.705,561,2.742,21.6
DATA,MOTOR_BREAKIN_V3,000001,43459,512,515,0.000,0.000,0.000,0.000,0.000,37,FWD,READY,0.000,0.000,0.000,0.000,0.422,0.124,3.399,37,0.705,561,2.742,21.6
DATA,MOTOR_BREAKIN_V3,000001,43459,512,514,0.000,0.000,0.000,0.000,0.000,37,FWD,READY,0.000,0.000,0.000,0.000,0.422,0.124,3.399,37,0.705,561,2.742,21.6
DATA,MOTOR_BREAKIN_V3,000001,43459,512,515,0.000,0.000,0.000,0.000,0.000,37,FWD,READY,0.000,0.000,0.000,0.000,0.422,0.124,3.399,37,0.705,561,2.742,21.6
DATA,MOTOR_BREAKIN_V3,000001,43459,512,513,0.000,0.000,0.000,0.000,0.000,37,FWD,READY,0.000,0.000,0.000,0.000,0.422,0.124,3.399,37,0.705,561,2.742,21.6
DATA,MOTOR_BREAKIN_V3,000001,43459,512,513,0.000,0.000,0.000,0.000,0.000,37,FWD,READY,0.000,0.000,0.000,0.000,0.422,0.124,3.399,37,0.705,561,2.742,21.6
DATA,MOTOR_BREAKIN_V3,000001,43459,513,513,0.000,0.000,0.000,0.000,0.000,37,FWD,READY,0.000,0.000,0.000,0.000,0.422,0.124,3.399,37,0.705,561,2.742,21.6
DATA,MOTOR_BREAKIN_V3,000001,43459,512,513,0.000,0.000,0.000,0.000,0.000,37,FWD,READY,0.000,0.000,0.000,0.000,0.422,0.124,3.399,37,0.705,561,2.742,21.6
DATA,MOTOR_BREAKIN_V3,000001,43459,513,514,0.000,0.000,0.000,0.000,0.000,37,FWD,READY,0.000,0.000,0.000,0.000,0.422,0.124,3.399,37,0.705,561,2.742,21.6
DATA,MOTOR_BREAKIN_V3,000001,43459,513,514,0.000,0.000,0.000,0.000,0.000,37,FWD,READY,0.000,0.000,0.000,0.000,0.422,0.124,3.399,37,0.705,561,2.742,21.6
DATA,MOTOR_BREAKIN_V3,000001,43459,513,514,0.000,0.000,0.000,0.000,0.000,37,FWD,READY,0.000,0.000,0.000,0.000,0.422,0.124,3.399,37,0.705,561,2.742,21.6
DATA,MOTOR_BREAKIN_V3,000001,43459,513,513,0.000,0.000,0.000,0.000,0.000,37,FWD,READY,0.000,0.000,0.000,0.000,0.422,0.124,3.399,37,0.705,561,2.742,21.6
DATA,MOTOR_BREAKIN_V3,000001,43459,512,514,0.000,0.000,0.000,0.000,0.000,37,FWD,READY,0.000,0.000,0.000,0.000,0.422,0.124,3.399,37,0.705,561,2.742,21.6
DATA,MOTOR_BREAKIN_V3,000001,43459,512,514,0.000,0.000,0.000,0.000,0.000,37,FWD,READY,0.000,0.000,0.000,0.000,0.422,0.124,3.399,37,0.705,561,2.742,21.6
DATA,MOTOR_BREAKIN_V3,000001,43459,512,513,0.000,0.000,0.000,0.000,0.000,37,FWD,READY,0.000,0.000,0.000,0.000,0.422,0.124,3.399,37,0.705,561,2.742,21.6
DATA,MOTOR_BREAKIN_V3,000001,43459,513,513,0.000,0.000,0.000,0.000,0.000,37,FWD,READY,0.000,0.000,0.000,0.000,0.422,0.124,3.399,37,0.705,561,2.742,21.6
DATA,MOTOR_BREAKIN_V3,000001,43459,512,513,0.000,0.000,0.000,0.000,0.000,37,FWD,READY,0.000,0.000,0.000,0.000,0.422,0.124,3.399,37,0.705,561,2.742,21.6
DATA,MOTOR_BREAKIN_V3,000001,43459,512,514,0.000,0.000,0.000,0.000,0.000,37,FWD,READY,0.000,0.000,0.000,0.000,0.422,0.124,3.399,37,0.705,561,2.742,21.6
DATA,MOTOR_BREAKIN_V3,000001,43459,513,513,0.000,0.000,0.000,0.000,0.000,37,FWD,READY,0.000,0.000,0.000,0.000,0.422,0.124,3.399,37,0.705,561,2.742,21.6
DATA,MOTOR_BREAKIN_V3,000001,43459,512,514,0.000,0.000,0.000,0.000,0.000,37,FWD,READY,0.000,0.000,0.000,0.000,0.422,0.124,3.399,37,0.705,561,2.742,21.6
DATA,MOTOR_BREAKIN_V3,000001,43459,512,514,0.000,0.000,0.000,0.000,0.000,37,FWD,READY,0.000,0.000,0.000,0.000,0.422,0.124,3.399,37,0.705,561,2.742,21.6
DATA,MOTOR_BREAKIN_V3,000001,43459,513,514,0.000,0.000,0.000,0.000,0.000,37,FWD,READY,0.000,0.000,0.000,0.000,0.422,0.124,3.399,37,0.705,561,2.742,21.6
DATA,MOTOR_BREAKIN_V3,000001,43459,513,513,0.000,0.000,0.000,0.000,0.000,37,FWD,READY,0.000,0.000,0.000,0.000,0.422,0.124,3.399,37,0.705,561,2.742,21.6
DATA,MOTOR_BREAKIN_V3,000001,43459,512,513,0.000,0.000,0.000,0.000,0.000,37,FWD,READY,0.000,0.000,0.000,0.000,0.422,0.124,3.399,37,0.705,561,2.742,21.6
DATA,MOTOR_BREAKIN_V3,000001,43459,513,514,0.000,0.000,0.000,0.000,0.000,37,FWD,READY,0.000,0.000,0.000,0.000,0.422,0.124,3.399,37,0.705,561,2.742,21.6
DATA,MOTOR_BREAKIN_V3,000001,43459,512,513,0.000,0.000,0.000,0.000,0.000,37,FWD,READY,0.000,0.000,0.000,0.000,0.422,0.124,3.399,37,0.705,561,2.742,21.6
DATA,MOTOR_BREAKIN_V3,000001,43459,513,513,0.000,0.000,0.000,0.000,0.000,37,FWD,READY,0.000,0.000,0.000,0.000,0.422,0.124,3.399,37,0.705,561,2.742,21.6
DATA,MOTOR_BREAKIN_V3,000001,43459,513,514,0.000,0.000,0.000,0.000,0.000,37,FWD,READY,0.000,0.000,0.000,0.000,0.422,0.124,3.399,37,0.705,561,2.742,21.6
DATA,MOTOR_BREAKIN_V3,000001,43459,513,514,0.000,0.000,0.000,0.000,0.000,37,FWD,READY,0.000,0.000,0.000,0.000,0.422,0.124,3.399,37,0.705,561,2.742,21.6
DATA,MOTOR_BREAKIN_V3,000001,43459,513,513,0.000,0.000,0.000,0.000,0.000,37,FWD,READY,0.000,0.000,0.000,0.000,0.422,0.124,3.399,37,0.705,561,2.742,21.6
DATA,MOTOR_BREAKIN_V3,000001,43459,513,514,0.000,0.000,0.000,0.000,0.000,37,FWD,READY,0.000,0.000,0.000,0.000,0.422,0.124,3.399,37,0.705,561,2.742,21.6
DATA,MOTOR_BREAKIN_V3,000001,43459,513,513,0.000,0.000,0.000,0.000,0.000,37,FWD,READY,0.000,0.000,0.000,0.000,0.422,0.124,3.399,37,0.705,561,2.742,21.6
DATA,MOTOR_BREAKIN_V3,000001,43459,513,514,0.000,0.000,0.000,0.000,0.000,37,FWD,READY,0.000,0.000,0.000,0.000,0.422,0.124,3.399,37,0.705,561,2.742,21.6
DATA,MOTOR_BREAKIN_V3,000001,43459,513,514,0.000,0.000,0.000,0.000,0.000,37,FWD,READY,0.000,0.000,0.000,0.000,0.422,0.124,3.399,37,0.705,561,2.742,21.6
DATA,MOTOR_BREAKIN_V3,000001,43459,513,514,0.000,0.000,0.000,0.000,0.000,37,FWD,READY,0.000,0.000,0.000,0.000,0.422,0.124,3.399,37,0.705,561,2.742,21.6
DATA,MOTOR_BREAKIN_V3,000001,43459,513,513,0.000,0.000,0.000,0.000,0.000,37,FWD,READY,0.000,0.000,0.000,0.000,0.422,0.124,3.399,37,0.705,561,2.742,21.6
DATA,MOTOR_BREAKIN_V3,000001,43459,513,514,0.000,0.000,0.000,0.000,0.000,37,FWD,READY,0.000,0.000,0.000,0.000,0.422,0.124,3.399,37,0.705,561,2.742,21.6
DATA,MOTOR_BREAKIN_V3,000001,43459,512,514,0.000,0.000,0.000,0.000,0.000,37,FWD,READY,0.000,0.000,0.000,0.000,0.422,0.124,3.399,37,0.705,561,2.742,21.6
DATA,MOTOR_BREAKIN_V3,000001,43459,512,513,0.000,0.000,0.000,0.000,0.000,37,FWD,READY,0.000,0.000,0.000,0.000,0.422,0.124,3.399,37,0.705,561,2.742,21.5
DATA,MOTOR_BREAKIN_V3,000001,43459,513,514,0.000,0.000,0.000,0.000,0.000,37,FWD,READY,0.000,0.000,0.000,0.000,0.422,0.124,3.399,37,0.705,561,2.742,21.5
DATA,MOTOR_BREAKIN_V3,000001,43459,512,513,0.000,0.000,0.000,0.000,0.000,37,FWD,READY,0.000,0.000,0.000,0.000,0.422,0.124,3.399,37,0.705,561,2.742,21.6
DATA,MOTOR_BREAKIN_V3,000001,43459,513,514,0.000,0.000,0.000,0.000,0.000,37,FWD,READY,0.000,0.000,0.000,0.000,0.422,0.124,3.399,37,0.705,561,2.742,21.5
DATA,MOTOR_BREAKIN_V3,000001,43459,512,513,0.000,0.000,0.000,0.000,0.000,37,FWD,READY,0.000,0.000,0.000,0.000,0.422,0.124,3.399,37,0.705,561,2.742,21.5
DATA,MOTOR_BREAKIN_V3,000001,43459,513,514,0.000,0.000,0.000,0.000,0.000,37,FWD,READY,0.000,0.000,0.000,0.000,0.422,0.124,3.399,37,0.705,561,2.742,21.5
DATA,MOTOR_BREAKIN_V3,000001,43459,513,513,0.000,0.000,0.000,0.000,0.000,37,FWD,READY,0.000,0.000,0.000,0.000,0.422,0.124,3.399,37,0.705,561,2.742,21.5
DATA,MOTOR_BREAKIN_V3,000001,43459,512,514,0.000,0.000,0.000,0.000,0.000,37,FWD,READY,0.000,0.000,0.000,0.000,0.422,0.124,3.399,37,0.705,561,2.742,21.5
DATA,MOTOR_BREAKIN_V3,000001,43459,513,513,0.000,0.000,0.000,0.000,0.000,37,FWD,READY,0.000,0.000,0.000,0.000,0.422,0.124,3.399,37,0.705,561,2.742,21.5
DATA,MOTOR_BREAKIN_V3,000001,43459,512,514,0.000,0.000,0.000,0.000,0.000,37,FWD,READY,0.000,0.000,0.000,0.000,0.422,0.124,3.399,37,0.705,561,2.742,21.5
DATA,MOTOR_BREAKIN_V3,000001,43459,513,513,0.000,0.000,0.000,0.000,0.000,37,FWD,READY,0.000,0.000,0.000,0.000,0.422,0.124,3.399,37,0.705,561,2.742,21.5
DATA,MOTOR_BREAKIN_V3,000001,43459,512,514,0.000,0.000,0.000,0.000,0.000,37,FWD,READY,0.000,0.000,0.000,0.000,0.422,0.124,3.399,37,0.705,561,2.742,21.5
DATA,MOTOR_BREAKIN_V3,000001,43459,513,513,0.000,0.000,0.000,0.000,0.000,37,FWD,READY,0.000,0.000,0.000,0.000,0.422,0.124,3.399,37,0.705,561,2.742,21.5
DATA,MOTOR_BREAKIN_V3,000001,43459,513,513,0.000,0.000,0.000,0.000,0.000,37,FWD,READY,0.000,0.000,0.000,0.000,0.422,0.124,3.399,37,0.705,561,2.742,21.5
DATA,MOTOR_BREAKIN_V3,000001,43459,512,514,0.000,0.000,0.000,0.000,0.000,37,FWD,READY,0.000,0.000,0.000,0.000,0.422,0.124,3.399,37,0.705,561,2.742,21.5
DATA,MOTOR_BREAKIN_V3,000001,43459,512,513,0.000,0.000,0.000,0.000,0.000,37,FWD,READY,0.000,0.000,0.000,0.000,0.422,0.124,3.399,37,0.705,561,2.742,21.5
DATA,MOTOR_BREAKIN_V3,000001,43459,512,514,0.000,0.000,0.000,0.000,0.000,37,FWD,READY,0.000,0.000,0.000,0.000,0.422,0.124,3.399,37,0.705,561,2.742,21.5
DATA,MOTOR_BREAKIN_V3,000001,43459,513,513,0.000,0.000,0.000,0.000,0.000,37,FWD,READY,0.000,0.000,0.000,0.000,0.422,0.124,3.399,37,0.705,561,2.742,21.5
DATA,MOTOR_BREAKIN_V3,000001,43459,513,513,0.000,0.000,0.000,0.000,0.000,37,FWD,READY,0.000,0.000,0.000,0.000,0.422,0.124,3.399,37,0.705,561,2.742,21.5
DATA,MOTOR_BREAKIN_V3,000001,43459,512,514,0.000,0.000,0.000,0.000,0.000,37,FWD,READY,0.000,0.000,0.000,0.000,0.422,0.124,3.399,37,0.705,561,2.742,21.5
DATA,MOTOR_BREAKIN_V3,000001,43459,513,514,0.000,0.000,0.000,0.000,0.000,37,FWD,READY,0.000,0.000,0.000,0.000,0.422,0.124,3.399,37,0.705,561,2.742,21.5
DATA,MOTOR_BREAKIN_V3,000001,43459,513,513,0.000,0.000,0.000,0.000,0.000,37,FWD,READY,0.000,0.000,0.000,0.000,0.422,0.124,3.399,37,0.705,561,2.742,21.5
DATA,MOTOR_BREAKIN_V3,000001,43459,513,514,0.000,0.000,0.000,0.000,0.000,37,FWD,READY,0.000,0.000,0.000,0.000,0.422,0.124,3.399,37,0.705,561,2.742,21.5
DATA,MOTOR_BREAKIN_V3,000001,43459,512,514,0.000,0.000,0.000,0.000,0.000,37,FWD,READY,0.000,0.000,0.000,0.000,0.422,0.124,3.399,37,0.705,561,2.742,21.5
DATA,MOTOR_BREAKIN_V3,000001,43459,512,514,0.000,0.000,0.000,0.000,0.000,37,FWD,READY,0.000,0.000,0.000,0.000,0.422,0.124,3.399,37,0.705,561,2.742,21.5
DATA,MOTOR_BREAKIN_V3,000001,43459,513,513,0.000,0.000,0.000,0.000,0.000,37,FWD,READY,0.000,0.000,0.000,0.000,0.422,0.124,3.399,37,0.705,561,2.742,21.5
DATA,MOTOR_BREAKIN_V3,000001,43459,513,513,0.000,0.000,0.000,0.000,0.000,37,FWD,READY,0.000,0.000,0.000,0.000,0.422,0.124,3.399,37,0.705,561,2.742,21.5
DATA,MOTOR_BREAKIN_V3,000001,43459,513,513,0.000,0.000,0.000,0.000,0.000,37,FWD,READY,0.000,0.000,0.000,0.000,0.422,0.124,3.399,37,0.705,561,2.742,21.5
DATA,MOTOR_BREAKIN_V3,000001,43459,513,513,0.000,0.000,0.000,0.000,0.000,37,FWD,READY,0.000,0.000,0.000,0.000,0.422,0.124,3.399,37,0.705,561,2.742,21.5
DATA,MOTOR_BREAKIN_V3,000001,43459,512,513,0.000,0.000,0.000,0.000,0.000,37,FWD,READY,0.000,0.000,0.000,0.000,0.422,0.124,3.399,37,0.705,561,2.742,21.5
DATA,MOTOR_BREAKIN_V3,000001,43459,512,514,0.000,0.000,0.000,0.000,0.000,37,FWD,READY,0.000,0.000,0.000,0.000,0.422,0.124,3.399,37,0.705,561,2.742,21.5
DATA,MOTOR_BREAKIN_V3,000001,43459,513,514,0.000,0.000,0.000,0.000,0.000,37,FWD,READY,0.000,0.000,0.000,0.000,0.422,0.124,3.399,37,0.705,561,2.742,21.5
DATA,MOTOR_BREAKIN_V3,000001,43459,512,513,0.000,0.000,0.000,0.000,0.000,37,FWD,READY,0.000,0.000,0.000,0.000,0.422,0.124,3.399,37,0.705,561,2.742,21.4
DATA,MOTOR_BREAKIN_V3,000001,43459,513,513,0.000,0.000,0.000,0.000,0.000,37,FWD,READY,0.000,0.000,0.000,0.000,0.422,0.124,3.399,37,0.705,561,2.742,21.4
DATA,MOTOR_BREAKIN_V3,000001,43459,513,513,0.000,0.000,0.000,0.000,0.000,37,FWD,READY,0.000,0.000,0.000,0.000,0.422,0.124,3.399,37,0.705,561,2.742,21.4
DATA,MOTOR_BREAKIN_V3,000001,43459,513,513,0.000,0.000,0.000,0.000,0.000,37,FWD,READY,0.000,0.000,0.000,0.000,0.422,0.124,3.399,37,0.705,561,2.742,21.4
DATA,MOTOR_BREAKIN_V3,000001,43459,513,514,0.000,0.000,0.000,0.000,0.000,37,FWD,READY,0.000,0.000,0.000,0.000,0.422,0.124,3.399,37,0.705,561,2.742,21.4
DATA,MOTOR_BREAKIN_V3,000001,43459,514,513,0.000,0.000,0.000,0.000,0.000,37,FWD,READY,0.000,0.000,0.000,0.000,0.422,0.124,3.399,37,0.705,561,2.742,21.4
DATA,MOTOR_BREAKIN_V3,000001,43459,512,514,0.000,0.000,0.000,0.000,0.000,37,FWD,READY,0.000,0.000,0.000,0.000,0.422,0.124,3.399,37,0.705,561,2.742,21.4
DATA,MOTOR_BREAKIN_V3,000001,43459,512,514,0.000,0.000,0.000,0.000,0.000,37,FWD,READY,0.000,0.000,0.000,0.000,0.422,0.124,3.399,37,0.705,561,2.742,21.4
DATA,MOTOR_BREAKIN_V3,000001,43459,513,513,0.000,0.000,0.000,0.000,0.000,37,FWD,READY,0.000,0.000,0.000,0.000,0.422,0.124,3.399,37,0.705,561,2.742,21.4
DATA,MOTOR_BREAKIN_V3,000001,43459,512,514,0.000,0.000,0.000,0.000,0.000,37,FWD,READY,0.000,0.000,0.000,0.000,0.422,0.124,3.399,37,0.705,561,2.742,21.4
DATA,MOTOR_BREAKIN_V3,000001,43459,513,513,0.000,0.000,0.000,0.000,0.000,37,FWD,READY,0.000,0.000,0.000,0.000,0.422,0.124,3.399,37,0.705,561,2.742,21.4
DATA,MOTOR_BREAKIN_V3,000001,43459,512,514,0.000,0.000,0.000,0.000,0.000,37,FWD,READY,0.000,0.000,0.000,0.000,0.422,0.124,3.399,37,0.705,561,2.742,21.4
DATA,MOTOR_BREAKIN_V3,000001,43459,512,513,0.000,0.000,0.000,0.000,0.000,37,FWD,READY,0.000,0.000,0.000,0.000,0.422,0.124,3.399,37,0.705,561,2.742,21.4
DATA,MOTOR_BREAKIN_V3,000001,43459,512,513,0.000,0.000,0.000,0.000,0.000,37,FWD,READY,0.000,0.000,0.000,0.000,0.422,0.124,3.399,37,0.705,561,2.742,21.4
DATA,MOTOR_BREAKIN_V3,000001,43459,512,514,0.000,0.000,0.000,0.000,0.000,37,FWD,READY,0.000,0.000,0.000,0.000,0.422,0.124,3.399,37,0.705,561,2.742,21.4
DATA,MOTOR_BREAKIN_V3,000001,43459,512,514,0.000,0.000,0.000,0.000,0.000,37,FWD,READY,0.000,0.000,0.000,0.000,0.422,0.124,3.399,37,0.705,561,2.742,21.4
DATA,MOTOR_BREAKIN_V3,000001,43459,512,513,0.000,0.000,0.000,0.000,0.000,37,FWD,READY,0.000,0.000,0.000,0.000,0.422,0.124,3.399,37,0.705,561,2.742,21.4
DATA,MOTOR_BREAKIN_V3,000001,43459,513,513,0.000,0.000,0.000,0.000,0.000,37,FWD,READY,0.000,0.000,0.000,0.000,0.422,0.124,3.399,37,0.705,561,2.742,21.4
DATA,MOTOR_BREAKIN_V3,000001,43459,513,514,0.000,0.000,0.000,0.000,0.000,37,FWD,READY,0.000,0.000,0.000,0.000,0.422,0.124,3.399,37,0.705,561,2.742,21.4
DATA,MOTOR_BREAKIN_V3,000001,43459,512,513,0.000,0.000,0.000,0.000,0.000,37,FWD,READY,0.000,0.000,0.000,0.000,0.422,0.124,3.399,37,0.705,561,2.742,21.4
DATA,MOTOR_BREAKIN_V3,000001,43459,513,513,0.000,0.000,0.000,0.000,0.000,37,FWD,READY,0.000,0.000,0.000,0.000,0.422,0.124,3.399,37,0.705,561,2.742,21.4
DATA,MOTOR_BREAKIN_V3,000001,43459,512,514,0.000,0.000,0.000,0.000,0.000,37,FWD,READY,0.000,0.000,0.000,0.000,0.422,0.124,3.399,37,0.705,561,2.742,21.4
DATA,MOTOR_BREAKIN_V3,000001,43459,513,514,0.000,0.000,0.000,0.000,0.000,37,FWD,READY,0.000,0.000,0.000,0.000,0.422,0.124,3.399,37,0.705,561,2.742,21.4
DATA,MOTOR_BREAKIN_V3,000001,43459,513,514,0.000,0.000,0.000,0.000,0.000,37,FWD,READY,0.000,0.000,0.000,0.000,0.422,0.124,3.399,37,0.705,561,2.742,21.4
DATA,MOTOR_BREAKIN_V3,000001,43459,513,513,0.000,0.000,0.000,0.000,0.000,37,FWD,READY,0.000,0.000,0.000,0.000,0.422,0.124,3.399,37,0.705,561,2.742,21.4
DATA,MOTOR_BREAKIN_V3,000001,43459,513,513,0.000,0.000,0.000,0.000,0.000,37,FWD,READY,0.000,0.000,0.000,0.000,0.422,0.124,3.399,37,0.705,561,2.742,21.4
DATA,MOTOR_BREAKIN_V3,000001,43459,513,514,0.000,0.000,0.000,0.000,0.000,37,FWD,READY,0.000,0.000,0.000,0.000,0.422,0.124,3.399,37,0.705,561,2.742,21.4
DATA,MOTOR_BREAKIN_V3,000001,43459,512,513,0.000,0.000,0.000,0.000,0.000,37,FWD,READY,0.000,0.000,0.000,0.000,0.422,0.124,3.399,37,0.705,561,2.742,21.4
DATA,MOTOR_BREAKIN_V3,000001,43459,512,513,0.000,0.000,0.000,0.000,0.000,37,FWD,READY,0.000,0.000,0.000,0.000,0.422,0.124,3.399,37,0.705,561,2.742,21.4
DATA,MOTOR_BREAKIN_V3,000001,43459,513,514,0.000,0.000,0.000,0.000,0.000,37,FWD,READY,0.000,0.000,0.000,0.000,0.422,0.124,3.399,37,0.705,561,2.742,21.4
DATA,MOTOR_BREAKIN_V3,000001,43459,512,514,0.000,0.000,0.000,0.000,0.000,37,FWD,READY,0.000,0.000,0.000,0.000,0.422,0.124,3.399,37,0.705,561,2.742,21.4
DATA,MOTOR_BREAKIN_V3,000001,43459,513,514,0.000,0.000,0.000,0.000,0.000,37,FWD,READY,0.000,0.000,0.000,0.000,0.422,0.124,3.399,37,0.705,561,2.742,21.4
DATA,MOTOR_BREAKIN_V3,000001,43459,513,514,0.000,0.000,0.000,0.000,0.000,37,FWD,READY,0.000,0.000,0.000,0.000,0.422,0.124,3.399,37,0.705,561,2.742,21.4
DATA,MOTOR_BREAKIN_V3,000001,43459,512,514,0.000,0.000,0.000,0.000,0.000,37,FWD,READY,0.000,0.000,0.000,0.000,0.422,0.124,3.399,37,0.705,561,2.742,21.4
DATA,MOTOR_BREAKIN_V3,000001,43459,512,513,0.000,0.000,0.000,0.000,0.000,37,FWD,READY,0.000,0.000,0.000,0.000,0.422,0.124,3.399,37,0.705,561,2.742,21.4
DATA,MOTOR_BREAKIN_V3,000001,43459,512,513,0.000,0.000,0.000,0.000,0.000,37,FWD,READY,0.000,0.000,0.000,0.000,0.422,0.124,3.399,37,0.705,561,2.742,21.3
DATA,MOTOR_BREAKIN_V3,000001,43459,513,514,0.000,0.000,0.000,0.000,0.000,37,FWD,READY,0.000,0.000,0.000,0.000,0.422,0.124,3.399,37,0.705,561,2.742,21.4
DATA,MOTOR_BREAKIN_V3,000001,43459,512,513,0.000,0.000,0.000,0.000,0.000,37,FWD,READY,0.000,0.000,0.000,0.000,0.422,0.124,3.399,37,0.705,561,2.742,21.4
DATA,MOTOR_BREAKIN_V3,000001,43459,513,514,0.000,0.000,0.000,0.000,0.000,37,FWD,READY,0.000,0.000,0.000,0.000,0.422,0.124,3.399,37,0.705,561,2.742,21.3
DATA,MOTOR_BREAKIN_V3,000001,43459,513,513,0.000,0.000,0.000,0.000,0.000,37,FWD,READY,0.000,0.000,0.000,0.000,0.422,0.124,3.399,37,0.705,561,2.742,21.3
DATA,MOTOR_BREAKIN_V3,000001,43459,513,513,0.000,0.000,0.000,0.000,0.000,37,FWD,READY,0.000,0.000,0.000,0.000,0.422,0.124,3.399,37,0.705,561,2.742,21.3
DATA,MOTOR_BREAKIN_V3,000001,43459,513,513,0.000,0.000,0.000,0.000,0.000,37,FWD,READY,0.000,0.000,0.000,0.000,0.422,0.124,3.399,37,0.705,561,2.742,21.3
DATA,MOTOR_BREAKIN_V3,000001,43459,512,515,0.000,0.000,0.000,0.000,0.000,37,FWD,READY,0.000,0.000,0.000,0.000,0.422,0.124,3.399,37,0.705,561,2.742,21.3
DATA,MOTOR_BREAKIN_V3,000001,43459,512,513,0.000,0.000,0.000,0.000,0.000,37,FWD,READY,0.000,0.000,0.000,0.000,0.422,0.124,3.399,37,0.705,561,2.742,21.3
DATA,MOTOR_BREAKIN_V3,000001,43459,513,513,0.000,0.000,0.000,0.000,0.000,37,FWD,READY,0.000,0.000,0.000,0.000,0.422,0.124,3.399,37,0.705,561,2.742,21.3
DATA,MOTOR_BREAKIN_V3,000001,43459,512,513,0.000,0.000,0.000,0.000,0.000,37,FWD,READY,0.000,0.000,0.000,0.000,0.422,0.124,3.399,37,0.705,561,2.742,21.3
DATA,MOTOR_BREAKIN_V3,000001,43459,512,513,0.000,0.000,0.000,0.000,0.000,37,FWD,READY,0.000,0.000,0.000,0.000,0.422,0.124,3.399,37,0.705,561,2.742,21.3
DATA,MOTOR_BREAKIN_V3,000001,43459,513,514,0.000,0.000,0.000,0.000,0.000,37,FWD,READY,0.000,0.000,0.000,0.000,0.422,0.124,3.399,37,0.705,561,2.742,21.3
DATA,MOTOR_BREAKIN_V3,000001,43459,513,514,0.000,0.000,0.000,0.000,0.000,37,FWD,READY,0.000,0.000,0.000,0.000,0.422,0.124,3.399,37,0.705,561,2.742,21.3
DATA,MOTOR_BREAKIN_V3,000001,43459,512,513,0.000,0.000,0.000,0.000,0.000,37,FWD,READY,0.000,0.000,0.000,0.000,0.422,0.124,3.399,37,0.705,561,2.742,21.3
DATA,MOTOR_BREAKIN_V3,000001,43459,513,514,0.000,0.000,0.000,0.000,0.000,37,FWD,READY,0.000,0.000,0.000,0.000,0.422,0.124,3.399,37,0.705,561,2.742,21.3
DATA,MOTOR_BREAKIN_V3,000001,43459,513,514,0.000,0.000,0.000,0.000,0.000,37,FWD,READY,0.000,0.000,0.000,0.000,0.422,0.124,3.399,37,0.705,561,2.742,21.3
DATA,MOTOR_BREAKIN_V3,000001,43459,514,514,0.000,0.000,0.000,0.000,0.000,37,FWD,READY,0.000,0.000,0.000,0.000,0.422,0.124,3.399,37,0.705,561,2.742,21.3
DATA,MOTOR_BREAKIN_V3,000001,43459,513,514,0.000,0.000,0.000,0.000,0.000,37,FWD,READY,0.000,0.000,0.000,0.000,0.422,0.124,3.399,37,0.705,561,2.742,21.3
DATA,MOTOR_BREAKIN_V3,000001,43459,513,514,0.000,0.000,0.000,0.000,0.000,37,FWD,READY,0.000,0.000,0.000,0.000,0.422,0.124,3.399,37,0.705,561,2.742,21.3
DATA,MOTOR_BREAKIN_V3,000001,43459,513,513,0.000,0.000,0.000,0.000,0.000,37,FWD,READY,0.000,0.000,0.000,0.000,0.422,0.124,3.399,37,0.705,561,2.742,21.3
DATA,MOTOR_BREAKIN_V3,000001,43459,513,514,0.000,0.000,0.000,0.000,0.000,37,FWD,READY,0.000,0.000,0.000,0.000,0.422,0.124,3.399,37,0.705,561,2.742,21.3
DATA,MOTOR_BREAKIN_V3,000001,43459,513,514,0.000,0.000,0.000,0.000,0.000,37,FWD,READY,0.000,0.000,0.000,0.000,0.422,0.124,3.399,37,0.705,561,2.742,21.3
DATA,MOTOR_BREAKIN_V3,000001,43459,513,513,0.000,0.000,0.000,0.000,0.000,37,FWD,READY,0.000,0.000,0.000,0.000,0.422,0.124,3.399,37,0.705,561,2.742,21.3
DATA,MOTOR_BREAKIN_V3,000001,43459,512,514,0.000,0.000,0.000,0.000,0.000,37,FWD,READY,0.000,0.000,0.000,0.000,0.422,0.124,3.399,37,0.705,561,2.742,21.3
DATA,MOTOR_BREAKIN_V3,000001,43459,512,514,0.000,0.000,0.000,0.000,0.000,37,FWD,READY,0.000,0.000,0.000,0.000,0.422,0.124,3.399,37,0.705,561,2.742,21.3
DATA,MOTOR_BREAKIN_V3,000001,43459,513,514,0.000,0.000,0.000,0.000,0.000,37,FWD,READY,0.000,0.000,0.000,0.000,0.422,0.124,3.399,37,0.705,561,2.742,21.3
DATA,MOTOR_BREAKIN_V3,000001,43459,513,513,0.000,0.000,0.000,0.000,0.000,37,FWD,READY,0.000,0.000,0.000,0.000,0.422,0.124,3.399,37,0.705,561,2.742,21.3
DATA,MOTOR_BREAKIN_V3,000001,43459,512,514,0.000,0.000,0.000,0.000,0.000,37,FWD,READY,0.000,0.000,0.000,0.000,0.422,0.124,3.399,37,0.705,561,2.742,21.3
DATA,MOTOR_BREAKIN_V3,000001,43459,512,514,0.000,0.000,0.000,0.000,0.000,37,FWD,READY,0.000,0.000,0.000,0.000,0.422,0.124,3.399,37,0.705,561,2.742,21.3
DATA,MOTOR_BREAKIN_V3,000001,43459,512,514,0.000,0.000,0.000,0.000,0.000,37,FWD,READY,0.000,0.000,0.000,0.000,0.422,0.124,3.399,37,0.705,561,2.742,21.3
DATA,MOTOR_BREAKIN_V3,000001,43459,512,514,0.000,0.000,0.000,0.000,0.000,37,FWD,READY,0.000,0.000,0.000,0.000,0.422,0.124,3.399,37,0.705,561,2.742,21.3
DATA,MOTOR_BREAKIN_V3,000001,43459,512,514,0.000,0.000,0.000,0.000,0.000,37,FWD,READY,0.000,0.000,0.000,0.000,0.422,0.124,3.399,37,0.705,561,2.742,21.3
DATA,MOTOR_BREAKIN_V3,000001,43459,512,514,0.000,0.000,0.000,0.000,0.000,37,FWD,READY,0.000,0.000,0.000,0.000,0.422,0.124,3.399,37,0.705,561,2.742,21.3
DATA,MOTOR_BREAKIN_V3,000001,43459,512,514,0.000,0.000,0.000,0.000,0.000,37,FWD,READY,0.000,0.000,0.000,0.000,0.422,0.124,3.399,37,0.705,561,2.742,21.3
DATA,MOTOR_BREAKIN_V3,000001,43459,512,514,0.000,0.000,0.000,0.000,0.000,37,FWD,READY,0.000,0.000,0.000,0.000,0.422,0.124,3.399,37,0.705,561,2.742,21.3
DATA,MOTOR_BREAKIN_V3,000001,43459,513,513,0.000,0.000,0.000,0.000,0.000,37,FWD,READY,0.000,0.000,0.000,0.000,0.422,0.124,3.399,37,0.705,561,2.742,21.3
DATA,MOTOR_BREAKIN_V3,000001,43459,512,514,0.000,0.000,0.000,0.000,0.000,37,FWD,READY,0.000,0.000,0.000,0.000,0.422,0.124,3.399,37,0.705,561,2.742,21.3
DATA,MOTOR_BREAKIN_V3,000001,43459,512,514,0.000,0.000,0.000,0.000,0.000,37,FWD,READY,0.000,0.000,0.000,0.000,0.422,0.124,3.399,37,0.705,561,2.742,21.3
DATA,MOTOR_BREAKIN_V3,000001,43459,512,514,0.000,0.000,0.000,0.000,0.000,37,FWD,READY,0.000,0.000,0.000,0.000,0.422,0.124,3.399,37,0.705,561,2.742,21.3
DATA,MOTOR_BREAKIN_V3,000001,43459,513,513,0.000,0.000,0.000,0.000,0.000,37,FWD,READY,0.000,0.000,0.000,0.000,0.422,0.124,3.399,37,0.705,561,2.742,21.3
DATA,MOTOR_BREAKIN_V3,000001,43459,513,514,0.000,0.000,0.000,0.000,0.000,37,FWD,READY,0.000,0.000,0.000,0.000,0.422,0.124,3.399,37,0.705,561,2.742,21.2
DATA,MOTOR_BREAKIN_V3,000001,43459,512,513,0.000,0.000,0.000,0.000,0.000,37,FWD,READY,0.000,0.000,0.000,0.000,0.422,0.124,3.399,37,0.705,561,2.742,21.3
DATA,MOTOR_BREAKIN_V3,000001,43459,512,514,0.000,0.000,0.000,0.000,0.000,37,FWD,READY,0.000,0.000,0.000,0.000,0.422,0.124,3.399,37,0.705,561,2.742,21.3
DATA,MOTOR_BREAKIN_V3,000001,43459,512,513,0.000,0.000,0.000,0.000,0.000,37,FWD,READY,0.000,0.000,0.000,0.000,0.422,0.124,3.399,37,0.705,561,2.742,21.3
DATA,MOTOR_BREAKIN_V3,000001,43459,513,514,0.000,0.000,0.000,0.000,0.000,37,FWD,READY,0.000,0.000,0.000,0.000,0.422,0.124,3.399,37,0.705,561,2.742,21.3
DATA,MOTOR_BREAKIN_V3,000001,43459,512,514,0.000,0.000,0.000,0.000,0.000,37,FWD,READY,0.000,0.000,0.000,0.000,0.422,0.124,3.399,37,0.705,561,2.742,21.3
DATA,MOTOR_BREAKIN_V3,000001,43459,513,513,0.000,0.000,0.000,0.000,0.000,37,FWD,READY,0.000,0.000,0.000,0.000,0.422,0.124,3.399,37,0.705,561,2.742,21.3
DATA,MOTOR_BREAKIN_V3,000001,43459,513,514,0.000,0.000,0.000,0.000,0.000,37,FWD,READY,0.000,0.000,0.000,0.000,0.422,0.124,3.399,37,0.705,561,2.742,21.3
DATA,MOTOR_BREAKIN_V3,000001,43459,513,513,0.000,0.000,0.000,0.000,0.000,37,FWD,READY,0.000,0.000,0.000,0.000,0.422,0.124,3.399,37,0.705,561,2.742,21.3
DATA,MOTOR_BREAKIN_V3,000001,43459,513,514,0.000,0.000,0.000,0.000,0.000,37,FWD,READY,0.000,0.000,0.000,0.000,0.422,0.124,3.399,37,0.705,561,2.742,21.2
DATA,MOTOR_BREAKIN_V3,000001,43459,512,513,0.000,0.000,0.000,0.000,0.000,37,FWD,READY,0.000,0.000,0.000,0.000,0.422,0.124,3.399,37,0.705,561,2.742,21.3
DATA,MOTOR_BREAKIN_V3,000001,43459,513,514,0.000,0.000,0.000,0.000,0.000,37,FWD,READY,0.000,0.000,0.000,0.000,0.422,0.124,3.399,37,0.705,561,2.742,21.2
DATA,MOTOR_BREAKIN_V3,000001,43459,513,515,0.000,0.000,0.000,0.000,0.000,37,FWD,READY,0.000,0.000,0.000,0.000,0.422,0.124,3.399,37,0.705,561,2.742,21.3
DATA,MOTOR_BREAKIN_V3,000001,43459,512,514,0.000,0.000,0.000,0.000,0.000,37,FWD,READY,0.000,0.000,0.000,0.000,0.422,0.124,3.399,37,0.705,561,2.742,21.2
DATA,MOTOR_BREAKIN_V3,000001,43459,513,514,0.000,0.000,0.000,0.000,0.000,37,FWD,READY,0.000,0.000,0.000,0.000,0.422,0.124,3.399,37,0.705,561,2.742,21.2
DATA,MOTOR_BREAKIN_V3,000001,43459,512,514,0.000,0.000,0.000,0.000,0.000,37,FWD,READY,0.000,0.000,0.000,0.000,0.422,0.124,3.399,37,0.705,561,2.742,21.3
DATA,MOTOR_BREAKIN_V3,000001,43459,512,513,0.000,0.000,0.000,0.000,0.000,37,FWD,READY,0.000,0.000,0.000,0.000,0.422,0.124,3.399,37,0.705,561,2.742,21.2
DATA,MOTOR_BREAKIN_V3,000001,43459,513,514,0.000,0.000,0.000,0.000,0.000,37,FWD,READY,0.000,0.000,0.000,0.000,0.422,0.124,3.399,37,0.705,561,2.742,21.2
DATA,MOTOR_BREAKIN_V3,000001,43459,512,513,0.000,0.000,0.000,0.000,0.000,37,FWD,READY,0.000,0.000,0.000,0.000,0.422,0.124,3.399,37,0.705,561,2.742,21.2
DATA,MOTOR_BREAKIN_V3,000001,43459,513,513,0.000,0.000,0.000,0.000,0.000,37,FWD,READY,0.000,0.000,0.000,0.000,0.422,0.124,3.399,37,0.705,561,2.742,21.2
DATA,MOTOR_BREAKIN_V3,000001,43459,513,514,0.000,0.000,0.000,0.000,0.000,37,FWD,READY,0.000,0.000,0.000,0.000,0.422,0.124,3.399,37,0.705,561,2.742,21.2
DATA,MOTOR_BREAKIN_V3,000001,43459,513,514,0.000,0.000,0.000,0.000,0.000,37,FWD,READY,0.000,0.000,0.000,0.000,0.422,0.124,3.399,37,0.705,561,2.742,21.2
DATA,MOTOR_BREAKIN_V3,000001,43459,513,514,0.000,0.000,0.000,0.000,0.000,37,FWD,READY,0.000,0.000,0.000,0.000,0.422,0.124,3.399,37,0.705,561,2.742,21.2
DATA,MOTOR_BREAKIN_V3,000001,43459,513,513,0.000,0.000,0.000,0.000,0.000,37,FWD,READY,0.000,0.000,0.000,0.000,0.422,0.124,3.399,37,0.705,561,2.742,21.2
DATA,MOTOR_BREAKIN_V3,000001,43459,513,514,0.000,0.000,0.000,0.000,0.000,37,FWD,READY,0.000,0.000,0.000,0.000,0.422,0.124,3.399,37,0.705,561,2.742,21.2
DATA,MOTOR_BREAKIN_V3,000001,43459,512,513,0.000,0.000,0.000,0.000,0.000,37,FWD,READY,0.000,0.000,0.000,0.000,0.422,0.124,3.399,37,0.705,561,2.742,21.2
DATA,MOTOR_BREAKIN_V3,000001,43459,512,513,0.000,0.000,0.000,0.000,0.000,37,FWD,READY,0.000,0.000,0.000,0.000,0.422,0.124,3.399,37,0.705,561,2.742,21.2
DATA,MOTOR_BREAKIN_V3,000001,43459,513,513,0.000,0.000,0.000,0.000,0.000,37,FWD,READY,0.000,0.000,0.000,0.000,0.422,0.124,3.399,37,0.705,561,2.742,21.2
DATA,MOTOR_BREAKIN_V3,000001,43459,512,514,0.000,0.000,0.000,0.000,0.000,37,FWD,READY,0.000,0.000,0.000,0.000,0.422,0.124,3.399,37,0.705,561,2.742,21.2
DATA,MOTOR_BREAKIN_V3,000001,43459,513,513,0.000,0.000,0.000,0.000,0.000,37,FWD,READY,0.000,0.000,0.000,0.000,0.422,0.124,3.399,37,0.705,561,2.742,21.2
DATA,MOTOR_BREAKIN_V3,000001,43459,512,514,0.000,0.000,0.000,0.000,0.000,37,FWD,READY,0.000,0.000,0.000,0.000,0.422,0.124,3.399,37,0.705,561,2.742,21.2
DATA,MOTOR_BREAKIN_V3,000001,43459,513,514,0.000,0.000,0.000,0.000,0.000,37,FWD,READY,0.000,0.000,0.000,0.000,0.422,0.124,3.399,37,0.705,561,2.742,21.2
DATA,MOTOR_BREAKIN_V3,000001,43459,512,513,0.000,0.000,0.000,0.000,0.000,37,FWD,READY,0.000,0.000,0.000,0.000,0.422,0.124,3.399,37,0.705,561,2.742,21.2
DATA,MOTOR_BREAKIN_V3,000001,43459,513,514,0.000,0.000,0.000,0.000,0.000,37,FWD,READY,0.000,0.000,0.000,0.000,0.422,0.124,3.399,37,0.705,561,2.742,21.2
DATA,MOTOR_BREAKIN_V3,000001,43459,513,514,0.000,0.000,0.000,0.000,0.000,37,FWD,READY,0.000,0.000,0.000,0.000,0.422,0.124,3.399,37,0.705,561,2.742,21.2
DATA,MOTOR_BREAKIN_V3,000001,43459,512,513,0.000,0.000,0.000,0.000,0.000,37,FWD,READY,0.000,0.000,0.000,0.000,0.422,0.124,3.399,37,0.705,561,2.742,21.2
DATA,MOTOR_BREAKIN_V3,000001,43459,513,514,0.000,0.000,0.000,0.000,0.000,37,FWD,READY,0.000,0.000,0.000,0.000,0.422,0.124,3.399,37,0.705,561,2.742,21.2
DATA,MOTOR_BREAKIN_V3,000001,43459,513,514,0.000,0.000,0.000,0.000,0.000,37,FWD,READY,0.000,0.000,0.000,0.000,0.422,0.124,3.399,37,0.705,561,2.742,21.2
DATA,MOTOR_BREAKIN_V3,000001,43459,512,513,0.000,0.000,0.000,0.000,0.000,37,FWD,READY,0.000,0.000,0.000,0.000,0.422,0.124,3.399,37,0.705,561,2.742,21.2
DATA,MOTOR_BREAKIN_V3,000001,43459,512,513,0.000,0.000,0.000,0.000,0.000,37,FWD,READY,0.000,0.000,0.000,0.000,0.422,0.124,3.399,37,0.705,561,2.742,21.2
DATA,MOTOR_BREAKIN_V3,000001,43459,513,514,0.000,0.000,0.000,0.000,0.000,37,FWD,READY,0.000,0.000,0.000,0.000,0.422,0.124,3.399,37,0.705,561,2.742,21.2
DATA,MOTOR_BREAKIN_V3,000001,43459,512,514,0.000,0.000,0.000,0.000,0.000,37,FWD,READY,0.000,0.000,0.000,0.000,0.422,0.124,3.399,37,0.705,561,2.742,21.2
DATA,MOTOR_BREAKIN_V3,000001,43459,512,514,0.000,0.000,0.000,0.000,0.000,37,FWD,READY,0.000,0.000,0.000,0.000,0.422,0.124,3.399,37,0.705,561,2.742,21.2
DATA,MOTOR_BREAKIN_V3,000001,43459,512,513,0.000,0.000,0.000,0.000,0.000,37,FWD,READY,0.000,0.000,0.000,0.000,0.422,0.124,3.399,37,0.705,561,2.742,21.2
DATA,MOTOR_BREAKIN_V3,000001,43459,513,513,0.000,0.000,0.000,0.000,0.000,37,FWD,READY,0.000,0.000,0.000,0.000,0.422,0.124,3.399,37,0.705,561,2.742,21.2
DATA,MOTOR_BREAKIN_V3,000001,43459,512,514,0.000,0.000,0.000,0.000,0.000,37,FWD,READY,0.000,0.000,0.000,0.000,0.422,0.124,3.399,37,0.705,561,2.742,21.2
DATA,MOTOR_BREAKIN_V3,000001,43459,512,513,0.000,0.000,0.000,0.000,0.000,37,FWD,READY,0.000,0.000,0.000,0.000,0.422,0.124,3.399,37,0.705,561,2.742,21.2
DATA,MOTOR_BREAKIN_V3,000001,43459,512,513,0.000,0.000,0.000,0.000,0.000,37,FWD,READY,0.000,0.000,0.000,0.000,0.422,0.124,3.399,37,0.705,561,2.742,21.2
DATA,MOTOR_BREAKIN_V3,000001,43459,512,514,0.000,0.000,0.000,0.000,0.000,37,FWD,READY,0.000,0.000,0.000,0.000,0.422,0.124,3.399,37,0.705,561,2.742,21.2
DATA,MOTOR_BREAKIN_V3,000001,43459,512,514,0.000,0.000,0.000,0.000,0.000,37,FWD,READY,0.000,0.000,0.000,0.000,0.422,0.124,3.399,37,0.705,561,2.742,21.2
DATA,MOTOR_BREAKIN_V3,000001,43459,513,514,0.000,0.000,0.000,0.000,0.000,37,FWD,READY,0.000,0.000,0.000,0.000,0.422,0.124,3.399,37,0.705,561,2.742,21.2
DATA,MOTOR_BREAKIN_V3,000001,43459,512,513,0.000,0.000,0.000,0.000,0.000,37,FWD,READY,0.000,0.000,0.000,0.000,0.422,0.124,3.399,37,0.705,561,2.742,21.2
DATA,MOTOR_BREAKIN_V3,000001,43459,512,513,0.000,0.000,0.000,0.000,0.000,37,FWD,READY,0.000,0.000,0.000,0.000,0.422,0.124,3.399,37,0.705,561,2.742,21.2
DATA,MOTOR_BREAKIN_V3,000001,43459,513,513,0.000,0.000,0.000,0.000,0.000,37,FWD,READY,0.000,0.000,0.000,0.000,0.422,0.124,3.399,37,0.705,561,2.742,21.2
DATA,MOTOR_BREAKIN_V3,000001,43459,512,513,0.000,0.000,0.000,0.000,0.000,37,FWD,READY,0.000,0.000,0.000,0.000,0.422,0.124,3.399,37,0.705,561,2.742,21.2
DATA,MOTOR_BREAKIN_V3,000001,43459,512,514,0.000,0.000,0.000,0.000,0.000,37,FWD,READY,0.000,0.000,0.000,0.000,0.422,0.124,3.399,37,0.705,561,2.742,21.2
DATA,MOTOR_BREAKIN_V3,000001,43459,513,514,0.000,0.000,0.000,0.000,0.000,37,FWD,READY,0.000,0.000,0.000,0.000,0.422,0.124,3.399,37,0.705,561,2.742,21.2
DATA,MOTOR_BREAKIN_V3,000001,43459,512,513,0.000,0.000,0.000,0.000,0.000,37,FWD,READY,0.000,0.000,0.000,0.000,0.422,0.124,3.399,37,0.705,561,2.742,21.2
DATA,MOTOR_BREAKIN_V3,000001,43459,513,514,0.000,0.000,0.000,0.000,0.000,37,FWD,READY,0.000,0.000,0.000,0.000,0.422,0.124,3.399,37,0.705,561,2.742,21.2
DATA,MOTOR_BREAKIN_V3,000001,43459,512,513,0.000,0.000,0.000,0.000,0.000,37,FWD,READY,0.000,0.000,0.000,0.000,0.422,0.124,3.399,37,0.705,561,2.742,21.2
DATA,MOTOR_BREAKIN_V3,000001,43459,514,513,0.000,0.000,0.000,0.000,0.000,37,FWD,READY,0.000,0.000,0.000,0.000,0.422,0.124,3.399,37,0.705,561,2.742,21.2
DATA,MOTOR_BREAKIN_V3,000001,43459,513,514,0.000,0.000,0.000,0.000,0.000,37,FWD,READY,0.000,0.000,0.000,0.000,0.422,0.124,3.399,37,0.705,561,2.742,21.2
OK
DATA,MOTOR_BREAKIN_V3,000001,43459,512,514,0.000,0.000,0.000,0.000,0.000,33,FWD,READY,0.000,0.000,0.000,0.000,0.422,0.124,3.399,37,0.705,561,2.742,21.2
DATA,MOTOR_BREAKIN_V3,000001,43459,513,513,0.000,0.000,0.000,0.000,0.000,33,FWD,READY,0.000,0.000,0.000,0.000,0.422,0.124,3.399,37,0.705,561,2.742,21.2
DATA,MOTOR_BREAKIN_V3,000001,43459,513,513,0.000,0.000,0.000,0.000,0.000,33,FWD,READY,0.000,0.000,0.000,0.000,0.422,0.124,3.399,37,0.705,561,2.742,21.1
DATA,MOTOR_BREAKIN_V3,000001,43459,513,514,0.000,0.000,0.000,0.000,0.000,33,FWD,READY,0.000,0.000,0.000,0.000,0.422,0.124,3.399,37,0.705,561,2.742,21.2
DATA,MOTOR_BREAKIN_V3,000001,43459,513,513,0.000,0.000,0.000,0.000,0.000,33,FWD,READY,0.000,0.000,0.000,0.000,0.422,0.124,3.399,37,0.705,561,2.742,21.1
DATA,MOTOR_BREAKIN_V3,000001,43459,512,514,0.000,0.000,0.000,0.000,0.000,33,FWD,READY,0.000,0.000,0.000,0.000,0.422,0.124,3.399,37,0.705,561,2.742,21.2
DATA,MOTOR_BREAKIN_V3,000001,43459,513,514,0.000,0.000,0.000,0.000,0.000,33,FWD,READY,0.000,0.000,0.000,0.000,0.422,0.124,3.399,37,0.705,561,2.742,21.2
DATA,MOTOR_BREAKIN_V3,000001,43459,513,513,0.000,0.000,0.000,0.000,0.000,33,FWD,READY,0.000,0.000,0.000,0.000,0.422,0.124,3.399,37,0.705,561,2.742,21.1
DATA,MOTOR_BREAKIN_V3,000001,43459,514,514,0.000,0.000,0.000,0.000,0.000,33,FWD,READY,0.000,0.000,0.000,0.000,0.422,0.124,3.399,37,0.705,561,2.742,21.2
DATA,MOTOR_BREAKIN_V3,000001,43459,512,513,0.000,0.000,0.000,0.000,0.000,33,FWD,READY,0.000,0.000,0.000,0.000,0.422,0.124,3.399,37,0.705,561,2.742,21.1
DATA,MOTOR_BREAKIN_V3,000001,43459,512,513,0.000,0.000,0.000,0.000,0.000,33,FWD,READY,0.000,0.000,0.000,0.000,0.422,0.124,3.399,37,0.705,561,2.742,21.1
DATA,MOTOR_BREAKIN_V3,000001,43459,513,514,0.000,0.000,0.000,0.000,0.000,33,FWD,READY,0.000,0.000,0.000,0.000,0.422,0.124,3.399,37,0.705,561,2.742,21.1
DATA,MOTOR_BREAKIN_V3,000001,43459,513,513,0.000,0.000,0.000,0.000,0.000,33,FWD,READY,0.000,0.000,0.000,0.000,0.422,0.124,3.399,37,0.705,561,2.742,21.1
DATA,MOTOR_BREAKIN_V3,000001,43459,513,514,0.000,0.000,0.000,0.000,0.000,33,FWD,READY,0.000,0.000,0.000,0.000,0.422,0.124,3.399,37,0.705,561,2.742,21.1
DATA,MOTOR_BREAKIN_V3,000001,43459,512,514,0.000,0.000,0.000,0.000,0.000,33,FWD,READY,0.000,0.000,0.000,0.000,0.422,0.124,3.399,37,0.705,561,2.742,21.1
DATA,MOTOR_BREAKIN_V3,000001,43459,512,513,0.000,0.000,0.000,0.000,0.000,33,FWD,READY,0.000,0.000,0.000,0.000,0.422,0.124,3.399,37,0.705,561,2.742,21.1
DATA,MOTOR_BREAKIN_V3,000001,43459,513,513,0.000,0.000,0.000,0.000,0.000,33,FWD,READY,0.000,0.000,0.000,0.000,0.422,0.124,3.399,37,0.705,561,2.742,21.1
DATA,MOTOR_BREAKIN_V3,000001,43459,513,514,0.000,0.000,0.000,0.000,0.000,33,FWD,READY,0.000,0.000,0.000,0.000,0.422,0.124,3.399,37,0.705,561,2.742,21.1
DATA,MOTOR_BREAKIN_V3,000001,43459,513,513,0.000,0.000,0.000,0.000,0.000,33,FWD,READY,0.000,0.000,0.000,0.000,0.422,0.124,3.399,37,0.705,561,2.742,21.1
DATA,MOTOR_BREAKIN_V3,000001,43459,512,514,0.000,0.000,0.000,0.000,0.000,33,FWD,READY,0.000,0.000,0.000,0.000,0.422,0.124,3.399,37,0.705,561,2.742,21.1
DATA,MOTOR_BREAKIN_V3,000001,43459,512,513,0.000,0.000,0.000,0.000,0.000,33,FWD,READY,0.000,0.000,0.000,0.000,0.422,0.124,3.399,37,0.705,561,2.742,21.1
DATA,MOTOR_BREAKIN_V3,000001,43459,513,514,0.000,0.000,0.000,0.000,0.000,33,FWD,READY,0.000,0.000,0.000,0.000,0.422,0.124,3.399,37,0.705,561,2.742,21.1
DATA,MOTOR_BREAKIN_V3,000001,43459,512,513,0.000,0.000,0.000,0.000,0.000,33,FWD,READY,0.000,0.000,0.000,0.000,0.422,0.124,3.399,37,0.705,561,2.742,21.1
DATA,MOTOR_BREAKIN_V3,000001,43459,513,514,0.000,0.000,0.000,0.000,0.000,33,FWD,READY,0.000,0.000,0.000,0.000,0.422,0.124,3.399,37,0.705,561,2.742,21.1
DATA,MOTOR_BREAKIN_V3,000001,43459,512,513,0.000,0.000,0.000,0.000,0.000,33,FWD,READY,0.000,0.000,0.000,0.000,0.422,0.124,3.399,37,0.705,561,2.742,21.1
DATA,MOTOR_BREAKIN_V3,000001,43459,512,514,0.000,0.000,0.000,0.000,0.000,33,FWD,READY,0.000,0.000,0.000,0.000,0.422,0.124,3.399,37,0.705,561,2.742,21.1
DATA,MOTOR_BREAKIN_V3,000001,43459,513,514,0.000,0.000,0.000,0.000,0.000,33,FWD,READY,0.000,0.000,0.000,0.000,0.422,0.124,3.399,37,0.705,561,2.742,21.1
DATA,MOTOR_BREAKIN_V3,000001,43459,513,514,0.000,0.000,0.000,0.000,0.000,33,FWD,READY,0.000,0.000,0.000,0.000,0.422,0.124,3.399,37,0.705,561,2.742,21.1
DATA,MOTOR_BREAKIN_V3,000001,43459,513,514,0.000,0.000,0.000,0.000,0.000,33,FWD,READY,0.000,0.000,0.000,0.000,0.422,0.124,3.399,37,0.705,561,2.742,21.1
DATA,MOTOR_BREAKIN_V3,000001,43459,512,513,0.000,0.000,0.000,0.000,0.000,33,FWD,READY,0.000,0.000,0.000,0.000,0.422,0.124,3.399,37,0.705,561,2.742,21.1
DATA,MOTOR_BREAKIN_V3,000001,43459,512,514,0.000,0.000,0.000,0.000,0.000,33,FWD,READY,0.000,0.000,0.000,0.000,0.422,0.124,3.399,37,0.705,561,2.742,21.1
DATA,MOTOR_BREAKIN_V3,000001,43459,512,513,0.000,0.000,0.000,0.000,0.000,33,FWD,READY,0.000,0.000,0.000,0.000,0.422,0.124,3.399,37,0.705,561,2.742,21.1
DATA,MOTOR_BREAKIN_V3,000001,43459,512,513,0.000,0.000,0.000,0.000,0.000,33,FWD,READY,0.000,0.000,0.000,0.000,0.422,0.124,3.399,37,0.705,561,2.742,21.1
DATA,MOTOR_BREAKIN_V3,000001,43459,512,513,0.000,0.000,0.000,0.000,0.000,33,FWD,READY,0.000,0.000,0.000,0.000,0.422,0.124,3.399,37,0.705,561,2.742,21.1
DATA,MOTOR_BREAKIN_V3,000001,43459,513,513,0.000,0.000,0.000,0.000,0.000,33,FWD,READY,0.000,0.000,0.000,0.000,0.422,0.124,3.399,37,0.705,561,2.742,21.1
DATA,MOTOR_BREAKIN_V3,000001,43459,512,514,0.000,0.000,0.000,0.000,0.000,33,FWD,READY,0.000,0.000,0.000,0.000,0.422,0.124,3.399,37,0.705,561,2.742,21.1
DATA,MOTOR_BREAKIN_V3,000001,43459,513,514,0.000,0.000,0.000,0.000,0.000,33,FWD,READY,0.000,0.000,0.000,0.000,0.422,0.124,3.399,37,0.705,561,2.742,21.1
DATA,MOTOR_BREAKIN_V3,000001,43459,513,513,0.000,0.000,0.000,0.000,0.000,33,FWD,READY,0.000,0.000,0.000,0.000,0.422,0.124,3.399,37,0.705,561,2.742,21.1
DATA,MOTOR_BREAKIN_V3,000001,43459,512,514,0.000,0.000,0.000,0.000,0.000,33,FWD,READY,0.000,0.000,0.000,0.000,0.422,0.124,3.399,37,0.705,561,2.742,21.1
DATA,MOTOR_BREAKIN_V3,000001,43459,513,513,0.000,0.000,0.000,0.000,0.000,33,FWD,READY,0.000,0.000,0.000,0.000,0.422,0.124,3.399,37,0.705,561,2.742,21.1
DATA,MOTOR_BREAKIN_V3,000001,43459,513,514,0.000,0.000,0.000,0.000,0.000,33,FWD,READY,0.000,0.000,0.000,0.000,0.422,0.124,3.399,37,0.705,561,2.742,21.1
DATA,MOTOR_BREAKIN_V3,000001,43459,512,514,0.000,0.000,0.000,0.000,0.000,33,FWD,READY,0.000,0.000,0.000,0.000,0.422,0.124,3.399,37,0.705,561,2.742,21.1
DATA,MOTOR_BREAKIN_V3,000001,43459,513,513,0.000,0.000,0.000,0.000,0.000,33,FWD,READY,0.000,0.000,0.000,0.000,0.422,0.124,3.399,37,0.705,561,2.742,21.1
DATA,MOTOR_BREAKIN_V3,000001,43459,513,514,0.000,0.000,0.000,0.000,0.000,33,FWD,READY,0.000,0.000,0.000,0.000,0.422,0.124,3.399,37,0.705,561,2.742,21.1
DATA,MOTOR_BREAKIN_V3,000001,43459,512,514,0.000,0.000,0.000,0.000,0.000,33,FWD,READY,0.000,0.000,0.000,0.000,0.422,0.124,3.399,37,0.705,561,2.742,21.1
DATA,MOTOR_BREAKIN_V3,000001,43459,513,513,0.000,0.000,0.000,0.000,0.000,33,FWD,READY,0.000,0.000,0.000,0.000,0.422,0.124,3.399,37,0.705,561,2.742,21.1
DATA,MOTOR_BREAKIN_V3,000001,43459,513,514,0.000,0.000,0.000,0.000,0.000,33,FWD,READY,0.000,0.000,0.000,0.000,0.422,0.124,3.399,37,0.705,561,2.742,21.1
DATA,MOTOR_BREAKIN_V3,000001,43459,513,513,0.000,0.000,0.000,0.000,0.000,33,FWD,READY,0.000,0.000,0.000,0.000,0.422,0.124,3.399,37,0.705,561,2.742,21.1
DATA,MOTOR_BREAKIN_V3,000001,43459,512,513,0.000,0.000,0.000,0.000,0.000,33,FWD,READY,0.000,0.000,0.000,0.000,0.422,0.124,3.399,37,0.705,561,2.742,21.1
DATA,MOTOR_BREAKIN_V3,000001,43459,512,513,0.000,0.000,0.000,0.000,0.000,33,FWD,READY,0.000,0.000,0.000,0.000,0.422,0.124,3.399,37,0.705,561,2.742,21.1
DATA,MOTOR_BREAKIN_V3,000001,43459,512,514,0.000,0.000,0.000,0.000,0.000,33,FWD,READY,0.000,0.000,0.000,0.000,0.422,0.124,3.399,37,0.705,561,2.742,21.1
DATA,MOTOR_BREAKIN_V3,000001,43459,513,514,0.000,0.000,0.000,0.000,0.000,33,FWD,READY,0.000,0.000,0.000,0.000,0.422,0.124,3.399,37,0.705,561,2.742,21.1
DATA,MOTOR_BREAKIN_V3,000001,43459,513,513,0.000,0.000,0.000,0.000,0.000,33,FWD,READY,0.000,0.000,0.000,0.000,0.422,0.124,3.399,37,0.705,561,2.742,21.1
DATA,MOTOR_BREAKIN_V3,000001,43459,512,514,0.000,0.000,0.000,0.000,0.000,33,FWD,READY,0.000,0.000,0.000,0.000,0.422,0.124,3.399,37,0.705,561,2.742,21.1
DATA,MOTOR_BREAKIN_V3,000001,43459,513,514,0.000,0.000,0.000,0.000,0.000,33,FWD,READY,0.000,0.000,0.000,0.000,0.422,0.124,3.399,37,0.705,561,2.742,21.1
DATA,MOTOR_BREAKIN_V3,000001,43459,513,514,0.000,0.000,0.000,0.000,0.000,33,FWD,READY,0.000,0.000,0.000,0.000,0.422,0.124,3.399,37,0.705,561,2.742,21.1
DATA,MOTOR_BREAKIN_V3,000001,43459,513,514,0.000,0.000,0.000,0.000,0.000,33,FWD,READY,0.000,0.000,0.000,0.000,0.422,0.124,3.399,37,0.705,561,2.742,21.1
DATA,MOTOR_BREAKIN_V3,000001,43459,513,513,0.000,0.000,0.000,0.000,0.000,33,FWD,READY,0.000,0.000,0.000,0.000,0.422,0.124,3.399,37,0.705,561,2.742,21.1
DATA,MOTOR_BREAKIN_V3,000001,43459,513,514,0.000,0.000,0.000,0.000,0.000,33,FWD,READY,0.000,0.000,0.000,0.000,0.422,0.124,3.399,37,0.705,561,2.742,21.1
DATA,MOTOR_BREAKIN_V3,000001,43459,513,514,0.000,0.000,0.000,0.000,0.000,33,FWD,READY,0.000,0.000,0.000,0.000,0.422,0.124,3.399,37,0.705,561,2.742,21.1
DATA,MOTOR_BREAKIN_V3,000001,43459,512,514,0.000,0.000,0.000,0.000,0.000,33,FWD,READY,0.000,0.000,0.000,0.000,0.422,0.124,3.399,37,0.705,561,2.742,21.1
DATA,MOTOR_BREAKIN_V3,000001,43459,513,513,0.000,0.000,0.000,0.000,0.000,33,FWD,READY,0.000,0.000,0.000,0.000,0.422,0.124,3.399,37,0.705,561,2.742,21.1
DATA,MOTOR_BREAKIN_V3,000001,43459,512,514,0.000,0.000,0.000,0.000,0.000,33,FWD,READY,0.000,0.000,0.000,0.000,0.422,0.124,3.399,37,0.705,561,2.742,21.1
DATA,MOTOR_BREAKIN_V3,000001,43459,513,514,0.000,0.000,0.000,0.000,0.000,33,FWD,READY,0.000,0.000,0.000,0.000,0.422,0.124,3.399,37,0.705,561,2.742,21.1
DATA,MOTOR_BREAKIN_V3,000001,43459,513,514,0.000,0.000,0.000,0.000,0.000,33,FWD,READY,0.000,0.000,0.000,0.000,0.422,0.124,3.399,37,0.705,561,2.742,21.1
DATA,MOTOR_BREAKIN_V3,000001,43459,512,514,0.000,0.000,0.000,0.000,0.000,33,FWD,READY,0.000,0.000,0.000,0.000,0.422,0.124,3.399,37,0.705,561,2.742,21.1
DATA,MOTOR_BREAKIN_V3,000001,43459,514,513,0.000,0.000,0.000,0.000,0.000,33,FWD,READY,0.000,0.000,0.000,0.000,0.422,0.124,3.399,37,0.705,561,2.742,21.1
DATA,MOTOR_BREAKIN_V3,000001,43459,512,512,0.000,0.000,0.000,0.000,0.000,33,FWD,READY,0.000,0.000,0.000,0.000,0.422,0.124,3.399,37,0.705,561,2.742,21.1
DATA,MOTOR_BREAKIN_V3,000001,43459,512,513,0.000,0.000,0.000,0.000,0.000,33,FWD,READY,0.000,0.000,0.000,0.000,0.422,0.124,3.399,37,0.705,561,2.742,21.1
DATA,MOTOR_BREAKIN_V3,000001,43459,513,513,0.000,0.000,0.000,0.000,0.000,33,FWD,READY,0.000,0.000,0.000,0.000,0.422,0.124,3.399,37,0.705,561,2.742,21.1
DATA,MOTOR_BREAKIN_V3,000001,43459,512,513,0.000,0.000,0.000,0.000,0.000,33,FWD,READY,0.000,0.000,0.000,0.000,0.422,0.124,3.399,37,0.705,561,2.742,21.1
DATA,MOTOR_BREAKIN_V3,000001,43459,512,514,0.000,0.000,0.000,0.000,0.000,33,FWD,READY,0.000,0.000,0.000,0.000,0.422,0.124,3.399,37,0.705,561,2.742,21.1
DATA,MOTOR_BREAKIN_V3,000001,43459,513,514,0.000,0.000,0.000,0.000,0.000,33,FWD,READY,0.000,0.000,0.000,0.000,0.422,0.124,3.399,37,0.705,561,2.742,21.1
DATA,MOTOR_BREAKIN_V3,000001,43459,512,514,0.000,0.000,0.000,0.000,0.000,33,FWD,READY,0.000,0.000,0.000,0.000,0.422,0.124,3.399,37,0.705,561,2.742,21.1
DATA,MOTOR_BREAKIN_V3,000001,43459,513,514,0.000,0.000,0.000,0.000,0.000,33,FWD,READY,0.000,0.000,0.000,0.000,0.422,0.124,3.399,37,0.705,561,2.742,21.1
DATA,MOTOR_BREAKIN_V3,000001,43459,512,515,0.000,0.000,0.000,0.000,0.000,33,FWD,READY,0.000,0.000,0.000,0.000,0.422,0.124,3.399,37,0.705,561,2.742,21.1
DATA,MOTOR_BREAKIN_V3,000001,43459,513,514,0.000,0.000,0.000,0.000,0.000,33,FWD,READY,0.000,0.000,0.000,0.000,0.422,0.124,3.399,37,0.705,561,2.742,21.1
DATA,MOTOR_BREAKIN_V3,000001,43459,513,513,0.000,0.000,0.000,0.000,0.000,33,FWD,READY,0.000,0.000,0.000,0.000,0.422,0.124,3.399,37,0.705,561,2.742,21.1
DATA,MOTOR_BREAKIN_V3,000001,43459,513,514,0.000,0.000,0.000,0.000,0.000,33,FWD,READY,0.000,0.000,0.000,0.000,0.422,0.124,3.399,37,0.705,561,2.742,21.1
DATA,MOTOR_BREAKIN_V3,000001,43459,513,514,0.000,0.000,0.000,0.000,0.000,33,FWD,READY,0.000,0.000,0.000,0.000,0.422,0.124,3.399,37,0.705,561,2.742,21.1
DATA,MOTOR_BREAKIN_V3,000001,43459,512,514,0.000,0.000,0.000,0.000,0.000,33,FWD,READY,0.000,0.000,0.000,0.000,0.422,0.124,3.399,37,0.705,561,2.742,21.0
DATA,MOTOR_BREAKIN_V3,000001,43459,513,514,0.000,0.000,0.000,0.000,0.000,33,FWD,READY,0.000,0.000,0.000,0.000,0.422,0.124,3.399,37,0.705,561,2.742,21.1
DATA,MOTOR_BREAKIN_V3,000001,43459,513,514,0.000,0.000,0.000,0.000,0.000,33,FWD,READY,0.000,0.000,0.000,0.000,0.422,0.124,3.399,37,0.705,561,2.742,21.1
DATA,MOTOR_BREAKIN_V3,000001,43459,512,513,0.000,0.000,0.000,0.000,0.000,33,FWD,READY,0.000,0.000,0.000,0.000,0.422,0.124,3.399,37,0.705,561,2.742,21.1
DATA,MOTOR_BREAKIN_V3,000001,43459,512,514,0.000,0.000,0.000,0.000,0.000,33,FWD,READY,0.000,0.000,0.000,0.000,0.422,0.124,3.399,37,0.705,561,2.742,21.1
DATA,MOTOR_BREAKIN_V3,000001,43459,512,513,0.000,0.000,0.000,0.000,0.000,33,FWD,READY,0.000,0.000,0.000,0.000,0.422,0.124,3.399,37,0.705,561,2.742,21.0
DATA,MOTOR_BREAKIN_V3,000001,43459,512,513,0.000,0.000,0.000,0.000,0.000,33,FWD,READY,0.000,0.000,0.000,0.000,0.422,0.124,3.399,37,0.705,561,2.742,21.1
DATA,MOTOR_BREAKIN_V3,000001,43459,513,513,0.000,0.000,0.000,0.000,0.000,33,FWD,READY,0.000,0.000,0.000,0.000,0.422,0.124,3.399,37,0.705,561,2.742,21.1
DATA,MOTOR_BREAKIN_V3,000001,43459,512,514,0.000,0.000,0.000,0.000,0.000,33,FWD,READY,0.000,0.000,0.000,0.000,0.422,0.124,3.399,37,0.705,561,2.742,21.0
DATA,MOTOR_BREAKIN_V3,000001,43459,512,514,0.000,0.000,0.000,0.000,0.000,33,FWD,READY,0.000,0.000,0.000,0.000,0.422,0.124,3.399,37,0.705,561,2.742,21.0
DATA,MOTOR_BREAKIN_V3,000001,43459,513,514,0.000,0.000,0.000,0.000,0.000,33,FWD,READY,0.000,0.000,0.000,0.000,0.422,0.124,3.399,37,0.705,561,2.742,21.0
DATA,MOTOR_BREAKIN_V3,000001,43459,513,513,0.000,0.000,0.000,0.000,0.000,33,FWD,READY,0.000,0.000,0.000,0.000,0.422,0.124,3.399,37,0.705,561,2.742,21.0
DATA,MOTOR_BREAKIN_V3,000001,43459,512,514,0.000,0.000,0.000,0.000,0.000,33,FWD,READY,0.000,0.000,0.000,0.000,0.422,0.124,3.399,37,0.705,561,2.742,21.0
DATA,MOTOR_BREAKIN_V3,000001,43459,512,514,0.000,0.000,0.000,0.000,0.000,33,FWD,READY,0.000,0.000,0.000,0.000,0.422,0.124,3.399,37,0.705,561,2.742,21.0
DATA,MOTOR_BREAKIN_V3,000001,43459,513,513,0.000,0.000,0.000,0.000,0.000,33,FWD,READY,0.000,0.000,0.000,0.000,0.422,0.124,3.399,37,0.705,561,2.742,21.1
DATA,MOTOR_BREAKIN_V3,000001,43459,513,514,0.000,0.000,0.000,0.000,0.000,33,FWD,READY,0.000,0.000,0.000,0.000,0.422,0.124,3.399,37,0.705,561,2.742,21.0
DATA,MOTOR_BREAKIN_V3,000001,43459,512,513,0.000,0.000,0.000,0.000,0.000,33,FWD,READY,0.000,0.000,0.000,0.000,0.422,0.124,3.399,37,0.705,561,2.742,21.0
DATA,MOTOR_BREAKIN_V3,000001,43459,513,514,0.000,0.000,0.000,0.000,0.000,33,FWD,READY,0.000,0.000,0.000,0.000,0.422,0.124,3.399,37,0.705,561,2.742,21.0
DATA,MOTOR_BREAKIN_V3,000001,43459,512,514,0.000,0.000,0.000,0.000,0.000,33,FWD,READY,0.000,0.000,0.000,0.000,0.422,0.124,3.399,37,0.705,561,2.742,21.1
DATA,MOTOR_BREAKIN_V3,000001,43459,513,512,0.000,0.000,0.000,0.000,0.000,33,FWD,READY,0.000,0.000,0.000,0.000,0.422,0.124,3.399,37,0.705,561,2.742,21.0
DATA,MOTOR_BREAKIN_V3,000001,43459,513,513,0.000,0.000,0.000,0.000,0.000,33,FWD,READY,0.000,0.000,0.000,0.000,0.422,0.124,3.399,37,0.705,561,2.742,21.0
DATA,MOTOR_BREAKIN_V3,000001,43459,512,514,0.000,0.000,0.000,0.000,0.000,33,FWD,READY,0.000,0.000,0.000,0.000,0.422,0.124,3.399,37,0.705,561,2.742,21.0
DATA,MOTOR_BREAKIN_V3,000001,43459,513,513,0.000,0.000,0.000,0.000,0.000,33,FWD,READY,0.000,0.000,0.000,0.000,0.422,0.124,3.399,37,0.705,561,2.742,21.0
DATA,MOTOR_BREAKIN_V3,000001,43459,513,514,0.000,0.000,0.000,0.000,0.000,33,FWD,READY,0.000,0.000,0.000,0.000,0.422,0.124,3.399,37,0.705,561,2.742,21.0
DATA,MOTOR_BREAKIN_V3,000001,43459,513,513,0.000,0.000,0.000,0.000,0.000,33,FWD,READY,0.000,0.000,0.000,0.000,0.422,0.124,3.399,37,0.705,561,2.742,21.0
DATA,MOTOR_BREAKIN_V3,000001,43459,513,513,0.000,0.000,0.000,0.000,0.000,33,FWD,READY,0.000,0.000,0.000,0.000,0.422,0.124,3.399,37,0.705,561,2.742,21.0
DATA,MOTOR_BREAKIN_V3,000001,43459,512,513,0.000,0.000,0.000,0.000,0.000,33,FWD,READY,0.000,0.000,0.000,0.000,0.422,0.124,3.399,37,0.705,561,2.742,21.0
DATA,MOTOR_BREAKIN_V3,000001,43459,513,513,0.000,0.000,0.000,0.000,0.000,33,FWD,READY,0.000,0.000,0.000,0.000,0.422,0.124,3.399,37,0.705,561,2.742,21.0
DATA,MOTOR_BREAKIN_V3,000001,43459,512,513,0.000,0.000,0.000,0.000,0.000,33,FWD,READY,0.000,0.000,0.000,0.000,0.422,0.124,3.399,37,0.705,561,2.742,21.0
DATA,MOTOR_BREAKIN_V3,000001,43459,512,514,0.000,0.000,0.000,0.000,0.000,33,FWD,READY,0.000,0.000,0.000,0.000,0.422,0.124,3.399,37,0.705,561,2.742,21.0
DATA,MOTOR_BREAKIN_V3,000001,43459,513,514,0.000,0.000,0.000,0.000,0.000,33,FWD,READY,0.000,0.000,0.000,0.000,0.422,0.124,3.399,37,0.705,561,2.742,21.0
DATA,MOTOR_BREAKIN_V3,000001,43459,513,514,0.000,0.000,0.000,0.000,0.000,33,FWD,READY,0.000,0.000,0.000,0.000,0.422,0.124,3.399,37,0.705,561,2.742,21.0
DATA,MOTOR_BREAKIN_V3,000001,43459,513,514,0.000,0.000,0.000,0.000,0.000,33,FWD,READY,0.000,0.000,0.000,0.000,0.422,0.124,3.399,37,0.705,561,2.742,21.0
DATA,MOTOR_BREAKIN_V3,000001,43459,513,513,0.000,0.000,0.000,0.000,0.000,33,FWD,READY,0.000,0.000,0.000,0.000,0.422,0.124,3.399,37,0.705,561,2.742,21.0
DATA,MOTOR_BREAKIN_V3,000001,43459,512,513,0.000,0.000,0.000,0.000,0.000,33,FWD,READY,0.000,0.000,0.000,0.000,0.422,0.124,3.399,37,0.705,561,2.742,21.0
DATA,MOTOR_BREAKIN_V3,000001,43459,513,513,0.000,0.000,0.000,0.000,0.000,33,FWD,READY,0.000,0.000,0.000,0.000,0.422,0.124,3.399,37,0.705,561,2.742,21.0
DATA,MOTOR_BREAKIN_V3,000001,43459,512,513,0.000,0.000,0.000,0.000,0.000,33,FWD,READY,0.000,0.000,0.000,0.000,0.422,0.124,3.399,37,0.705,561,2.742,21.0
DATA,MOTOR_BREAKIN_V3,000001,43459,512,514,0.000,0.000,0.000,0.000,0.000,33,FWD,READY,0.000,0.000,0.000,0.000,0.422,0.124,3.399,37,0.705,561,2.742,21.0
DATA,MOTOR_BREAKIN_V3,000001,43459,513,514,0.000,0.000,0.000,0.000,0.000,33,FWD,READY,0.000,0.000,0.000,0.000,0.422,0.124,3.399,37,0.705,561,2.742,21.0
DATA,MOTOR_BREAKIN_V3,000001,43459,513,514,0.000,0.000,0.000,0.000,0.000,33,FWD,READY,0.000,0.000,0.000,0.000,0.422,0.124,3.399,37,0.705,561,2.742,21.0
DATA,MOTOR_BREAKIN_V3,000001,43459,512,514,0.000,0.000,0.000,0.000,0.000,33,FWD,READY,0.000,0.000,0.000,0.000,0.422,0.124,3.399,37,0.705,561,2.742,21.0
DATA,MOTOR_BREAKIN_V3,000001,43459,514,514,0.000,0.000,0.000,0.000,0.000,33,FWD,READY,0.000,0.000,0.000,0.000,0.422,0.124,3.399,37,0.705,561,2.742,21.0
DATA,MOTOR_BREAKIN_V3,000001,43459,513,514,0.000,0.000,0.000,0.000,0.000,33,FWD,READY,0.000,0.000,0.000,0.000,0.422,0.124,3.399,37,0.705,561,2.742,21.0
DATA,MOTOR_BREAKIN_V3,000001,43459,512,514,0.000,0.000,0.000,0.000,0.000,33,FWD,READY,0.000,0.000,0.000,0.000,0.422,0.124,3.399,37,0.705,561,2.742,21.0
DATA,MOTOR_BREAKIN_V3,000001,43459,513,513,0.000,0.000,0.000,0.000,0.000,33,FWD,READY,0.000,0.000,0.000,0.000,0.422,0.124,3.399,37,0.705,561,2.742,21.0
DATA,MOTOR_BREAKIN_V3,000001,43459,513,513,0.000,0.000,0.000,0.000,0.000,33,FWD,READY,0.000,0.000,0.000,0.000,0.422,0.124,3.399,37,0.705,561,2.742,21.0
DATA,MOTOR_BREAKIN_V3,000001,43459,513,514,0.000,0.000,0.000,0.000,0.000,33,FWD,READY,0.000,0.000,0.000,0.000,0.422,0.124,3.399,37,0.705,561,2.742,21.0
DATA,MOTOR_BREAKIN_V3,000001,43459,513,514,0.000,0.000,0.000,0.000,0.000,33,FWD,READY,0.000,0.000,0.000,0.000,0.422,0.124,3.399,37,0.705,561,2.742,21.0
DATA,MOTOR_BREAKIN_V3,000001,43459,513,514,0.000,0.000,0.000,0.000,0.000,33,FWD,READY,0.000,0.000,0.000,0.000,0.422,0.124,3.399,37,0.705,561,2.742,21.0
DATA,MOTOR_BREAKIN_V3,000001,43459,512,513,0.000,0.000,0.000,0.000,0.000,33,FWD,READY,0.000,0.000,0.000,0.000,0.422,0.124,3.399,37,0.705,561,2.742,21.0
DATA,MOTOR_BREAKIN_V3,000001,43459,513,514,0.000,0.000,0.000,0.000,0.000,33,FWD,READY,0.000,0.000,0.000,0.000,0.422,0.124,3.399,37,0.705,561,2.742,21.0
DATA,MOTOR_BREAKIN_V3,000001,43459,512,514,0.000,0.000,0.000,0.000,0.000,33,FWD,READY,0.000,0.000,0.000,0.000,0.422,0.124,3.399,37,0.705,561,2.742,21.0
DATA,MOTOR_BREAKIN_V3,000001,43459,512,514,0.000,0.000,0.000,0.000,0.000,33,FWD,READY,0.000,0.000,0.000,0.000,0.422,0.124,3.399,37,0.705,561,2.742,21.0
DATA,MOTOR_BREAKIN_V3,000001,43459,513,514,0.000,0.000,0.000,0.000,0.000,33,FWD,READY,0.000,0.000,0.000,0.000,0.422,0.124,3.399,37,0.705,561,2.742,21.0
DATA,MOTOR_BREAKIN_V3,000001,43459,512,514,0.000,0.000,0.000,0.000,0.000,33,FWD,READY,0.000,0.000,0.000,0.000,0.422,0.124,3.399,37,0.705,561,2.742,21.0
DATA,MOTOR_BREAKIN_V3,000001,43459,512,513,0.000,0.000,0.000,0.000,0.000,33,FWD,READY,0.000,0.000,0.000,0.000,0.422,0.124,3.399,37,0.705,561,2.742,21.0
DATA,MOTOR_BREAKIN_V3,000001,43459,512,514,0.000,0.000,0.000,0.000,0.000,33,FWD,READY,0.000,0.000,0.000,0.000,0.422,0.124,3.399,37,0.705,561,2.742,21.0
DATA,MOTOR_BREAKIN_V3,000001,43459,512,513,0.000,0.000,0.000,0.000,0.000,33,FWD,READY,0.000,0.000,0.000,0.000,0.422,0.124,3.399,37,0.705,561,2.742,21.0
DATA,MOTOR_BREAKIN_V3,000001,43459,512,514,0.000,0.000,0.000,0.000,0.000,33,FWD,READY,0.000,0.000,0.000,0.000,0.422,0.124,3.399,37,0.705,561,2.742,21.0
DATA,MOTOR_BREAKIN_V3,000001,43459,513,513,0.000,0.000,0.000,0.000,0.000,33,FWD,READY,0.000,0.000,0.000,0.000,0.422,0.124,3.399,37,0.705,561,2.742,21.0
DATA,MOTOR_BREAKIN_V3,000001,43459,512,514,0.000,0.000,0.000,0.000,0.000,33,FWD,READY,0.000,0.000,0.000,0.000,0.422,0.124,3.399,37,0.705,561,2.742,21.0
DATA,MOTOR_BREAKIN_V3,000001,43459,513,514,0.000,0.000,0.000,0.000,0.000,33,FWD,READY,0.000,0.000,0.000,0.000,0.422,0.124,3.399,37,0.705,561,2.742,21.0
DATA,MOTOR_BREAKIN_V3,000001,43459,512,514,0.000,0.000,0.000,0.000,0.000,33,FWD,READY,0.000,0.000,0.000,0.000,0.422,0.124,3.399,37,0.705,561,2.742,21.0
DATA,MOTOR_BREAKIN_V3,000001,43459,513,514,0.000,0.000,0.000,0.000,0.000,33,FWD,READY,0.000,0.000,0.000,0.000,0.422,0.124,3.399,37,0.705,561,2.742,21.0
DATA,MOTOR_BREAKIN_V3,000001,43459,513,514,0.000,0.000,0.000,0.000,0.000,33,FWD,READY,0.000,0.000,0.000,0.000,0.422,0.124,3.399,37,0.705,561,2.742,21.0
DATA,MOTOR_BREAKIN_V3,000001,43459,513,513,0.000,0.000,0.000,0.000,0.000,33,FWD,READY,0.000,0.000,0.000,0.000,0.422,0.124,3.399,37,0.705,561,2.742,21.0
DATA,MOTOR_BREAKIN_V3,000001,43459,512,513,0.000,0.000,0.000,0.000,0.000,33,FWD,READY,0.000,0.000,0.000,0.000,0.422,0.124,3.399,37,0.705,561,2.742,21.0
DATA,MOTOR_BREAKIN_V3,000001,43459,512,514,0.000,0.000,0.000,0.000,0.000,33,FWD,READY,0.000,0.000,0.000,0.000,0.422,0.124,3.399,37,0.705,561,2.742,21.0
