DATA,MOTOR_BREAKIN_V3,000001,32001,519,522,0.128,0.082,3.900,0.529,3.371,35,FWD,RUN,0.105,0.355,0.026,0.279,0.477,0.145,3.287,35,0.858,550,2.688,25.7
ERROR,UNKNOWN_COMMAND
STOP,FWD
DATA,MOTOR_BREAKIN_V3,000001,32095,519,521,0.128,0.109,3.761,0.557,3.204,35,FWD,STOP,0.119,0.380,0.053,0.251,0.477,0.145,3.287,35,0.858,549,2.683,25.7
OK
RUN,FWD
OK
OK
OK
DATA,MOTOR_BREAKIN_V3,000001,71,514,519,0.261,0.161,1.783,1.226,0.557,56,FWD,RUN,0.211,0.118,0.224,0.585,0.000,0.000,0.000,0,0.858,549,2.683,25.6
OK
DATA,MOTOR_BREAKIN_V3,000001,171,487,504,0.974,0.558,2.842,1.449,1.393,105,FWD,RUN,0.766,1.067,0.766,1.393,0.000,0.000,0.000,0,0.858,549,2.683,25.6
OK
DATA,MOTOR_BREAKIN_V3,000001,271,472,497,1.370,0.743,3.928,1.421,2.507,120,FWD,RUN,1.056,2.649,0.859,1.839,0.000,0.000,0.000,0,0.858,549,2.683,25.6
DATA,MOTOR_BREAKIN_V3,000001,371,477,499,1.238,0.690,5.293,1.282,4.012,120,FWD,RUN,0.964,3.867,0.410,2.396,0.000,0.000,0.000,0,1.083,550,2.688,25.6
OK
DATA,MOTOR_BREAKIN_V3,000001,471,496,510,0.736,0.399,5.655,1.031,4.625,100,FWD,RUN,0.568,2.625,0.542,1.727,0.000,0.000,0.000,0,1.083,550,2.688,25.6
OK
DATA,MOTOR_BREAKIN_V3,000001,571,513,518,0.287,0.188,5.628,0.752,4.875,68,FWD,RUN,0.237,1.158,0.621,1.031,0.000,0.000,0.000,0,1.083,550,2.688,25.6
OK
DATA,MOTOR_BREAKIN_V3,000001,671,520,523,0.102,0.056,4.903,0.501,4.402,35,FWD,RUN,0.079,0.347,0.489,0.641,0.000,0.000,0.000,0,1.083,549,2.683,25.6
DATA,MOTOR_BREAKIN_V3,000001,771,521,523,0.076,0.056,4.903,0.529,4.374,35,FWD,RUN,0.066,0.287,0.198,0.557,0.000,0.000,0.000,0,1.083,549,2.683,25.6
DATA,MOTOR_BREAKIN_V3,000001,871,520,522,0.102,0.082,4.625,0.529,4.095,35,FWD,RUN,0.092,0.377,0.040,0.474,0.000,0.000,0.000,0,1.083,549,2.683,25.6
DATA,MOTOR_BREAKIN_V3,000001,971,520,522,0.102,0.082,4.457,0.529,3.928,35,FWD,RUN,0.092,0.362,0.040,0.279,0.000,0.000,0.000,0,1.083,550,2.688,25.6
DATA,MOTOR_BREAKIN_V3,000001,1071,519,522,0.128,0.082,4.346,0.501,3.845,35,FWD,RUN,0.105,0.405,0.053,0.223,0.000,0.000,0.000,0,1.083,549,2.683,25.6
DATA,MOTOR_BREAKIN_V3,000001,1171,520,522,0.102,0.082,4.346,0.557,3.789,35,FWD,RUN,0.092,0.349,0.040,0.251,0.000,0.000,0.000,0,1.083,549,2.683,25.6
DATA,MOTOR_BREAKIN_V3,000001,1271,519,522,0.128,0.082,4.207,0.529,3.677,35,FWD,RUN,0.105,0.387,0.026,0.195,0.000,0.000,0.000,0,1.083,549,2.683,25.6
DATA,MOTOR_BREAKIN_V3,000001,1371,520,521,0.102,0.109,4.123,0.557,3.566,35,FWD,RUN,0.105,0.376,0.026,0.167,0.000,0.000,0.000,0,1.083,549,2.683,25.6
DATA,MOTOR_BREAKIN_V3,000001,1471,520,522,0.102,0.082,4.179,0.557,3.622,35,FWD,RUN,0.092,0.334,0.041,0.557,0.000,0.000,0.000,0,1.083,549,2.683,25.6
DATA,MOTOR_BREAKIN_V3,000001,1571,521,523,0.076,0.056,4.207,0.557,3.650,35,FWD,RUN,0.066,0.240,0.041,0.474,0.000,0.000,0.000,0,1.083,550,2.688,25.6
DATA,MOTOR_BREAKIN_V3,000001,1671,519,522,0.128,0.082,4.012,0.585,3.427,35,FWD,RUN,0.105,0.361,0.066,0.251,0.000,0.000,0.000,0,1.083,549,2.683,25.6
DATA,MOTOR_BREAKIN_V3,000001,1771,519,521,0.128,0.109,3.956,0.557,3.399,35,FWD,RUN,0.119,0.403,0.094,0.279,0.000,0.000,0.000,0,1.083,550,2.688,25.6
DATA,MOTOR_BREAKIN_V3,000001,1871,519,523,0.128,0.056,3.928,0.557,3.371,35,FWD,RUN,0.092,0.311,0.081,0.334,0.000,0.000,0.000,0,1.083,549,2.683,25.6
DATA,MOTOR_BREAKIN_V3,000001,1971,519,522,0.128,0.082,3.956,0.557,3.399,35,FWD,RUN,0.105,0.358,0.026,0.111,0.000,0.000,0.000,0,1.083,549,2.683,25.6
DATA,MOTOR_BREAKIN_V3,000001,2071,520,523,0.102,0.056,3.956,0.474,3.482,35,FWD,RUN,0.079,0.275,0.026,0.195,0.000,0.000,0.000,0,1.083,550,2.688,25.6
DATA,MOTOR_BREAKIN_V3,000001,2171,519,522,0.128,0.082,3.872,0.557,3.315,35,FWD,RUN,0.105,0.349,0.040,0.251,0.000,0.000,0.000,0,1.083,550,2.688,25.6
DATA,MOTOR_BREAKIN_V3,000001,2271,520,522,0.102,0.082,3.817,0.585,3.232,35,FWD,RUN,0.092,0.298,0.040,0.306,0.000,0.000,0.000,0,1.083,549,2.683,25.6
DATA,MOTOR_BREAKIN_V3,000001,2371,520,522,0.102,0.082,3.900,0.585,3.315,35,FWD,RUN,0.092,0.305,0.040,0.306,0.000,0.000,0.000,0,1.083,549,2.683,25.6
DATA,MOTOR_BREAKIN_V3,000001,2470,519,522,0.128,0.082,3.872,0.557,3.315,35,FWD,RUN,0.105,0.349,0.026,0.111,0.000,0.000,0.000,0,1.083,550,2.688,25.6
DATA,MOTOR_BREAKIN_V3,000001,2571,520,522,0.102,0.082,3.789,0.585,3.204,35,FWD,RUN,0.092,0.295,0.040,0.139,0.000,0.000,0.000,0,1.083,549,2.683,25.6
DATA,MOTOR_BREAKIN_V3,000001,2671,520,522,0.102,0.082,3.872,0.585,3.287,35,FWD,RUN,0.092,0.303,0.026,0.111,0.000,0.000,0.000,0,1.083,550,2.688,25.6
DATA,MOTOR_BREAKIN_V3,000001,2771,519,522,0.128,0.082,3.845,0.585,3.260,35,FWD,RUN,0.105,0.343,0.054,0.139,0.000,0.000,0.000,0,1.083,550,2.688,25.6
DATA,MOTOR_BREAKIN_V3,000001,2871,520,522,0.102,0.082,3.845,0.585,3.260,35,FWD,RUN,0.092,0.300,0.054,0.195,0.000,0.000,0.000,0,1.083,549,2.683,25.6
DATA,MOTOR_BREAKIN_V3,000001,2971,519,522,0.128,0.082,3.761,0.585,3.176,35,FWD,RUN,0.105,0.335,0.026,0.195,0.000,0.000,0.000,0,1.083,549,2.683,25.6
DATA,MOTOR_BREAKIN_V3,000001,3071,519,522,0.128,0.082,3.789,0.557,3.232,35,FWD,RUN,0.105,0.340,0.026,0.251,0.340,0.105,3.232,35,1.083,549,2.683,25.6
DATA,MOTOR_BREAKIN_V3,000001,3171,519,522,0.128,0.082,3.845,0.585,3.260,35,FWD,RUN,0.105,0.343,0.040,0.251,0.393,0.119,3.315,35,1.083,550,2.688,25.6
DATA,MOTOR_BREAKIN_V3,000001,3271,520,522,0.102,0.082,3.872,0.585,3.287,35,FWD,RUN,0.092,0.303,0.026,0.251,0.393,0.119,3.315,35,1.083,550,2.688,25.6
DATA,MOTOR_BREAKIN_V3,000001,3371,519,522,0.128,0.082,3.845,0.585,3.260,35,FWD,RUN,0.105,0.343,0.040,0.251,0.393,0.119,3.315,35,1.083,549,2.683,25.6
DATA,MOTOR_BREAKIN_V3,000001,3471,519,522,0.128,0.082,3.761,0.585,3.176,35,FWD,RUN,0.105,0.335,0.053,0.251,0.393,0.119,3.315,35,1.083,549,2.683,25.6
DATA,MOTOR_BREAKIN_V3,000001,3571,520,521,0.102,0.109,3.817,0.557,3.260,35,FWD,RUN,0.105,0.343,0.040,0.251,0.393,0.119,3.315,35,1.083,550,2.688,25.6
DATA,MOTOR_BREAKIN_V3,000001,3671,521,523,0.076,0.056,3.900,0.529,3.371,35,FWD,RUN,0.066,0.222,0.040,0.139,0.393,0.119,3.315,35,1.083,549,2.683,25.6
DATA,MOTOR_BREAKIN_V3,000001,3771,520,522,0.102,0.082,3.761,0.585,3.176,35,FWD,RUN,0.092,0.293,0.053,0.195,0.393,0.119,3.315,35,1.083,549,2.683,25.6
DATA,MOTOR_BREAKIN_V3,000001,3871,519,522,0.128,0.082,3.845,0.557,3.287,35,FWD,RUN,0.105,0.346,0.040,0.167,0.393,0.119,3.315,35,1.083,549,2.683,25.6
DATA,MOTOR_BREAKIN_V3,000001,3971,520,521,0.102,0.109,3.845,0.557,3.287,35,FWD,RUN,0.105,0.346,0.026,0.195,0.393,0.119,3.315,35,1.083,549,2.683,25.6
DATA,MOTOR_BREAKIN_V3,000001,4071,520,523,0.102,0.056,3.845,0.557,3.287,35,FWD,RUN,0.079,0.259,0.026,0.139,0.393,0.119,3.315,35,1.083,550,2.688,25.6
DATA,MOTOR_BREAKIN_V3,000001,4171,519,523,0.128,0.056,3.733,0.585,3.148,35,FWD,RUN,0.092,0.290,0.040,0.167,0.393,0.119,3.315,35,1.083,549,2.683,25.6
DATA,MOTOR_BREAKIN_V3,000001,4271,520,522,0.102,0.082,3.817,0.557,3.260,35,FWD,RUN,0.092,0.300,0.026,0.167,0.393,0.119,3.315,35,1.083,549,2.683,25.6
DATA,MOTOR_BREAKIN_V3,000001,4371,520,523,0.102,0.056,3.900,0.529,3.371,35,FWD,RUN,0.079,0.266,0.040,0.223,0.393,0.119,3.315,35,1.083,549,2.683,25.6
DATA,MOTOR_BREAKIN_V3,000001,4471,520,522,0.102,0.082,3.733,0.585,3.148,35,FWD,RUN,0.092,0.290,0.040,0.279,0.393,0.119,3.315,35,1.083,549,2.683,25.6
DATA,MOTOR_BREAKIN_V3,000001,4571,519,521,0.128,0.109,3.761,0.585,3.176,35,FWD,RUN,0.119,0.377,0.040,0.279,0.393,0.119,3.315,35,1.083,549,2.683,25.6
DATA,MOTOR_BREAKIN_V3,000001,4671,520,521,0.102,0.109,3.789,0.585,3.204,35,FWD,RUN,0.105,0.338,0.040,0.139,0.393,0.119,3.315,35,1.083,549,2.683,25.6
DATA,MOTOR_BREAKIN_V3,000001,4771,519,522,0.128,0.082,3.872,0.557,3.315,35,FWD,RUN,0.105,0.349,0.026,0.167,0.393,0.119,3.315,35,1.083,549,2.683,25.6
DATA,MOTOR_BREAKIN_V3,000001,4871,519,521,0.128,0.109,3.789,0.613,3.176,35,FWD,RUN,0.119,0.377,0.040,0.306,0.393,0.119,3.315,35,1.083,550,2.688,25.6
DATA,MOTOR_BREAKIN_V3,000001,4971,519,522,0.128,0.082,3.705,0.836,2.870,35,FWD,RUN,0.105,0.302,0.040,0.418,0.393,0.119,3.315,35,1.083,550,2.688,25.6
OK
DATA,MOTOR_BREAKIN_V3,000001,5071,519,521,0.128,0.109,3.817,0.613,3.204,38,FWD,RUN,0.119,0.380,0.077,0.390,0.393,0.119,3.315,35,1.083,549,2.683,25.6
OK
DATA,MOTOR_BREAKIN_V3,000001,5171,520,522,0.102,0.082,3.761,0.557,3.204,35,FWD,RUN,0.092,0.295,0.077,0.251,0.393,0.119,3.315,35,1.083,549,2.683,25.6
DATA,MOTOR_BREAKIN_V3,000001,5271,519,522,0.128,0.082,3.789,0.557,3.232,35,FWD,RUN,0.105,0.340,0.040,0.418,0.393,0.119,3.315,35,1.083,549,2.683,25.6
DATA,MOTOR_BREAKIN_V3,000001,5371,519,522,0.128,0.082,3.817,0.585,3.232,35,FWD,RUN,0.105,0.340,0.013,0.223,0.393,0.119,3.315,35,1.083,549,2.683,25.6
DATA,MOTOR_BREAKIN_V3,000001,5471,519,522,0.128,0.082,3.817,0.585,3.232,35,FWD,RUN,0.105,0.340,0.026,0.195,0.393,0.119,3.315,35,1.083,549,2.683,25.6
DATA,MOTOR_BREAKIN_V3,000001,5571,519,523,0.128,0.056,3.845,0.585,3.260,35,FWD,RUN,0.092,0.300,0.040,0.167,0.393,0.119,3.315,35,1.083,550,2.688,25.6
DATA,MOTOR_BREAKIN_V3,000001,5670,519,522,0.128,0.082,3.733,0.585,3.148,35,FWD,RUN,0.105,0.332,0.040,0.111,0.393,0.119,3.315,35,1.083,549,2.683,25.6
DATA,MOTOR_BREAKIN_V3,000001,5771,520,522,0.102,0.082,3.733,0.585,3.148,35,FWD,RUN,0.092,0.290,0.026,0.111,0.393,0.119,3.315,35,1.083,549,2.683,25.6
DATA,MOTOR_BREAKIN_V3,000001,5871,519,523,0.128,0.056,3.761,0.585,3.176,35,FWD,RUN,0.092,0.293,0.040,0.139,0.393,0.119,3.315,35,1.083,549,2.683,25.6
DATA,MOTOR_BREAKIN_V3,000001,5971,519,523,0.128,0.056,3.789,0.585,3.204,35,FWD,RUN,0.092,0.295,0.040,0.251,0.393,0.119,3.315,35,1.083,549,2.683,25.6
DATA,MOTOR_BREAKIN_V3,000001,6071,519,522,0.128,0.082,3.817,0.585,3.232,35,FWD,RUN,0.105,0.340,0.026,0.279,0.393,0.119,3.315,35,1.083,549,2.683,25.6
DATA,MOTOR_BREAKIN_V3,000001,6171,519,522,0.128,0.082,3.761,0.585,3.176,35,FWD,RUN,0.105,0.335,0.026,0.167,0.393,0.119,3.315,35,1.083,550,2.688,25.6
DATA,MOTOR_BREAKIN_V3,000001,6271,520,521,0.102,0.109,3.761,0.585,3.176,35,FWD,RUN,0.105,0.335,0.026,0.111,0.393,0.119,3.315,35,1.083,549,2.683,25.6
DATA,MOTOR_BREAKIN_V3,000001,6371,519,522,0.128,0.082,3.733,0.585,3.148,35,FWD,RUN,0.105,0.332,0.026,0.167,0.393,0.119,3.315,35,1.083,549,2.683,25.6
DATA,MOTOR_BREAKIN_V3,000001,6471,519,522,0.128,0.082,3.761,0.585,3.176,35,FWD,RUN,0.105,0.335,0.040,0.139,0.393,0.119,3.315,35,1.083,549,2.683,25.6
DATA,MOTOR_BREAKIN_V3,000001,6571,520,522,0.102,0.082,3.733,0.585,3.148,35,FWD,RUN,0.092,0.290,0.040,0.139,0.393,0.119,3.315,35,1.083,550,2.688,25.6
DATA,MOTOR_BREAKIN_V3,000001,6671,520,521,0.102,0.109,3.845,0.585,3.260,35,FWD,RUN,0.105,0.343,0.026,0.111,0.393,0.119,3.315,35,1.083,549,2.683,25.6
DATA,MOTOR_BREAKIN_V3,000001,6771,518,522,0.155,0.082,3.817,0.557,3.260,35,FWD,RUN,0.119,0.386,0.026,0.111,0.393,0.119,3.315,35,1.083,549,2.683,25.6
DATA,MOTOR_BREAKIN_V3,000001,6871,519,523,0.128,0.056,3.733,0.585,3.148,35,FWD,RUN,0.092,0.290,0.026,0.139,0.393,0.119,3.315,35,1.083,549,2.683,25.6
DATA,MOTOR_BREAKIN_V3,000001,6971,520,523,0.102,0.056,3.845,0.501,3.343,35,FWD,RUN,0.079,0.264,0.026,0.195,0.393,0.119,3.315,35,1.083,549,2.683,25.6
DATA,MOTOR_BREAKIN_V3,000001,7071,519,522,0.128,0.082,3.761,0.557,3.204,35,FWD,RUN,0.105,0.338,0.026,0.251,0.393,0.119,3.315,35,1.083,549,2.683,25.5
DATA,MOTOR_BREAKIN_V3,000001,7171,519,522,0.128,0.082,3.789,0.557,3.232,35,FWD,RUN,0.105,0.340,0.040,0.195,0.393,0.119,3.315,35,1.083,549,2.683,25.6
DATA,MOTOR_BREAKIN_V3,000001,7271,519,522,0.128,0.082,3.761,0.585,3.176,35,FWD,RUN,0.105,0.335,0.040,0.139,0.393,0.119,3.315,35,1.083,549,2.683,25.6
DATA,MOTOR_BREAKIN_V3,000001,7371,520,522,0.102,0.082,3.733,0.585,3.148,35,FWD,RUN,0.092,0.290,0.026,0.139,0.393,0.119,3.315,35,1.083,549,2.683,25.6
DATA,MOTOR_BREAKIN_V3,000001,7471,519,522,0.128,0.082,3.733,0.585,3.148,35,FWD,RUN,0.105,0.332,0.026,0.111,0.393,0.119,3.315,35,1.083,549,2.683,25.6
DATA,MOTOR_BREAKIN_V3,000001,7571,520,522,0.102,0.082,3.733,0.557,3.176,35,FWD,RUN,0.092,0.293,0.040,0.111,0.393,0.119,3.315,35,1.083,549,2.683,25.5
DATA,MOTOR_BREAKIN_V3,000001,7671,520,523,0.102,0.056,3.705,0.585,3.120,35,FWD,RUN,0.079,0.246,0.040,0.111,0.393,0.119,3.315,35,1.083,549,2.683,25.6
DATA,MOTOR_BREAKIN_V3,000001,7771,519,522,0.128,0.082,3.733,0.585,3.148,35,FWD,RUN,0.105,0.332,0.026,0.111,0.393,0.119,3.315,35,1.083,549,2.683,25.6
DATA,MOTOR_BREAKIN_V3,000001,7871,520,522,0.102,0.082,3.733,0.585,3.148,35,FWD,RUN,0.092,0.290,0.026,0.084,0.393,0.119,3.315,35,1.083,549,2.683,25.6
DATA,MOTOR_BREAKIN_V3,000001,7971,520,522,0.102,0.082,3.705,0.585,3.120,35,FWD,RUN,0.092,0.287,0.026,0.084,0.393,0.119,3.315,35,1.083,549,2.683,25.6
DATA,MOTOR_BREAKIN_V3,000001,8071,519,521,0.128,0.109,3.872,0.557,3.315,35,FWD,RUN,0.119,0.393,0.026,0.195,0.393,0.119,3.315,35,1.083,549,2.683,25.6
DATA,MOTOR_BREAKIN_V3,000001,8171,519,521,0.128,0.109,3.789,0.585,3.204,35,FWD,RUN,0.119,0.380,0.026,0.195,0.393,0.119,3.315,35,1.083,549,2.683,25.6
DATA,MOTOR_BREAKIN_V3,000001,8271,519,521,0.128,0.109,3.761,0.557,3.204,35,FWD,RUN,0.119,0.380,0.040,0.223,0.418,0.132,3.176,35,1.083,549,2.683,25.6
DATA,MOTOR_BREAKIN_V3,000001,8371,519,521,0.128,0.109,3.817,0.557,3.260,35,FWD,RUN,0.119,0.386,0.040,0.111,0.418,0.132,3.176,35,1.083,549,2.683,25.6
DATA,MOTOR_BREAKIN_V3,000001,8471,520,522,0.102,0.082,3.733,0.557,3.176,35,FWD,RUN,0.092,0.293,0.026,0.139,0.418,0.132,3.176,35,1.083,549,2.683,25.5
DATA,MOTOR_BREAKIN_V3,000001,8571,519,523,0.128,0.056,3.761,0.557,3.204,35,FWD,RUN,0.092,0.295,0.013,0.446,0.418,0.132,3.176,35,1.083,548,2.678,25.6
DATA,MOTOR_BREAKIN_V3,000001,8671,519,522,0.128,0.082,3.761,0.585,3.176,35,FWD,RUN,0.105,0.335,0.026,0.446,0.418,0.132,3.176,35,1.083,549,2.683,25.6
DATA,MOTOR_BREAKIN_V3,000001,8771,520,522,0.102,0.082,3.677,0.808,2.870,35,FWD,RUN,0.092,0.264,0.026,0.418,0.418,0.132,3.176,35,1.083,549,2.683,25.5
OK
DATA,MOTOR_BREAKIN_V3,000001,8870,519,521,0.128,0.109,3.845,0.585,3.260,38,FWD,RUN,0.119,0.386,0.026,0.446,0.418,0.132,3.176,35,1.083,549,2.683,25.6
OK
DATA,MOTOR_BREAKIN_V3,000001,8971,519,522,0.128,0.082,3.761,0.557,3.204,35,FWD,RUN,0.105,0.338,0.013,0.167,0.418,0.132,3.176,35,1.083,549,2.683,25.6
DATA,MOTOR_BREAKIN_V3,000001,9071,519,522,0.128,0.082,3.845,0.557,3.287,35,FWD,RUN,0.105,0.346,0.026,0.139,0.418,0.132,3.176,35,1.083,549,2.683,25.6
DATA,MOTOR_BREAKIN_V3,000001,9171,519,522,0.128,0.082,3.817,0.585,3.232,35,FWD,RUN,0.105,0.340,0.053,0.306,0.418,0.132,3.176,35,1.083,549,2.683,25.6
DATA,MOTOR_BREAKIN_V3,000001,9271,520,522,0.102,0.082,3.845,0.557,3.287,35,FWD,RUN,0.092,0.303,0.040,0.306,0.418,0.132,3.176,35,1.083,550,2.688,25.6
DATA,MOTOR_BREAKIN_V3,000001,9371,521,523,0.076,0.056,3.900,0.501,3.399,35,FWD,RUN,0.066,0.223,0.053,0.279,0.418,0.132,3.176,35,1.083,549,2.683,25.5
DATA,MOTOR_BREAKIN_V3,000001,9471,519,522,0.128,0.082,3.761,0.557,3.204,35,FWD,RUN,0.105,0.338,0.053,0.251,0.418,0.132,3.176,35,1.083,549,2.683,25.6
DATA,MOTOR_BREAKIN_V3,000001,9571,519,522,0.128,0.082,3.789,0.557,3.232,35,FWD,RUN,0.105,0.340,0.026,0.139,0.418,0.132,3.176,35,1.083,550,2.688,25.6
DATA,MOTOR_BREAKIN_V3,000001,9671,519,521,0.128,0.109,3.817,0.585,3.232,35,FWD,RUN,0.119,0.383,0.026,0.111,0.418,0.132,3.176,35,1.083,549,2.683,25.6
DATA,MOTOR_BREAKIN_V3,000001,9771,520,522,0.102,0.082,3.733,0.585,3.148,35,FWD,RUN,0.092,0.290,0.026,0.139,0.418,0.132,3.176,35,1.083,549,2.683,25.5
DATA,MOTOR_BREAKIN_V3,000001,9871,519,522,0.128,0.082,3.845,0.585,3.260,35,FWD,RUN,0.105,0.343,0.026,0.139,0.418,0.132,3.176,35,1.083,550,2.688,25.6
DATA,MOTOR_BREAKIN_V3,000001,9971,519,523,0.128,0.056,3.900,0.529,3.371,35,FWD,RUN,0.092,0.311,0.026,0.223,0.418,0.132,3.176,35,1.083,549,2.683,25.6
DATA,MOTOR_BREAKIN_V3,000001,26199,521,523,0.076,0.056,3.872,0.501,3.371,35,REV,UNKNOWN,0.066,0.222,0.040,225771696.000,0.418,0.132,3.176,35,1.083,545,2.664,25.4
DATA,MOTOR_BREAKIN_V3,000001,4294928058,521,522,0.076,0.082,3.872,0.501,3.371,35,REV,UNKNOWN,0.079,0.266,0.040,0.223,0.418,0.132,3.176,35,1.083,549,2.683,25.4
DATA,MOTOR_BREAKIN_V3,000001,4294928158,520,522,0.102,0.082,3.705,0.557,3.148,35,REV,UNKNOWN,0.092,0.290,0.145,0.334,0.676,0.211,3.204,35,1.083,549,2.683,25.4
DATA,MOTOR_BREAKIN_V3,000001,4294928258,519,522,0.128,0.082,3.789,0.696,3.092,35,REV,UNKNOWN,0.105,0.326,0.132,0.390,0.676,0.211,3.204,35,1.083,550,2.688,25.4
DATA,MOTOR_BREAKIN_V3,000001,4294928358,520,522,0.102,0.082,3.761,0.474,3.287,35,REV,UNKNOWN,0.092,0.303,0.106,0.195,0.676,0.211,3.204,35,1.083,550,2.688,25.4
DATA,MOTOR_BREAKIN_V3,000001,4294928458,519,522,0.128,0.082,3.705,0.557,3.148,35,REV,UNKNOWN,0.105,0.332,0.013,0.223,0.676,0.211,3.204,35,1.083,549,2.683,25.4
DATA,MOTOR_BREAKIN_V3,000001,4294928558,519,522,0.128,0.082,3.733,0.557,3.176,35,REV,UNKNOWN,0.105,0.335,0.026,0.529,0.676,0.211,3.204,35,1.083,549,2.683,25.4
DATA,MOTOR_BREAKIN_V3,000001,4294928658,520,521,0.102,0.109,3.677,0.557,3.120,35,REV,UNKNOWN,0.105,0.329,0.026,0.474,0.676,0.211,3.204,35,1.083,549,2.683,25.4
DATA,MOTOR_BREAKIN_V3,000001,4294928758,520,522,0.102,0.082,3.872,0.557,3.315,35,REV,UNKNOWN,0.092,0.305,0.026,0.195,0.676,0.211,3.204,35,1.083,550,2.688,25.3
DATA,MOTOR_BREAKIN_V3,000001,4294928858,519,522,0.128,0.082,3.789,0.557,3.232,35,REV,UNKNOWN,0.105,0.340,0.068,0.223,0.676,0.211,3.204,35,1.083,549,2.683,25.4
DATA,MOTOR_BREAKIN_V3,000001,4294928958,520,522,0.102,0.082,3.733,0.557,3.176,35,REV,UNKNOWN,0.092,0.293,0.081,0.306,0.676,0.211,3.204,35,1.083,549,2.683,25.4
DATA,MOTOR_BREAKIN_V3,000001,4294929058,521,521,0.076,0.109,3.872,0.529,3.343,35,REV,UNKNOWN,0.092,0.308,0.040,0.279,0.676,0.211,3.204,35,1.083,549,2.683,25.4
DATA,MOTOR_BREAKIN_V3,000001,4294929158,519,522,0.128,0.082,3.789,0.529,3.260,35,REV,UNKNOWN,0.105,0.343,0.026,0.251,0.676,0.211,3.204,35,1.083,549,2.683,25.3
DATA,MOTOR_BREAKIN_V3,000001,4294929258,520,522,0.102,0.082,3.677,0.557,3.120,35,REV,UNKNOWN,0.092,0.287,0.026,0.195,0.676,0.211,3.204,35,1.083,549,2.683,25.4
DATA,MOTOR_BREAKIN_V3,000001,4294929358,520,522,0.102,0.082,3.789,0.557,3.232,35,REV,UNKNOWN,0.092,0.298,0.026,0.167,0.676,0.211,3.204,35,1.083,550,2.688,25.4
DATA,MOTOR_BREAKIN_V3,000001,4294929458,518,521,0.155,0.109,3.761,0.557,3.204,35,REV,UNKNOWN,0.132,0.422,0.053,0.167,0.676,0.211,3.204,35,1.083,549,2.683,25.3
DATA,MOTOR_BREAKIN_V3,000001,4294929558,520,522,0.102,0.082,3.789,0.557,3.232,35,REV,UNKNOWN,0.092,0.298,0.040,0.195,0.676,0.211,3.204,35,1.083,549,2.683,25.4
DATA,MOTOR_BREAKIN_V3,000001,4294929658,519,522,0.128,0.082,3.872,0.529,3.343,35,REV,UNKNOWN,0.105,0.352,0.026,0.223,0.676,0.211,3.204,35,1.083,549,2.683,25.3
DATA,MOTOR_BREAKIN_V3,000001,4294929758,520,522,0.102,0.082,3.817,0.557,3.260,35,REV,UNKNOWN,0.092,0.300,0.013,0.167,0.676,0.211,3.204,35,1.083,549,2.683,25.4
DATA,MOTOR_BREAKIN_V3,000001,4294929858,520,523,0.102,0.056,3.789,0.585,3.204,35,REV,UNKNOWN,0.079,0.253,0.040,0.223,0.676,0.211,3.204,35,1.083,549,2.683,25.4
DATA,MOTOR_BREAKIN_V3,000001,4294929958,519,522,0.128,0.082,3.845,0.557,3.287,35,REV,UNKNOWN,0.105,0.346,0.040,0.223,0.676,0.211,3.204,35,1.083,549,2.683,25.3
DATA,MOTOR_BREAKIN_V3,000001,4294930059,519,522,0.128,0.082,3.845,0.557,3.287,35,REV,UNKNOWN,0.105,0.346,0.026,0.223,0.676,0.211,3.204,35,1.083,549,2.683,25.4
DATA,MOTOR_BREAKIN_V3,000001,4294930159,520,521,0.102,0.109,3.845,0.474,3.371,35,REV,UNKNOWN,0.105,0.355,0.026,0.195,0.676,0.211,3.204,35,1.083,550,2.688,25.3
DATA,MOTOR_BREAKIN_V3,000001,4294930259,519,522,0.128,0.082,3.817,0.557,3.260,35,REV,UNKNOWN,0.105,0.343,0.132,0.195,0.743,0.224,3.315,35,1.083,549,2.683,25.3
DATA,MOTOR_BREAKIN_V3,000001,4294930359,519,521,0.128,0.109,3.845,0.529,3.315,35,REV,UNKNOWN,0.119,0.393,0.132,0.139,0.743,0.224,3.315,35,1.083,549,2.683,25.3
DATA,MOTOR_BREAKIN_V3,000001,4294930459,520,521,0.102,0.109,3.845,0.557,3.287,35,REV,UNKNOWN,0.105,0.346,0.026,0.111,0.743,0.224,3.315,35,1.083,549,2.683,25.4
DATA,MOTOR_BREAKIN_V3,000001,4294930559,519,522,0.128,0.082,3.733,0.780,2.953,35,REV,UNKNOWN,0.105,0.311,0.119,0.390,0.743,0.224,3.315,35,1.083,549,2.683,25.4
OK
DATA,MOTOR_BREAKIN_V3,000001,4294930659,519,523,0.128,0.056,3.900,0.557,3.343,36,REV,UNKNOWN,0.092,0.308,0.119,0.390,0.743,0.224,3.315,35,1.083,549,2.683,25.3
DATA,MOTOR_BREAKIN_V3,000001,4294930759,520,522,0.102,0.082,3.928,0.557,3.371,36,REV,UNKNOWN,0.092,0.311,0.026,0.167,0.743,0.224,3.315,35,1.083,549,2.683,25.4
OK
DATA,MOTOR_BREAKIN_V3,000001,4294930859,520,522,0.102,0.082,3.817,0.585,3.232,35,REV,UNKNOWN,0.092,0.298,0.740,0.251,2.874,0.832,3.455,35,1.083,549,2.683,25.4
DATA,MOTOR_BREAKIN_V3,000001,4294930959,520,521,0.102,0.109,3.900,0.557,3.343,35,REV,UNKNOWN,0.105,0.352,0.740,0.223,2.874,0.832,3.455,35,1.083,549,2.683,25.3
DATA,MOTOR_BREAKIN_V3,000001,4294931059,518,521,0.155,0.109,3.761,0.557,3.204,35,REV,UNKNOWN,0.132,0.422,0.040,0.195,2.874,0.832,3.455,35,1.083,549,2.683,25.3
DATA,MOTOR_BREAKIN_V3,000001,4294931159,519,521,0.128,0.109,3.845,0.529,3.315,35,REV,UNKNOWN,0.119,0.393,0.119,0.306,2.874,0.832,3.455,35,1.083,549,2.683,25.3
DATA,MOTOR_BREAKIN_V3,000001,4294931259,519,521,0.128,0.109,3.872,0.557,3.315,35,REV,UNKNOWN,0.119,0.393,0.132,0.306,2.874,0.832,3.455,35,1.083,549,2.683,25.3
DATA,MOTOR_BREAKIN_V3,000001,4294931359,518,522,0.155,0.082,3.872,0.557,3.315,35,REV,UNKNOWN,0.119,0.393,0.040,0.084,2.874,0.832,3.455,35,1.083,550,2.688,25.3
DATA,MOTOR_BREAKIN_V3,000001,4294931459,519,522,0.128,0.082,3.817,0.585,3.232,35,REV,UNKNOWN,0.105,0.340,0.145,0.223,2.874,0.832,3.455,35,1.083,549,2.683,25.3
DATA,MOTOR_BREAKIN_V3,000001,4294931559,519,521,0.128,0.109,3.872,0.557,3.315,35,REV,UNKNOWN,0.119,0.393,0.145,0.223,2.874,0.832,3.455,35,1.083,549,2.683,25.3
DATA,MOTOR_BREAKIN_V3,000001,4294931659,520,522,0.102,0.082,3.789,0.557,3.232,35,REV,UNKNOWN,0.092,0.298,0.026,0.167,2.874,0.832,3.455,35,1.083,549,2.683,25.3
DATA,MOTOR_BREAKIN_V3,000001,4294931759,519,522,0.128,0.082,3.872,0.585,3.287,35,REV,UNKNOWN,0.105,0.346,0.092,0.139,2.874,0.832,3.455,35,1.083,549,2.683,25.3
DATA,MOTOR_BREAKIN_V3,000001,4294931859,519,522,0.128,0.082,3.817,0.585,3.232,35,REV,UNKNOWN,0.105,0.340,0.092,0.111,2.874,0.832,3.455,35,1.083,550,2.688,25.3
DATA,MOTOR_BREAKIN_V3,000001,4294931959,518,522,0.155,0.082,3.733,0.585,3.148,35,REV,UNKNOWN,0.119,0.373,0.026,0.167,2.874,0.832,3.455,35,1.083,549,2.683,25.3
DATA,MOTOR_BREAKIN_V3,000001,4294932059,519,522,0.128,0.082,3.845,0.585,3.260,35,REV,UNKNOWN,0.105,0.343,0.132,0.223,2.874,0.832,3.455,35,1.083,549,2.683,25.3
DATA,MOTOR_BREAKIN_V3,000001,4294932159,519,522,0.128,0.082,3.789,0.557,3.232,35,REV,UNKNOWN,0.105,0.340,0.132,0.279,2.874,0.832,3.455,35,1.083,549,2.683,25.3
DATA,MOTOR_BREAKIN_V3,000001,4294932259,519,521,0.128,0.109,3.789,0.529,3.260,35,REV,UNKNOWN,0.119,0.386,0.026,0.362,2.874,0.832,3.455,35,1.083,549,2.683,25.3
DATA,MOTOR_BREAKIN_V3,000001,4294932359,519,521,0.128,0.109,3.761,0.557,3.204,35,REV,UNKNOWN,0.119,0.380,0.106,0.390,2.874,0.832,3.455,35,1.083,549,2.683,25.3
DATA,MOTOR_BREAKIN_V3,000001,4294932459,519,522,0.128,0.082,3.789,0.557,3.232,35,REV,UNKNOWN,0.105,0.340,0.106,0.167,2.874,0.832,3.455,35,1.083,549,2.683,25.3
DATA,MOTOR_BREAKIN_V3,000001,4294932559,519,521,0.128,0.109,3.789,0.613,3.176,35,REV,UNKNOWN,0.119,0.377,0.040,0.139,2.874,0.832,3.455,35,1.083,549,2.683,25.3
DATA,MOTOR_BREAKIN_V3,000001,4294932659,519,521,0.128,0.109,3.817,0.557,3.260,35,REV,UNKNOWN,0.119,0.386,0.145,0.223,2.874,0.832,3.455,35,1.083,549,2.683,25.3
DATA,MOTOR_BREAKIN_V3,000001,4294932759,520,521,0.102,0.109,3.789,0.557,3.232,35,REV,UNKNOWN,0.105,0.340,0.145,0.251,2.874,0.832,3.455,35,1.083,549,2.683,25.3
DATA,MOTOR_BREAKIN_V3,000001,4294932859,519,522,0.128,0.082,3.789,0.585,3.204,35,REV,UNKNOWN,0.105,0.338,0.132,0.279,2.874,0.832,3.455,35,1.083,549,2.683,25.3
DATA,MOTOR_BREAKIN_V3,000001,4294932959,520,522,0.102,0.082,3.789,0.557,3.232,35,REV,UNKNOWN,0.092,0.298,0.159,0.306,2.874,0.832,3.455,35,1.083,549,2.683,25.3
DATA,MOTOR_BREAKIN_V3,000001,4294933059,519,522,0.128,0.082,3.817,0.585,3.232,35,REV,UNKNOWN,0.105,0.340,0.145,0.111,2.874,0.832,3.455,35,1.083,550,2.688,25.3
DATA,MOTOR_BREAKIN_V3,000001,4294933158,520,522,0.102,0.082,3.872,0.557,3.315,35,REV,UNKNOWN,0.092,0.305,0.092,0.251,2.874,0.832,3.455,35,1.083,550,2.688,25.3
DATA,MOTOR_BREAKIN_V3,000001,4294933259,520,522,0.102,0.082,3.733,0.585,3.148,35,REV,UNKNOWN,0.092,0.290,0.106,0.251,2.874,0.832,3.455,35,1.083,549,2.683,25.3
DATA,MOTOR_BREAKIN_V3,000001,4294933359,519,522,0.128,0.082,3.789,0.585,3.204,35,REV,UNKNOWN,0.105,0.338,0.040,0.139,2.874,0.832,3.455,35,1.083,549,2.683,25.3
DATA,MOTOR_BREAKIN_V3,000001,4294933459,519,522,0.128,0.082,3.845,0.557,3.287,35,REV,UNKNOWN,0.105,0.346,0.106,0.139,2.874,0.832,3.455,35,1.083,549,2.683,25.3
DATA,MOTOR_BREAKIN_V3,000001,4294933559,520,522,0.102,0.082,3.872,0.585,3.287,35,REV,UNKNOWN,0.092,0.303,0.132,0.251,2.874,0.832,3.455,35,1.083,549,2.683,25.3
DATA,MOTOR_BREAKIN_V3,000001,4294933659,519,521,0.128,0.109,3.900,0.557,3.343,35,REV,UNKNOWN,0.119,0.396,0.053,0.223,2.874,0.832,3.455,35,1.083,549,2.683,25.3
DATA,MOTOR_BREAKIN_V3,000001,4294933759,521,522,0.076,0.082,3.872,0.557,3.315,35,REV,UNKNOWN,0.079,0.262,0.119,0.195,2.874,0.832,3.455,35,1.083,549,2.683,25.3
DATA,MOTOR_BREAKIN_V3,000001,4294933859,519,521,0.128,0.109,3.817,0.529,3.287,35,REV,UNKNOWN,0.119,0.390,0.119,0.167,2.874,0.832,3.455,35,1.083,549,2.683,25.3
OK
DATA,MOTOR_BREAKIN_V3,000001,4294933959,519,522,0.128,0.082,3.872,0.585,3.287,37,REV,UNKNOWN,0.105,0.346,0.026,0.195,2.874,0.832,3.455,35,1.083,549,2.683,25.3
DATA,MOTOR_BREAKIN_V3,000001,4294934059,519,522,0.128,0.082,3.872,0.613,3.260,37,REV,UNKNOWN,0.105,0.343,0.132,0.167,2.874,0.832,3.455,35,1.083,549,2.683,25.3
DATA,MOTOR_BREAKIN_V3,000001,4294934159,519,522,0.128,0.082,3.900,0.557,3.343,37,REV,UNKNOWN,0.105,0.352,0.132,0.167,2.874,0.832,3.455,35,1.083,549,2.683,25.3
DATA,MOTOR_BREAKIN_V3,000001,4294934259,519,522,0.128,0.082,3.845,0.613,3.232,37,REV,UNKNOWN,0.105,0.340,0.040,0.139,2.874,0.832,3.455,35,1.083,549,2.683,25.3
DATA,MOTOR_BREAKIN_V3,000001,4294934359,518,521,0.155,0.109,3.900,0.585,3.315,37,REV,UNKNOWN,0.132,0.437,0.145,0.139,2.874,0.832,3.455,35,1.083,550,2.688,25.3
DATA,MOTOR_BREAKIN_V3,000001,4294934459,519,521,0.128,0.109,3.984,0.613,3.371,37,REV,UNKNOWN,0.119,0.400,0.159,0.306,2.874,0.832,3.455,35,1.083,549,2.683,25.3
DATA,MOTOR_BREAKIN_V3,000001,4294934559,519,522,0.128,0.082,3.872,0.585,3.287,37,REV,UNKNOWN,0.105,0.346,0.040,0.279,2.874,0.832,3.455,35,1.083,549,2.683,25.3
DATA,MOTOR_BREAKIN_V3,000001,4294934659,518,522,0.155,0.082,3.928,0.613,3.315,37,REV,UNKNOWN,0.119,0.393,0.145,0.139,2.874,0.832,3.455,35,1.083,549,2.683,25.3
DATA,MOTOR_BREAKIN_V3,000001,4294934759,519,522,0.128,0.082,3.900,0.557,3.343,37,REV,UNKNOWN,0.105,0.352,0.132,0.139,2.874,0.832,3.455,35,1.083,549,2.683,25.3
DATA,MOTOR_BREAKIN_V3,000001,4294934859,520,522,0.102,0.082,3.956,0.585,3.371,37,REV,UNKNOWN,0.092,0.311,0.026,0.139,2.874,0.832,3.455,35,1.083,549,2.683,25.2
DATA,MOTOR_BREAKIN_V3,000001,4294934959,520,521,0.102,0.109,3.900,0.557,3.343,37,REV,UNKNOWN,0.105,0.352,0.159,0.279,2.874,0.832,3.455,35,1.083,549,2.683,25.3
DATA,MOTOR_BREAKIN_V3,000001,4294935059,519,522,0.128,0.082,3.984,0.557,3.427,37,REV,UNKNOWN,0.105,0.361,0.159,0.279,2.874,0.832,3.455,35,1.083,550,2.688,25.3
DATA,MOTOR_BREAKIN_V3,000001,4294935159,519,522,0.128,0.082,3.900,0.557,3.343,37,REV,UNKNOWN,0.105,0.352,0.026,0.167,2.874,0.832,3.455,35,1.083,549,2.683,25.2
DATA,MOTOR_BREAKIN_V3,000001,4294935259,520,521,0.102,0.109,3.984,0.529,3.455,37,REV,UNKNOWN,0.105,0.364,0.159,0.139,2.874,0.832,3.455,35,1.083,550,2.688,25.3
DATA,MOTOR_BREAKIN_V3,000001,4294935359,519,523,0.128,0.056,3.956,0.557,3.399,37,REV,UNKNOWN,0.092,0.313,0.159,0.139,2.874,0.832,3.455,35,1.083,549,2.683,25.2
DATA,MOTOR_BREAKIN_V3,000001,4294935459,519,522,0.128,0.082,3.928,0.585,3.343,37,REV,UNKNOWN,0.105,0.352,0.040,0.139,2.874,0.832,3.455,35,1.083,549,2.683,25.2
DATA,MOTOR_BREAKIN_V3,000001,4294935559,519,521,0.128,0.109,3.984,0.557,3.427,37,REV,UNKNOWN,0.119,0.406,0.132,0.139,2.874,0.832,3.455,35,1.083,549,2.683,25.2
DATA,MOTOR_BREAKIN_V3,000001,4294935659,519,521,0.128,0.109,3.928,0.585,3.343,37,REV,UNKNOWN,0.119,0.396,0.119,0.139,2.874,0.832,3.455,35,1.083,549,2.683,25.2
DATA,MOTOR_BREAKIN_V3,000001,4294935759,519,522,0.128,0.082,3.984,0.585,3.399,37,REV,UNKNOWN,0.105,0.358,0.026,0.139,2.874,0.832,3.455,35,1.083,549,2.683,25.2
DATA,MOTOR_BREAKIN_V3,000001,4294935859,520,522,0.102,0.082,3.956,0.557,3.399,37,REV,UNKNOWN,0.092,0.313,0.132,0.195,2.874,0.832,3.455,35,1.083,550,2.688,25.3
DATA,MOTOR_BREAKIN_V3,000001,4294935959,519,522,0.128,0.082,3.956,0.585,3.371,37,REV,UNKNOWN,0.105,0.355,0.145,0.223,2.874,0.832,3.455,35,1.083,549,2.683,25.3
DATA,MOTOR_BREAKIN_V3,000001,4294936059,519,522,0.128,0.082,4.012,0.529,3.482,37,REV,UNKNOWN,0.105,0.367,0.132,0.111,2.874,0.832,3.455,35,1.083,549,2.683,25.2
DATA,MOTOR_BREAKIN_V3,000001,4294936159,518,522,0.155,0.082,4.012,0.780,3.232,37,REV,UNKNOWN,0.119,0.383,0.106,0.251,2.874,0.832,3.455,35,1.083,549,2.683,25.2
DATA,MOTOR_BREAKIN_V3,000001,4294936259,519,521,0.128,0.109,3.872,0.585,3.287,37,REV,UNKNOWN,0.119,0.390,0.106,0.223,2.874,0.832,3.455,35,1.083,549,2.683,25.2
DATA,MOTOR_BREAKIN_V3,000001,4294936358,519,523,0.128,0.056,3.984,0.557,3.427,37,REV,UNKNOWN,0.092,0.316,0.119,0.167,2.874,0.832,3.455,35,1.083,549,2.683,25.2
DATA,MOTOR_BREAKIN_V3,000001,4294936459,518,522,0.155,0.082,3.928,0.585,3.343,37,REV,UNKNOWN,0.119,0.396,0.119,0.167,2.874,0.832,3.455,35,1.083,549,2.683,25.3
DATA,MOTOR_BREAKIN_V3,000001,4294936559,518,522,0.155,0.082,3.956,0.557,3.399,37,REV,UNKNOWN,0.119,0.403,0.013,0.167,2.874,0.832,3.455,35,1.083,549,2.683,25.3
DATA,MOTOR_BREAKIN_V3,000001,4294936659,520,521,0.102,0.109,3.984,0.585,3.399,37,REV,UNKNOWN,0.105,0.358,0.053,0.418,2.874,0.832,3.455,35,1.083,549,2.683,25.3
DATA,MOTOR_BREAKIN_V3,000001,4294936759,518,522,0.155,0.082,3.984,0.585,3.399,37,REV,UNKNOWN,0.119,0.403,0.053,0.474,2.874,0.832,3.455,35,1.083,549,2.683,25.3
DATA,MOTOR_BREAKIN_V3,000001,4294936859,519,521,0.128,0.109,4.012,0.613,3.399,37,REV,UNKNOWN,0.119,0.403,0.026,0.334,2.874,0.832,3.455,35,1.083,549,2.683,25.3
DATA,MOTOR_BREAKIN_V3,000001,4294936959,518,523,0.155,0.056,3.928,0.585,3.343,37,REV,UNKNOWN,0.105,0.352,0.132,0.251,2.874,0.832,3.455,35,1.083,549,2.683,25.2
DATA,MOTOR_BREAKIN_V3,000001,4294937059,520,521,0.102,0.109,3.928,0.585,3.343,37,REV,UNKNOWN,0.105,0.352,0.132,0.251,2.874,0.832,3.455,35,1.083,549,2.683,25.3
DATA,MOTOR_BREAKIN_V3,000001,4294937159,519,522,0.128,0.082,4.012,0.585,3.427,37,REV,UNKNOWN,0.105,0.361,0.053,0.613,2.874,0.832,3.455,35,1.083,549,2.683,25.2
DATA,MOTOR_BREAKIN_V3,000001,4294937259,519,521,0.128,0.109,4.012,0.613,3.399,37,REV,UNKNOWN,0.119,0.403,0.119,0.585,2.874,0.832,3.455,35,1.083,549,2.683,25.2
DATA,MOTOR_BREAKIN_V3,000001,4294937359,520,522,0.102,0.082,4.067,0.557,3.510,37,REV,UNKNOWN,0.092,0.323,0.119,0.279,2.874,0.832,3.455,35,1.083,549,2.683,25.2
DATA,MOTOR_BREAKIN_V3,000001,4294937459,519,522,0.128,0.082,3.900,0.585,3.315,37,REV,UNKNOWN,0.105,0.349,0.040,0.251,2.874,0.832,3.455,35,1.083,549,2.683,25.3
DATA,MOTOR_BREAKIN_V3,000001,4294937559,518,522,0.155,0.082,3.928,0.585,3.343,37,REV,UNKNOWN,0.119,0.396,0.145,0.167,2.874,0.832,3.455,35,1.083,549,2.683,25.2
DATA,MOTOR_BREAKIN_V3,000001,4294937659,520,522,0.102,0.082,3.956,0.557,3.399,37,REV,UNKNOWN,0.092,0.313,0.145,0.084,2.874,0.832,3.455,35,1.083,549,2.683,25.2
DATA,MOTOR_BREAKIN_V3,000001,4294937759,520,522,0.102,0.082,3.984,0.557,3.427,37,REV,UNKNOWN,0.092,0.316,0.013,0.139,2.874,0.832,3.455,35,1.083,549,2.683,25.2
DATA,MOTOR_BREAKIN_V3,000001,4294937859,518,523,0.155,0.056,4.012,0.557,3.455,37,REV,UNKNOWN,0.105,0.364,0.145,0.167,2.874,0.832,3.455,35,1.083,549,2.683,25.2
DATA,MOTOR_BREAKIN_V3,000001,4294937959,518,522,0.155,0.082,3.956,0.585,3.371,37,REV,UNKNOWN,0.119,0.400,0.145,0.167,2.874,0.832,3.455,35,1.083,550,2.688,25.2
DATA,MOTOR_BREAKIN_V3,000001,4294938059,519,522,0.128,0.082,4.123,0.557,3.566,37,REV,UNKNOWN,0.105,0.376,0.026,0.223,2.874,0.832,3.455,35,1.083,549,2.683,25.2
DATA,MOTOR_BREAKIN_V3,000001,4294938159,520,521,0.102,0.109,3.984,0.613,3.371,37,REV,UNKNOWN,0.105,0.355,0.132,0.223,2.874,0.832,3.455,35,1.083,550,2.688,25.2
DATA,MOTOR_BREAKIN_V3,000001,4294938259,519,522,0.128,0.082,3.956,0.557,3.399,37,REV,UNKNOWN,0.105,0.358,0.132,0.223,2.874,0.832,3.455,35,1.083,548,2.678,25.2
DATA,MOTOR_BREAKIN_V3,000001,4294938359,519,521,0.128,0.109,3.984,0.557,3.427,37,REV,UNKNOWN,0.119,0.406,0.026,0.223,2.874,0.832,3.455,35,1.083,549,2.683,25.2
DATA,MOTOR_BREAKIN_V3,000001,4294938459,520,522,0.102,0.082,3.928,0.585,3.343,37,REV,UNKNOWN,0.092,0.308,0.119,0.251,2.874,0.832,3.455,35,1.083,549,2.683,25.2
DATA,MOTOR_BREAKIN_V3,000001,4294938559,519,522,0.128,0.082,4.012,0.557,3.455,37,REV,UNKNOWN,0.105,0.364,0.119,0.223,2.874,0.832,3.455,35,1.083,549,2.683,25.2
DATA,MOTOR_BREAKIN_V3,000001,4294938659,519,522,0.128,0.082,3.984,0.557,3.427,37,REV,UNKNOWN,0.105,0.361,0.026,0.306,2.874,0.832,3.455,35,1.083,550,2.688,25.2
DATA,MOTOR_BREAKIN_V3,000001,4294938759,519,522,0.128,0.082,3.928,0.557,3.371,37,REV,UNKNOWN,0.105,0.355,0.132,0.279,2.874,0.832,3.455,35,1.083,549,2.683,25.2
DATA,MOTOR_BREAKIN_V3,000001,4294938859,519,522,0.128,0.082,3.845,0.975,2.870,37,REV,UNKNOWN,0.105,0.302,0.132,0.613,2.874,0.832,3.455,35,1.083,550,2.688,25.2
DATA,MOTOR_BREAKIN_V3,000001,4294938959,519,521,0.128,0.109,3.928,0.613,3.315,37,REV,UNKNOWN,0.119,0.393,0.026,0.585,2.874,0.832,3.455,35,1.083,549,2.683,25.2
DATA,MOTOR_BREAKIN_V3,000001,4294939059,519,522,0.128,0.082,3.956,0.585,3.371,37,REV,UNKNOWN,0.105,0.355,0.119,0.223,2.874,0.832,3.455,35,1.083,549,2.683,25.2
DATA,MOTOR_BREAKIN_V3,000001,4294939159,519,522,0.128,0.082,4.040,0.557,3.482,37,REV,UNKNOWN,0.105,0.367,0.132,0.223,2.874,0.832,3.455,35,1.083,549,2.683,25.2
DATA,MOTOR_BREAKIN_V3,000001,4294939259,519,521,0.128,0.109,3.984,0.613,3.371,37,REV,UNKNOWN,0.119,0.400,0.132,0.279,2.874,0.832,3.455,35,1.083,549,2.683,25.2
DATA,MOTOR_BREAKIN_V3,000001,4294939359,519,522,0.128,0.082,3.956,0.557,3.399,37,REV,UNKNOWN,0.105,0.358,0.119,0.279,2.874,0.832,3.455,35,1.083,549,2.683,25.2
DATA,MOTOR_BREAKIN_V3,000001,4294939459,519,523,0.128,0.056,3.956,0.557,3.399,37,REV,UNKNOWN,0.092,0.313,0.173,0.306,2.874,0.832,3.455,35,1.083,548,2.678,25.2
DATA,MOTOR_BREAKIN_V3,000001,4294939560,519,521,0.128,0.109,3.984,0.585,3.399,37,REV,UNKNOWN,0.119,0.403,0.173,0.306,2.874,0.832,3.455,35,1.083,549,2.683,25.2
DATA,MOTOR_BREAKIN_V3,000001,4294939660,519,521,0.128,0.109,3.984,0.585,3.399,37,REV,UNKNOWN,0.119,0.403,0.132,0.251,2.874,0.832,3.455,35,1.083,549,2.683,25.2
DATA,MOTOR_BREAKIN_V3,000001,4294939760,519,522,0.128,0.082,3.956,0.557,3.399,37,REV,UNKNOWN,0.105,0.358,0.132,0.139,2.874,0.832,3.455,35,1.083,549,2.683,25.2
DATA,MOTOR_BREAKIN_V3,000001,4294939860,520,523,0.102,0.056,3.984,0.557,3.427,37,REV,UNKNOWN,0.079,0.270,0.145,0.474,2.874,0.832,3.455,35,1.083,549,2.683,25.2
DATA,MOTOR_BREAKIN_V3,000001,4294939960,519,522,0.128,0.082,3.928,0.585,3.343,37,REV,UNKNOWN,0.105,0.352,0.053,0.557,2.874,0.832,3.455,35,1.083,549,2.683,25.2
DATA,MOTOR_BREAKIN_V3,000001,4294940060,521,522,0.076,0.082,3.956,0.557,3.399,37,REV,UNKNOWN,0.079,0.268,0.172,0.251,2.874,0.832,3.455,35,1.083,550,2.688,25.2
DATA,MOTOR_BREAKIN_V3,000001,4294940160,520,522,0.102,0.082,3.956,0.585,3.371,37,REV,UNKNOWN,0.092,0.311,0.159,0.167,2.874,0.832,3.455,35,1.083,550,2.688,25.2
DATA,MOTOR_BREAKIN_V3,000001,4294940260,519,522,0.128,0.082,3.956,0.585,3.371,37,REV,UNKNOWN,0.105,0.355,0.053,0.223,2.874,0.832,3.455,35,1.083,550,2.688,25.2
DATA,MOTOR_BREAKIN_V3,000001,4294940360,518,522,0.155,0.082,3.928,0.585,3.343,37,REV,UNKNOWN,0.119,0.396,0.053,0.279,2.874,0.832,3.455,35,1.083,548,2.678,25.2
DATA,MOTOR_BREAKIN_V3,000001,4294940460,519,521,0.128,0.109,4.012,0.529,3.482,37,REV,UNKNOWN,0.119,0.413,0.026,0.195,2.874,0.832,3.455,35,1.083,549,2.683,25.2
DATA,MOTOR_BREAKIN_V3,000001,4294940560,519,521,0.128,0.109,4.012,0.557,3.455,37,REV,UNKNOWN,0.119,0.410,0.040,0.139,2.874,0.832,3.455,35,1.083,549,2.683,25.2
DATA,MOTOR_BREAKIN_V3,000001,4294940660,519,522,0.128,0.082,3.984,0.557,3.427,37,REV,UNKNOWN,0.105,0.361,0.040,0.139,2.874,0.832,3.455,35,1.083,549,2.683,25.2
DATA,MOTOR_BREAKIN_V3,000001,4294940760,520,521,0.102,0.109,3.956,0.585,3.371,37,REV,UNKNOWN,0.105,0.355,0.026,0.084,2.874,0.832,3.455,35,1.083,549,2.683,25.2
DATA,MOTOR_BREAKIN_V3,000001,4294940860,519,522,0.128,0.082,3.928,0.585,3.343,37,REV,UNKNOWN,0.105,0.352,0.026,0.223,2.874,0.832,3.455,35,1.083,549,2.683,25.2
DATA,MOTOR_BREAKIN_V3,000001,4294940960,518,522,0.155,0.082,4.040,0.557,3.482,37,REV,UNKNOWN,0.119,0.413,0.026,0.223,2.874,0.832,3.455,35,1.083,549,2.683,25.1
DATA,MOTOR_BREAKIN_V3,000001,4294941060,519,521,0.128,0.109,3.984,0.557,3.427,37,REV,UNKNOWN,0.119,0.406,0.040,0.251,2.874,0.832,3.455,35,1.083,549,2.683,25.2
DATA,MOTOR_BREAKIN_V3,000001,4294941160,519,522,0.128,0.082,3.956,0.585,3.371,37,REV,UNKNOWN,0.105,0.355,0.040,0.418,2.874,0.832,3.455,35,1.083,549,2.683,25.2
DATA,MOTOR_BREAKIN_V3,000001,4294941260,519,522,0.128,0.082,3.956,0.557,3.399,37,REV,UNKNOWN,0.105,0.358,0.040,0.390,2.874,0.832,3.455,35,1.083,549,2.683,25.1
DATA,MOTOR_BREAKIN_V3,000001,4294941360,519,522,0.128,0.082,3.956,0.557,3.399,37,REV,UNKNOWN,0.105,0.358,0.026,0.111,2.874,0.832,3.455,35,1.083,549,2.683,25.2
DATA,MOTOR_BREAKIN_V3,000001,4294941460,519,522,0.128,0.082,3.984,0.585,3.399,37,REV,UNKNOWN,0.105,0.358,0.026,0.111,2.874,0.832,3.455,35,1.083,549,2.683,25.2
DATA,MOTOR_BREAKIN_V3,000001,4294941560,520,521,0.102,0.109,3.900,0.585,3.315,37,REV,UNKNOWN,0.105,0.349,0.026,0.279,2.874,0.832,3.455,35,1.083,549,2.683,25.2
DATA,MOTOR_BREAKIN_V3,000001,4294941660,519,521,0.128,0.109,3.956,0.613,3.343,37,REV,UNKNOWN,0.119,0.396,0.026,0.279,2.874,0.832,3.455,35,1.083,549,2.683,25.1
DATA,MOTOR_BREAKIN_V3,000001,4294941760,521,522,0.076,0.082,4.123,0.557,3.566,37,REV,UNKNOWN,0.079,0.281,0.040,0.279,2.874,0.832,3.455,35,1.083,548,2.678,25.2
DATA,MOTOR_BREAKIN_V3,000001,4294941860,519,522,0.128,0.082,3.956,0.557,3.399,37,REV,UNKNOWN,0.105,0.358,0.040,0.279,2.874,0.832,3.455,35,1.083,549,2.683,25.1
DATA,MOTOR_BREAKIN_V3,000001,4294941960,519,522,0.128,0.082,3.984,0.613,3.371,37,REV,UNKNOWN,0.105,0.355,0.040,0.195,2.874,0.832,3.455,35,1.083,549,2.683,25.1
DATA,MOTOR_BREAKIN_V3,000001,4294942060,519,521,0.128,0.109,3.872,0.585,3.287,37,REV,UNKNOWN,0.119,0.390,0.040,0.251,2.874,0.832,3.455,35,1.083,549,2.683,25.1
DATA,MOTOR_BREAKIN_V3,000001,4294942160,519,522,0.128,0.082,3.984,0.585,3.399,37,REV,UNKNOWN,0.105,0.358,0.040,0.167,2.874,0.832,3.455,35,1.083,549,2.683,25.1
DATA,MOTOR_BREAKIN_V3,000001,4294942260,518,522,0.155,0.082,4.012,0.585,3.427,37,REV,UNKNOWN,0.119,0.406,0.040,0.167,2.874,0.832,3.455,35,1.083,549,2.683,25.1
DATA,MOTOR_BREAKIN_V3,000001,4294942360,519,522,0.128,0.082,3.845,0.557,3.287,37,REV,UNKNOWN,0.105,0.346,0.026,0.167,2.874,0.832,3.455,35,1.083,549,2.683,25.2
DATA,MOTOR_BREAKIN_V3,000001,4294942461,519,522,0.128,0.082,3.872,0.585,3.287,37,REV,UNKNOWN,0.105,0.346,0.013,0.139,2.874,0.832,3.455,35,1.083,549,2.683,25.1
DATA,MOTOR_BREAKIN_V3,000001,4294942561,519,521,0.128,0.109,3.900,0.585,3.315,37,REV,UNKNOWN,0.119,0.393,0.026,0.139,2.874,0.832,3.455,35,1.083,549,2.683,25.1
DATA,MOTOR_BREAKIN_V3,000001,4294942661,519,522,0.128,0.082,3.956,0.529,3.427,37,REV,UNKNOWN,0.105,0.361,0.145,0.279,2.874,0.832,3.455,35,1.083,550,2.688,25.1
DATA,MOTOR_BREAKIN_V3,000001,4294942761,519,522,0.128,0.082,3.845,0.669,3.176,37,REV,UNKNOWN,0.105,0.335,0.145,0.279,2.874,0.832,3.455,35,1.083,549,2.683,25.1
DATA,MOTOR_BREAKIN_V3,000001,4294942861,519,522,0.128,0.082,3.900,0.585,3.315,37,REV,UNKNOWN,0.105,0.349,0.013,0.195,2.874,0.832,3.455,35,1.083,549,2.683,25.1
DATA,MOTOR_BREAKIN_V3,000001,4294942961,519,522,0.128,0.082,3.900,0.585,3.315,37,REV,UNKNOWN,0.105,0.349,0.159,0.111,2.874,0.832,3.455,35,1.083,549,2.683,25.1
DATA,MOTOR_BREAKIN_V3,000001,4294943061,519,522,0.128,0.082,3.956,0.557,3.399,37,REV,UNKNOWN,0.105,0.358,0.159,0.139,2.874,0.832,3.455,35,1.083,550,2.688,25.1
DATA,MOTOR_BREAKIN_V3,000001,4294943161,519,521,0.128,0.109,3.845,0.836,3.009,37,REV,UNKNOWN,0.119,0.357,0.013,0.501,2.874,0.832,3.455,35,1.083,549,2.683,25.1
DATA,MOTOR_BREAKIN_V3,000001,4294943261,519,522,0.128,0.082,3.872,0.585,3.287,37,REV,UNKNOWN,0.105,0.346,0.145,0.501,2.874,0.832,3.455,35,1.083,549,2.683,25.1
DATA,MOTOR_BREAKIN_V3,000001,4294943361,520,522,0.102,0.082,4.067,0.557,3.510,37,REV,UNKNOWN,0.092,0.323,0.172,0.362,2.874,0.832,3.455,35,1.083,549,2.683,25.1
DATA,MOTOR_BREAKIN_V3,000001,4294943461,519,522,0.128,0.082,3.928,0.557,3.371,37,REV,UNKNOWN,0.105,0.355,0.066,0.306,2.874,0.832,3.455,35,1.083,549,2.683,25.1
DATA,MOTOR_BREAKIN_V3,000001,4294943561,519,522,0.128,0.082,3.900,0.585,3.315,37,REV,UNKNOWN,0.105,0.349,0.145,0.251,2.874,0.832,3.455,35,1.083,549,2.683,25.1
DATA,MOTOR_BREAKIN_V3,000001,4294943661,519,522,0.128,0.082,3.900,0.585,3.315,37,REV,UNKNOWN,0.105,0.349,0.145,0.306,2.874,0.832,3.455,35,1.083,550,2.688,25.1
DATA,MOTOR_BREAKIN_V3,000001,4294943761,519,521,0.128,0.109,3.984,0.585,3.399,37,REV,UNKNOWN,0.119,0.403,0.026,0.167,2.874,0.832,3.455,35,1.083,549,2.683,25.1
DATA,MOTOR_BREAKIN_V3,000001,4294943861,519,522,0.128,0.082,3.845,0.585,3.260,37,REV,UNKNOWN,0.105,0.343,0.159,0.446,2.874,0.832,3.455,35,1.083,549,2.683,25.1
DATA,MOTOR_BREAKIN_V3,000001,4294943961,519,521,0.128,0.109,3.956,0.613,3.343,37,REV,UNKNOWN,0.119,0.396,0.172,0.446,2.874,0.832,3.455,35,1.083,549,2.683,25.1
DATA,MOTOR_BREAKIN_V3,000001,4294944061,519,521,0.128,0.109,3.928,0.585,3.343,37,REV,UNKNOWN,0.119,0.396,0.040,0.167,2.874,0.832,3.455,35,1.083,549,2.683,25.1
DATA,MOTOR_BREAKIN_V3,000001,4294944161,519,521,0.128,0.109,3.900,0.557,3.343,37,REV,UNKNOWN,0.119,0.396,0.172,0.139,2.874,0.832,3.455,35,1.083,549,2.683,25.1
DATA,MOTOR_BREAKIN_V3,000001,4294944261,519,521,0.128,0.109,3.928,0.585,3.343,37,REV,UNKNOWN,0.119,0.396,0.172,0.167,2.874,0.832,3.455,35,1.083,549,2.683,25.1
DATA,MOTOR_BREAKIN_V3,000001,4294944361,519,521,0.128,0.109,3.956,0.613,3.343,37,REV,UNKNOWN,0.119,0.396,0.026,0.167,2.874,0.832,3.455,35,1.083,549,2.683,25.1
DATA,MOTOR_BREAKIN_V3,000001,4294944461,518,522,0.155,0.082,3.872,0.585,3.287,37,REV,UNKNOWN,0.119,0.390,0.132,0.139,2.874,0.832,3.455,35,1.083,549,2.683,25.1
DATA,MOTOR_BREAKIN_V3,000001,4294944561,520,521,0.102,0.109,3.984,0.557,3.427,37,REV,UNKNOWN,0.105,0.361,0.132,0.139,2.874,0.832,3.455,35,1.083,549,2.683,25.1
DATA,MOTOR_BREAKIN_V3,000001,4294944661,518,521,0.155,0.109,3.928,0.585,3.343,37,REV,UNKNOWN,0.132,0.441,0.026,0.139,2.874,0.832,3.455,35,1.083,549,2.683,25.1
DATA,MOTOR_BREAKIN_V3,000001,4294944761,519,522,0.128,0.082,3.928,0.585,3.343,37,REV,UNKNOWN,0.105,0.352,0.119,0.390,2.874,0.832,3.455,35,1.083,549,2.683,25.1
DATA,MOTOR_BREAKIN_V3,000001,4294944861,519,521,0.128,0.109,4.040,0.529,3.510,37,REV,UNKNOWN,0.119,0.416,0.145,0.529,2.874,0.832,3.455,35,1.083,550,2.688,25.1
DATA,MOTOR_BREAKIN_V3,000001,4294944961,518,521,0.155,0.109,3.956,0.585,3.371,37,REV,UNKNOWN,0.132,0.444,0.053,0.306,2.874,0.832,3.455,35,1.083,549,2.683,25.1
DATA,MOTOR_BREAKIN_V3,000001,4294945061,520,522,0.102,0.082,4.040,0.669,3.371,37,REV,UNKNOWN,0.092,0.311,0.040,0.501,2.874,0.832,3.455,35,1.083,550,2.688,25.1
DATA,MOTOR_BREAKIN_V3,000001,4294945161,518,522,0.155,0.082,3.928,0.585,3.343,37,REV,UNKNOWN,0.119,0.396,0.040,0.501,2.874,0.832,3.455,35,1.083,549,2.683,25.1
DATA,MOTOR_BREAKIN_V3,000001,4294945261,520,522,0.102,0.082,3.984,0.641,3.343,37,REV,UNKNOWN,0.092,0.308,0.145,0.195,2.874,0.832,3.455,35,1.083,549,2.683,25.1
DATA,MOTOR_BREAKIN_V3,000001,4294945361,519,522,0.128,0.082,3.900,0.613,3.287,37,REV,UNKNOWN,0.105,0.346,0.145,0.223,2.874,0.832,3.455,35,1.083,549,2.683,25.1
DATA,MOTOR_BREAKIN_V3,000001,4294945461,519,521,0.128,0.109,3.900,0.585,3.315,37,REV,UNKNOWN,0.119,0.393,0.106,0.223,2.874,0.832,3.455,35,1.083,549,2.683,25.1
DATA,MOTOR_BREAKIN_V3,000001,4294945560,519,522,0.128,0.082,4.012,0.557,3.455,37,REV,UNKNOWN,0.105,0.364,0.159,0.139,2.874,0.832,3.455,35,1.083,549,2.683,25.1
DATA,MOTOR_BREAKIN_V3,000001,4294945661,519,522,0.128,0.082,3.928,0.557,3.371,37,REV,UNKNOWN,0.105,0.355,0.185,0.390,2.874,0.832,3.455,35,1.083,549,2.683,25.1
DATA,MOTOR_BREAKIN_V3,000001,4294945761,519,522,0.128,0.082,3.984,0.585,3.399,37,REV,UNKNOWN,0.105,0.358,0.040,0.529,2.874,0.832,3.455,35,1.083,549,2.683,25.1
DATA,MOTOR_BREAKIN_V3,000001,4294945861,519,521,0.128,0.109,4.095,0.669,3.427,37,REV,UNKNOWN,0.119,0.406,0.145,0.529,2.874,0.832,3.455,35,1.083,549,2.683,25.1
DATA,MOTOR_BREAKIN_V3,000001,4294945961,518,522,0.155,0.082,4.095,0.613,3.482,37,REV,UNKNOWN,0.119,0.413,0.145,0.279,2.874,0.832,3.455,35,1.083,549,2.683,25.1
DATA,MOTOR_BREAKIN_V3,000001,4294946061,519,522,0.128,0.082,3.872,0.585,3.287,37,REV,UNKNOWN,0.105,0.346,0.026,0.306,2.874,0.832,3.455,35,1.083,549,2.683,25.1
DATA,MOTOR_BREAKIN_V3,000001,4294946161,518,522,0.155,0.082,3.900,0.585,3.315,37,REV,UNKNOWN,0.119,0.393,0.119,0.167,2.874,0.832,3.455,35,1.083,549,2.683,25.1
DATA,MOTOR_BREAKIN_V3,000001,4294946237,520,523,0.102,0.056,4.067,0.669,3.399,37,REV,UNKNOWN,0.079,0.268,0.145,0.167,2.874,0.832,3.455,35,1.083,549,2.683,25.1
DATA,MOTOR_BREAKIN_V3,000001,898214432,519,521,0.128,0.109,4.012,0.557,3.455,37,REV,UNKNOWN,0.119,0.410,0.040,0.195,2.874,0.832,3.455,35,1.083,549,2.683,25.0
DATA,MOTOR_BREAKIN_V3,000001,898214532,519,522,0.128,0.082,3.900,0.585,3.315,37,REV,UNKNOWN,0.105,0.349,0.026,0.195,2.874,0.832,3.455,35,1.083,549,2.683,25.1
DATA,MOTOR_BREAKIN_V3,000001,898214632,517,522,0.181,0.082,3.956,0.585,3.371,37,REV,UNKNOWN,0.132,0.444,0.040,0.195,2.874,0.832,3.455,35,1.083,549,2.683,25.1
DATA,MOTOR_BREAKIN_V3,000001,898214732,521,523,0.076,0.056,4.067,0.501,3.566,37,REV,UNKNOWN,0.066,0.234,0.555,0.306,2.874,0.832,3.455,35,1.083,550,2.688,25.1
DATA,MOTOR_BREAKIN_V3,000001,898214832,518,521,0.155,0.109,3.984,0.557,3.427,37,REV,UNKNOWN,0.132,0.452,0.555,0.390,2.874,0.832,3.455,35,1.083,549,2.683,25.1
DATA,MOTOR_BREAKIN_V3,000001,898214932,519,521,0.128,0.109,4.012,0.696,3.315,37,REV,UNKNOWN,0.119,0.393,0.040,0.279,2.874,0.832,3.455,35,1.083,549,2.683,25.1
DATA,MOTOR_BREAKIN_V3,000001,898215032,519,522,0.128,0.082,3.900,0.585,3.315,37,REV,UNKNOWN,0.105,0.349,0.040,0.167,2.874,0.832,3.455,35,1.083,549,2.683,25.1
DATA,MOTOR_BREAKIN_V3,000001,898215132,519,521,0.128,0.109,4.040,0.585,3.455,37,REV,UNKNOWN,0.119,0.410,0.053,0.334,2.874,0.832,3.455,35,1.083,550,2.688,25.1
DATA,MOTOR_BREAKIN_V3,000001,898215232,519,522,0.128,0.082,4.040,0.529,3.510,37,REV,UNKNOWN,0.105,0.370,0.053,0.334,2.874,0.832,3.455,35,1.083,549,2.683,25.1
DATA,MOTOR_BREAKIN_V3,000001,898215332,518,521,0.155,0.109,3.928,0.585,3.343,37,REV,UNKNOWN,0.132,0.441,0.040,0.195,2.874,0.832,3.455,35,1.083,549,2.683,25.1
DATA,MOTOR_BREAKIN_V3,000001,898215432,518,521,0.155,0.109,4.012,0.585,3.427,37,REV,UNKNOWN,0.132,0.452,0.040,0.724,2.874,0.832,3.455,35,1.083,549,2.683,25.1
DATA,MOTOR_BREAKIN_V3,000001,898215532,519,522,0.128,0.082,3.928,0.585,3.343,37,REV,UNKNOWN,0.105,0.352,0.026,0.669,2.874,0.832,3.455,35,1.083,549,2.683,25.0
DATA,MOTOR_BREAKIN_V3,000001,898215632,519,522,0.128,0.082,3.900,0.585,3.315,37,REV,UNKNOWN,0.105,0.349,0.026,0.195,2.874,0.832,3.455,35,1.083,549,2.683,25.0
DATA,MOTOR_BREAKIN_V3,000001,898215732,518,522,0.155,0.082,3.956,0.585,3.371,37,REV,UNKNOWN,0.119,0.400,0.026,0.139,2.874,0.832,3.455,35,1.083,549,2.683,25.1
DATA,MOTOR_BREAKIN_V3,000001,898215832,518,521,0.155,0.109,3.900,0.557,3.343,37,REV,UNKNOWN,0.132,0.441,0.026,0.084,2.874,0.832,3.455,35,1.083,549,2.683,25.0
DATA,MOTOR_BREAKIN_V3,000001,898215933,519,522,0.128,0.082,4.040,0.585,3.455,37,REV,UNKNOWN,0.105,0.364,0.053,0.251,2.874,0.832,3.455,35,1.083,549,2.683,25.0
DATA,MOTOR_BREAKIN_V3,000001,898216033,519,522,0.128,0.082,3.984,0.585,3.399,37,REV,UNKNOWN,0.105,0.358,0.040,0.696,2.874,0.832,3.455,35,1.083,550,2.688,25.0
DATA,MOTOR_BREAKIN_V3,000001,898216133,519,521,0.128,0.109,3.956,0.585,3.371,37,REV,UNKNOWN,0.119,0.400,0.476,0.641,2.874,0.832,3.455,35,1.083,549,2.683,25.0
DATA,MOTOR_BREAKIN_V3,000001,898216233,518,522,0.155,0.082,4.040,0.585,3.455,37,REV,UNKNOWN,0.119,0.410,0.489,0.195,2.874,0.832,3.455,35,1.083,549,2.683,25.0
DATA,MOTOR_BREAKIN_V3,000001,898216333,519,521,0.128,0.109,3.928,0.585,3.343,37,REV,UNKNOWN,0.119,0.396,0.026,0.195,2.874,0.832,3.455,35,1.083,549,2.683,25.0
DATA,MOTOR_BREAKIN_V3,000001,898216433,519,522,0.128,0.082,3.900,0.585,3.315,37,REV,UNKNOWN,0.105,0.349,0.528,0.223,2.874,0.832,3.455,35,1.083,549,2.683,25.0
DATA,MOTOR_BREAKIN_V3,000001,898216533,520,522,0.102,0.082,3.900,0.585,3.315,37,REV,UNKNOWN,0.092,0.305,0.542,0.613,2.874,0.832,3.455,35,1.083,549,2.683,25.0
DATA,MOTOR_BREAKIN_V3,000001,898216633,519,522,0.128,0.082,3.845,0.585,3.260,37,REV,UNKNOWN,0.105,0.343,0.040,0.613,2.874,0.832,3.455,35,1.083,549,2.683,25.0
DATA,MOTOR_BREAKIN_V3,000001,898216733,520,523,0.102,0.056,4.095,0.585,3.510,37,REV,UNKNOWN,0.079,0.277,0.528,0.279,2.874,0.832,3.455,35,1.083,549,2.683,25.0
DATA,MOTOR_BREAKIN_V3,000001,898216833,519,522,0.128,0.082,3.984,0.557,3.427,37,REV,UNKNOWN,0.105,0.361,0.528,0.334,2.874,0.832,3.455,35,1.083,549,2.683,25.0
DATA,MOTOR_BREAKIN_V3,000001,898216933,518,521,0.155,0.109,3.956,0.585,3.371,37,REV,UNKNOWN,0.132,0.444,0.053,0.334,2.874,0.832,3.455,35,1.083,549,2.683,25.0
DATA,MOTOR_BREAKIN_V3,000001,898217033,518,521,0.155,0.109,3.956,0.585,3.371,37,REV,UNKNOWN,0.132,0.444,0.502,0.167,2.874,0.832,3.455,35,1.083,549,2.683,25.0
DATA,MOTOR_BREAKIN_V3,000001,898217133,519,522,0.128,0.082,4.040,0.613,3.427,37,REV,UNKNOWN,0.105,0.361,0.502,0.167,2.874,0.832,3.455,35,1.083,549,2.683,25.0
DATA,MOTOR_BREAKIN_V3,000001,898217233,519,522,0.128,0.082,4.012,0.585,3.427,37,REV,UNKNOWN,0.105,0.361,0.026,0.167,2.874,0.832,3.455,35,1.083,549,2.683,25.0
DATA,MOTOR_BREAKIN_V3,000001,898217333,518,521,0.155,0.109,3.984,0.557,3.427,37,REV,UNKNOWN,0.132,0.452,0.502,0.279,2.874,0.832,3.455,35,1.083,549,2.683,25.0
DATA,MOTOR_BREAKIN_V3,000001,898217433,518,522,0.155,0.082,4.012,0.557,3.455,37,REV,UNKNOWN,0.119,0.410,0.515,0.279,2.874,0.832,3.455,35,1.083,549,2.683,25.0
DATA,MOTOR_BREAKIN_V3,000001,898217533,519,522,0.128,0.082,3.984,0.557,3.427,37,REV,UNKNOWN,0.105,0.361,0.040,0.362,2.874,0.832,3.455,35,1.083,549,2.683,25.0
DATA,MOTOR_BREAKIN_V3,000001,898217633,519,522,0.128,0.082,3.900,0.585,3.315,37,REV,UNKNOWN,0.105,0.349,0.515,0.613,2.874,0.832,3.455,35,1.083,549,2.683,25.0
DATA,MOTOR_BREAKIN_V3,000001,898217733,519,521,0.128,0.109,4.012,0.585,3.427,37,REV,UNKNOWN,0.119,0.406,0.515,0.390,2.874,0.832,3.455,35,1.083,549,2.683,25.0
DATA,MOTOR_BREAKIN_V3,000001,898217833,518,521,0.155,0.109,3.984,0.585,3.399,37,REV,UNKNOWN,0.132,0.448,0.040,0.279,2.874,0.832,3.455,35,1.083,549,2.683,25.0
DATA,MOTOR_BREAKIN_V3,000001,898217933,519,522,0.128,0.082,3.900,0.585,3.315,37,REV,UNKNOWN,0.105,0.349,0.476,0.111,2.874,0.832,3.455,35,1.083,549,2.683,25.0
DATA,MOTOR_BREAKIN_V3,000001,898218033,519,522,0.128,0.082,3.984,0.585,3.399,37,REV,UNKNOWN,0.105,0.358,0.462,0.195,2.874,0.832,3.455,35,1.083,549,2.683,25.0
DATA,MOTOR_BREAKIN_V3,000001,898218133,519,522,0.128,0.082,3.900,0.557,3.343,37,REV,UNKNOWN,0.105,0.352,0.026,0.167,2.874,0.832,3.455,35,1.083,549,2.683,25.0
DATA,MOTOR_BREAKIN_V3,000001,898218233,519,521,0.128,0.109,4.012,0.585,3.427,37,REV,UNKNOWN,0.119,0.406,0.515,0.139,2.874,0.832,3.455,35,1.083,549,2.683,25.0
DATA,MOTOR_BREAKIN_V3,000001,898218333,519,521,0.128,0.109,3.956,0.557,3.399,37,REV,UNKNOWN,0.119,0.403,0.515,0.195,2.874,0.832,3.455,35,1.083,549,2.683,25.0
DATA,MOTOR_BREAKIN_V3,000001,898218433,519,522,0.128,0.082,4.012,0.585,3.427,37,REV,UNKNOWN,0.105,0.361,0.081,0.279,2.874,0.832,3.455,35,1.083,549,2.683,25.0
DATA,MOTOR_BREAKIN_V3,000001,898218533,519,522,0.128,0.082,4.095,0.585,3.510,37,REV,UNKNOWN,0.105,0.370,0.517,0.223,2.874,0.832,3.455,35,1.083,549,2.683,25.0
DATA,MOTOR_BREAKIN_V3,000001,898218633,519,522,0.128,0.082,3.956,0.585,3.371,37,REV,UNKNOWN,0.105,0.355,0.462,0.195,2.874,0.832,3.455,35,1.083,549,2.683,25.0
DATA,MOTOR_BREAKIN_V3,000001,898218733,519,522,0.128,0.082,3.928,0.585,3.343,37,REV,UNKNOWN,0.105,0.352,0.462,0.084,2.874,0.832,3.455,35,1.083,549,2.683,25.0
DATA,MOTOR_BREAKIN_V3,000001,898218833,519,522,0.128,0.082,3.872,0.585,3.287,37,REV,UNKNOWN,0.105,0.346,0.462,0.111,2.874,0.832,3.455,35,1.083,549,2.683,25.0
DATA,MOTOR_BREAKIN_V3,000001,898218933,519,522,0.128,0.082,4.012,0.474,3.538,37,REV,UNKNOWN,0.105,0.373,0.449,0.251,2.874,0.832,3.455,35,1.083,549,2.683,25.0
DATA,MOTOR_BREAKIN_V3,000001,898219032,519,521,0.128,0.109,3.956,0.585,3.371,37,REV,UNKNOWN,0.119,0.400,0.476,0.390,2.874,0.832,3.455,35,1.083,549,2.683,25.0
DATA,MOTOR_BREAKIN_V3,000001,898219133,518,522,0.155,0.082,4.040,0.613,3.427,37,REV,UNKNOWN,0.119,0.406,0.476,0.362,2.874,0.832,3.455,35,1.083,549,2.683,25.0
DATA,MOTOR_BREAKIN_V3,000001,898219233,519,523,0.128,0.056,4.012,0.529,3.482,37,REV,UNKNOWN,0.092,0.321,0.040,0.139,2.874,0.832,3.455,35,1.083,549,2.683,25.0
DATA,MOTOR_BREAKIN_V3,000001,898219333,519,522,0.128,0.082,3.928,0.585,3.343,37,REV,UNKNOWN,0.105,0.352,0.476,0.195,2.874,0.832,3.455,35,1.083,549,2.683,25.0
DATA,MOTOR_BREAKIN_V3,000001,898219433,519,522,0.128,0.082,3.956,0.557,3.399,37,REV,UNKNOWN,0.105,0.358,0.462,0.139,2.874,0.832,3.455,35,1.083,549,2.683,25.0
DATA,MOTOR_BREAKIN_V3,000001,898219533,518,522,0.155,0.082,3.900,0.557,3.343,37,REV,UNKNOWN,0.119,0.396,0.013,0.111,2.874,0.832,3.455,35,1.083,549,2.683,25.0
DATA,MOTOR_BREAKIN_V3,000001,898219633,518,522,0.155,0.082,3.984,0.724,3.260,37,REV,UNKNOWN,0.119,0.386,0.383,0.446,2.874,0.832,3.455,35,1.083,550,2.688,25.0
DATA,MOTOR_BREAKIN_V3,000001,898219733,519,521,0.128,0.109,3.984,0.724,3.260,37,REV,UNKNOWN,0.119,0.386,0.383,0.446,2.874,0.832,3.455,35,1.083,549,2.683,25.0
DATA,MOTOR_BREAKIN_V3,000001,898219833,518,521,0.155,0.109,4.040,0.529,3.510,37,REV,UNKNOWN,0.132,0.463,0.053,0.279,2.874,0.832,3.455,35,1.083,550,2.688,25.0
DATA,MOTOR_BREAKIN_V3,000001,898219933,519,521,0.128,0.109,3.817,0.696,3.120,37,REV,UNKNOWN,0.119,0.370,0.396,0.418,2.874,0.832,3.455,35,1.083,549,2.683,25.0
DATA,MOTOR_BREAKIN_V3,000001,898220033,518,522,0.155,0.082,3.956,0.585,3.371,37,REV,UNKNOWN,0.119,0.400,0.383,0.418,2.874,0.832,3.455,35,1.083,549,2.683,25.0
DATA,MOTOR_BREAKIN_V3,000001,898220133,518,522,0.155,0.082,3.928,0.585,3.343,37,REV,UNKNOWN,0.119,0.396,0.040,0.111,2.874,0.832,3.455,35,1.083,549,2.683,25.0
DATA,MOTOR_BREAKIN_V3,000001,898220233,519,521,0.128,0.109,3.872,0.585,3.287,37,REV,UNKNOWN,0.119,0.390,0.462,0.139,2.874,0.832,3.455,35,1.083,549,2.683,25.0
DATA,MOTOR_BREAKIN_V3,000001,898220333,518,521,0.155,0.109,3.872,0.585,3.287,37,REV,UNKNOWN,0.132,0.433,0.462,0.139,2.874,0.832,3.455,35,1.083,549,2.683,25.0
DATA,MOTOR_BREAKIN_V3,000001,898220433,519,522,0.128,0.082,3.984,0.557,3.427,37,REV,UNKNOWN,0.105,0.361,0.026,0.195,2.874,0.832,3.455,35,1.083,549,2.683,25.0
DATA,MOTOR_BREAKIN_V3,000001,898220533,518,521,0.155,0.109,4.012,0.613,3.399,37,REV,UNKNOWN,0.132,0.448,0.462,0.195,2.874,0.832,3.455,35,1.083,549,2.683,25.0
DATA,MOTOR_BREAKIN_V3,000001,898220633,519,522,0.128,0.082,3.956,0.557,3.399,37,REV,UNKNOWN,0.105,0.358,0.476,0.446,2.874,0.832,3.455,35,1.083,549,2.683,25.0
DATA,MOTOR_BREAKIN_V3,000001,898220733,518,522,0.155,0.082,3.984,0.585,3.399,37,REV,UNKNOWN,0.119,0.403,0.040,0.446,2.874,0.832,3.455,35,1.083,549,2.683,25.0
DATA,MOTOR_BREAKIN_V3,000001,898220833,519,522,0.128,0.082,3.956,0.557,3.399,37,REV,UNKNOWN,0.105,0.358,0.251,0.362,2.874,0.832,3.455,35,1.083,549,2.683,25.0
DATA,MOTOR_BREAKIN_V3,000001,898220933,519,522,0.128,0.082,3.956,0.585,3.371,37,REV,UNKNOWN,0.105,0.355,0.251,0.334,2.874,0.832,3.455,35,1.083,549,2.683,25.0
DATA,MOTOR_BREAKIN_V3,000001,898221033,518,521,0.155,0.109,3.900,0.641,3.260,37,REV,UNKNOWN,0.132,0.430,0.040,0.279,2.874,0.832,3.455,35,1.083,549,2.683,25.0
DATA,MOTOR_BREAKIN_V3,000001,898221133,519,522,0.128,0.082,3.984,0.557,3.427,37,REV,UNKNOWN,0.105,0.361,0.476,0.279,2.874,0.832,3.455,35,1.083,549,2.683,25.0
DATA,MOTOR_BREAKIN_V3,000001,898221233,520,522,0.102,0.082,4.067,0.529,3.538,37,REV,UNKNOWN,0.092,0.326,0.489,0.279,2.874,0.832,3.455,35,1.083,549,2.683,25.0
DATA,MOTOR_BREAKIN_V3,000001,898221333,519,522,0.128,0.082,3.984,0.557,3.427,37,REV,UNKNOWN,0.105,0.361,0.026,0.279,2.874,0.832,3.455,35,1.083,549,2.683,24.9
DATA,MOTOR_BREAKIN_V3,000001,898221433,518,522,0.155,0.082,4.040,0.585,3.455,37,REV,UNKNOWN,0.119,0.410,0.343,0.306,2.874,0.832,3.455,35,1.083,550,2.688,25.0
DATA,MOTOR_BREAKIN_V3,000001,898221533,519,522,0.128,0.082,3.984,0.501,3.482,37,REV,UNKNOWN,0.105,0.367,0.330,0.362,2.874,0.832,3.455,35,1.083,549,2.683,25.0
DATA,MOTOR_BREAKIN_V3,000001,898221633,519,521,0.128,0.109,4.012,0.557,3.455,37,REV,UNKNOWN,0.119,0.410,0.026,0.334,2.874,0.832,3.455,35,1.083,549,2.683,25.0
DATA,MOTOR_BREAKIN_V3,000001,898221733,519,522,0.128,0.082,3.900,0.669,3.232,37,REV,UNKNOWN,0.105,0.340,0.502,0.251,2.874,0.832,3.455,35,1.083,549,2.683,25.0
DATA,MOTOR_BREAKIN_V3,000001,898221833,519,521,0.128,0.109,4.095,0.585,3.510,37,REV,UNKNOWN,0.119,0.416,0.502,0.279,2.874,0.832,3.455,35,1.083,549,2.683,25.0
DATA,MOTOR_BREAKIN_V3,000001,898221933,519,521,0.128,0.109,3.928,0.585,3.343,37,REV,UNKNOWN,0.119,0.396,0.476,0.334,2.874,0.832,3.455,35,1.083,549,2.683,24.9
DATA,MOTOR_BREAKIN_V3,000001,898222033,519,522,0.128,0.082,4.012,0.585,3.427,37,REV,UNKNOWN,0.105,0.361,0.502,0.306,2.874,0.832,3.455,35,1.083,549,2.683,25.0
DATA,MOTOR_BREAKIN_V3,000001,898222133,518,521,0.155,0.109,3.956,0.557,3.399,37,REV,UNKNOWN,0.132,0.448,0.502,0.139,2.874,0.832,3.455,35,1.083,549,2.683,25.0
DATA,MOTOR_BREAKIN_V3,000001,898222232,520,522,0.102,0.082,4.151,0.557,3.594,37,REV,UNKNOWN,0.092,0.331,0.528,0.251,2.874,0.832,3.455,35,1.083,544,2.659,24.9
DATA,MOTOR_BREAKIN_V3,000001,898222333,518,520,0.155,0.135,4.040,0.585,3.455,37,REV,UNKNOWN,0.145,0.501,0.528,0.251,2.874,0.832,3.455,35,1.083,549,2.683,24.9
DATA,MOTOR_BREAKIN_V3,000001,898222433,518,521,0.155,0.109,3.956,0.557,3.399,37,REV,UNKNOWN,0.132,0.448,0.040,0.111,2.874,0.832,3.455,35,1.083,549,2.683,24.9
DATA,MOTOR_BREAKIN_V3,000001,898222533,519,521,0.128,0.109,4.040,0.557,3.482,37,REV,UNKNOWN,0.119,0.413,0.555,0.167,2.874,0.832,3.455,35,1.083,550,2.688,24.9
DATA,MOTOR_BREAKIN_V3,000001,898222633,518,521,0.155,0.109,4.040,0.557,3.482,37,REV,UNKNOWN,0.132,0.459,0.568,0.279,2.874,0.832,3.455,35,1.083,549,2.683,24.9
DATA,MOTOR_BREAKIN_V3,000001,898222733,519,521,0.128,0.109,4.012,0.585,3.427,37,REV,UNKNOWN,0.119,0.406,0.040,0.279,2.874,0.832,3.455,35,1.083,549,2.683,25.0
DATA,MOTOR_BREAKIN_V3,000001,898222833,518,521,0.155,0.109,4.067,0.557,3.510,37,REV,UNKNOWN,0.132,0.463,0.462,0.111,2.874,0.832,3.455,35,1.083,549,2.683,24.9
DATA,MOTOR_BREAKIN_V3,000001,898222933,518,521,0.155,0.109,4.040,0.585,3.455,37,REV,UNKNOWN,0.132,0.455,0.476,0.167,2.874,0.832,3.455,35,1.083,549,2.683,24.9
DATA,MOTOR_BREAKIN_V3,000001,898223033,519,521,0.128,0.109,3.984,0.557,3.427,37,REV,UNKNOWN,0.119,0.406,0.040,0.167,2.874,0.832,3.455,35,1.083,549,2.683,24.9
DATA,MOTOR_BREAKIN_V3,000001,898223133,520,521,0.102,0.109,4.095,0.557,3.538,37,REV,UNKNOWN,0.105,0.373,0.476,0.111,2.874,0.832,3.455,35,1.083,549,2.683,24.9
DATA,MOTOR_BREAKIN_V3,000001,898223233,519,522,0.128,0.082,4.095,0.557,3.538,37,REV,UNKNOWN,0.105,0.373,0.476,0.195,2.874,0.832,3.455,35,1.083,549,2.683,24.9
DATA,MOTOR_BREAKIN_V3,000001,898223333,519,522,0.128,0.082,4.123,0.585,3.538,37,REV,UNKNOWN,0.105,0.373,0.026,0.195,2.874,0.832,3.455,35,1.083,549,2.683,24.9
DATA,MOTOR_BREAKIN_V3,000001,898223433,519,521,0.128,0.109,4.012,0.585,3.427,37,REV,UNKNOWN,0.119,0.406,0.528,0.111,2.874,0.832,3.455,35,1.083,549,2.683,24.9
DATA,MOTOR_BREAKIN_V3,000001,898223533,519,523,0.128,0.056,4.151,0.585,3.566,37,REV,UNKNOWN,0.092,0.329,0.542,0.139,2.874,0.832,3.455,35,1.083,549,2.683,24.9
DATA,MOTOR_BREAKIN_V3,000001,898223633,519,520,0.128,0.135,4.095,0.557,3.538,37,REV,UNKNOWN,0.132,0.466,0.040,0.139,2.874,0.832,3.455,35,1.083,549,2.683,24.9
DATA,MOTOR_BREAKIN_V3,000001,898223733,519,521,0.128,0.109,4.012,0.557,3.455,37,REV,UNKNOWN,0.119,0.410,0.515,0.167,2.874,0.832,3.455,35,1.083,549,2.683,24.9
DATA,MOTOR_BREAKIN_V3,000001,898223833,518,522,0.155,0.082,4.095,0.585,3.510,37,REV,UNKNOWN,0.119,0.416,0.515,0.139,2.874,0.832,3.455,35,1.083,549,2.683,24.9
DATA,MOTOR_BREAKIN_V3,000001,898223933,518,522,0.155,0.082,4.067,0.557,3.510,37,REV,UNKNOWN,0.119,0.416,0.013,0.139,2.874,0.832,3.455,35,1.083,549,2.683,24.9
DATA,MOTOR_BREAKIN_V3,000001,898224033,519,522,0.128,0.082,4.067,0.585,3.482,37,REV,UNKNOWN,0.105,0.367,0.555,0.279,2.874,0.832,3.455,35,1.083,549,2.683,24.9
DATA,MOTOR_BREAKIN_V3,000001,898224133,519,522,0.128,0.082,4.067,0.585,3.482,37,REV,UNKNOWN,0.105,0.367,0.555,0.306,2.874,0.832,3.455,35,1.083,549,2.683,24.9
DATA,MOTOR_BREAKIN_V3,000001,898224233,519,523,0.128,0.056,4.067,0.585,3.482,37,REV,UNKNOWN,0.092,0.321,0.040,0.362,2.874,0.832,3.455,35,1.083,549,2.683,24.9
DATA,MOTOR_BREAKIN_V3,000001,898224333,519,522,0.128,0.082,3.956,0.585,3.371,37,REV,UNKNOWN,0.105,0.355,0.502,0.362,2.874,0.832,3.455,35,1.083,549,2.683,24.9
DATA,MOTOR_BREAKIN_V3,000001,898224433,518,521,0.155,0.109,3.984,0.557,3.427,37,REV,UNKNOWN,0.132,0.452,0.502,0.223,2.874,0.832,3.455,35,1.083,549,2.683,24.9
DATA,MOTOR_BREAKIN_V3,000001,898224533,519,522,0.128,0.082,3.956,0.585,3.371,37,REV,UNKNOWN,0.105,0.355,0.040,0.223,2.874,0.832,3.455,35,1.083,549,2.683,24.9
DATA,MOTOR_BREAKIN_V3,000001,898224633,519,522,0.128,0.082,3.984,0.557,3.427,37,REV,UNKNOWN,0.105,0.361,0.515,0.223,2.874,0.832,3.455,35,1.083,549,2.683,24.9
DATA,MOTOR_BREAKIN_V3,000001,898224733,518,521,0.155,0.109,3.984,0.557,3.427,37,REV,UNKNOWN,0.132,0.452,0.502,0.251,2.874,0.832,3.455,35,1.083,549,2.683,24.9
DATA,MOTOR_BREAKIN_V3,000001,898224833,519,522,0.128,0.082,4.012,0.585,3.427,37,REV,UNKNOWN,0.105,0.361,0.026,0.251,2.874,0.832,3.455,35,1.083,549,2.683,24.9
DATA,MOTOR_BREAKIN_V3,000001,898224933,518,521,0.155,0.109,3.928,0.585,3.343,37,REV,UNKNOWN,0.132,0.441,0.542,0.139,2.874,0.832,3.455,35,1.083,549,2.683,24.9
DATA,MOTOR_BREAKIN_V3,000001,898225033,519,521,0.128,0.109,3.900,0.613,3.287,37,REV,UNKNOWN,0.119,0.390,0.568,0.306,2.874,0.832,3.455,35,1.083,549,2.683,24.9
DATA,MOTOR_BREAKIN_V3,000001,898225133,519,521,0.128,0.109,4.012,0.529,3.482,37,REV,UNKNOWN,0.119,0.413,0.555,0.306,2.874,0.832,3.455,35,1.083,549,2.683,24.9
DATA,MOTOR_BREAKIN_V3,000001,898225233,519,521,0.128,0.109,4.012,0.529,3.482,37,REV,UNKNOWN,0.119,0.413,0.542,0.752,2.874,0.832,3.455,35,1.083,549,2.683,24.8
DATA,MOTOR_BREAKIN_V3,000001,898225333,518,521,0.155,0.109,3.845,0.585,3.260,37,REV,UNKNOWN,0.132,0.430,0.528,0.808,2.874,0.832,3.455,35,1.083,549,2.683,24.9
DATA,MOTOR_BREAKIN_V3,000001,898225432,519,521,0.128,0.109,3.984,0.529,3.455,37,REV,UNKNOWN,0.119,0.410,0.568,0.362,2.874,0.832,3.455,35,1.083,549,2.683,24.9
DATA,MOTOR_BREAKIN_V3,000001,898225533,518,521,0.155,0.109,3.956,0.557,3.399,37,REV,UNKNOWN,0.132,0.448,0.528,0.195,2.874,0.832,3.455,35,1.083,549,2.683,24.8
DATA,MOTOR_BREAKIN_V3,000001,898225633,519,521,0.128,0.109,3.872,0.557,3.315,37,REV,UNKNOWN,0.119,0.393,0.026,0.111,2.874,0.832,3.455,35,1.083,549,2.683,24.8
DATA,MOTOR_BREAKIN_V3,000001,898225733,518,521,0.155,0.109,3.900,0.557,3.343,37,REV,UNKNOWN,0.132,0.441,0.476,0.111,2.874,0.832,3.455,35,1.083,548,2.678,24.8
DATA,MOTOR_BREAKIN_V3,000001,898225833,518,521,0.155,0.109,3.984,0.529,3.455,37,REV,UNKNOWN,0.132,0.455,0.476,0.167,2.874,0.832,3.455,35,1.083,549,2.683,24.8
DATA,MOTOR_BREAKIN_V3,000001,898225933,519,521,0.128,0.109,3.956,0.557,3.399,37,REV,UNKNOWN,0.119,0.403,0.026,0.111,2.874,0.832,3.455,35,1.083,549,2.683,24.8
DATA,MOTOR_BREAKIN_V3,000001,898226033,519,521,0.128,0.109,3.928,0.529,3.399,37,REV,UNKNOWN,0.119,0.403,0.528,0.084,2.874,0.832,3.455,35,1.083,549,2.683,24.8
DATA,MOTOR_BREAKIN_V3,000001,898226133,518,521,0.155,0.109,3.928,0.557,3.371,37,REV,UNKNOWN,0.132,0.444,0.528,0.139,2.874,0.832,3.455,35,1.083,548,2.678,24.8
DATA,MOTOR_BREAKIN_V3,000001,898226233,518,521,0.155,0.109,3.872,0.613,3.260,37,REV,UNKNOWN,0.132,0.430,0.040,0.167,2.874,0.832,3.455,35,1.083,549,2.683,24.8
DATA,MOTOR_BREAKIN_V3,000001,898226333,518,520,0.155,0.135,4.012,0.529,3.482,37,REV,UNKNOWN,0.145,0.505,0.449,0.223,2.874,0.832,3.455,35,1.083,549,2.683,24.8
DATA,MOTOR_BREAKIN_V3,000001,898226433,519,520,0.128,0.135,3.900,0.585,3.315,37,REV,UNKNOWN,0.132,0.437,0.449,0.167,2.874,0.832,3.455,35,1.083,549,2.683,24.8
DATA,MOTOR_BREAKIN_V3,000001,898226533,519,520,0.128,0.135,3.984,0.529,3.455,37,REV,UNKNOWN,0.132,0.455,0.026,0.139,2.874,0.832,3.455,35,1.083,548,2.678,24.8
DATA,MOTOR_BREAKIN_V3,000001,898226633,518,521,0.155,0.109,3.872,0.557,3.315,37,REV,UNKNOWN,0.132,0.437,0.502,0.334,2.874,0.832,3.455,35,1.083,549,2.683,24.8
DATA,MOTOR_BREAKIN_V3,000001,898226733,519,521,0.128,0.109,3.956,0.557,3.399,37,REV,UNKNOWN,0.119,0.403,0.502,0.334,2.874,0.832,3.455,35,1.083,549,2.683,24.8
DATA,MOTOR_BREAKIN_V3,000001,898226833,520,522,0.102,0.082,4.095,0.418,3.677,37,REV,UNKNOWN,0.092,0.339,0.053,0.334,2.874,0.832,3.455,35,1.083,549,2.683,24.8
DATA,MOTOR_BREAKIN_V3,000001,898226933,518,521,0.155,0.109,3.872,0.557,3.315,37,REV,UNKNOWN,0.132,0.437,0.489,0.529,2.874,0.832,3.455,35,1.083,549,2.683,24.8
DATA,MOTOR_BREAKIN_V3,000001,898227033,519,521,0.128,0.109,4.012,0.529,3.482,37,REV,UNKNOWN,0.119,0.413,0.476,0.641,2.874,0.832,3.455,35,1.083,549,2.683,24.8
DATA,MOTOR_BREAKIN_V3,000001,898227133,518,521,0.155,0.109,3.845,0.557,3.287,37,REV,UNKNOWN,0.132,0.433,0.026,0.501,2.874,0.832,3.455,35,1.083,548,2.678,24.8
DATA,MOTOR_BREAKIN_V3,000001,898227233,518,521,0.155,0.109,3.845,0.557,3.287,37,REV,UNKNOWN,0.132,0.433,0.476,0.167,2.874,0.832,3.455,35,1.083,549,2.683,24.8
DATA,MOTOR_BREAKIN_V3,000001,898227333,518,521,0.155,0.109,3.900,0.557,3.343,37,REV,UNKNOWN,0.132,0.441,0.462,0.167,2.874,0.832,3.455,35,1.083,549,2.683,24.8
DATA,MOTOR_BREAKIN_V3,000001,898227433,519,521,0.128,0.109,3.845,0.557,3.287,37,REV,UNKNOWN,0.119,0.390,0.013,0.195,2.874,0.832,3.455,35,1.083,548,2.678,24.8
DATA,MOTOR_BREAKIN_V3,000001,898227533,518,521,0.155,0.109,3.900,0.557,3.343,37,REV,UNKNOWN,0.132,0.441,0.476,0.195,2.874,0.832,3.455,35,1.083,549,2.683,24.8
DATA,MOTOR_BREAKIN_V3,000001,898227633,518,522,0.155,0.082,3.928,0.529,3.399,37,REV,UNKNOWN,0.119,0.403,0.476,0.111,2.874,0.832,3.455,35,1.083,549,2.683,24.8
DATA,MOTOR_BREAKIN_V3,000001,898227733,519,522,0.128,0.082,3.872,0.557,3.315,37,REV,UNKNOWN,0.105,0.349,0.040,0.223,2.874,0.832,3.455,35,1.083,548,2.678,24.8
DATA,MOTOR_BREAKIN_V3,000001,898227833,519,521,0.128,0.109,3.900,0.557,3.343,37,REV,UNKNOWN,0.119,0.396,0.476,0.418,2.874,0.832,3.455,35,1.083,549,2.683,24.8
DATA,MOTOR_BREAKIN_V3,000001,898227933,518,522,0.155,0.082,3.956,0.557,3.399,37,REV,UNKNOWN,0.119,0.403,0.476,0.418,2.874,0.832,3.455,35,1.083,549,2.683,24.8
DATA,MOTOR_BREAKIN_V3,000001,898228033,519,521,0.128,0.109,3.872,0.529,3.343,37,REV,UNKNOWN,0.119,0.396,0.040,0.139,2.874,0.832,3.455,35,1.083,549,2.683,24.8
DATA,MOTOR_BREAKIN_V3,000001,898228133,518,521,0.155,0.109,4.012,0.557,3.455,37,REV,UNKNOWN,0.132,0.455,0.462,0.279,2.874,0.832,3.455,35,1.083,549,2.683,24.8
DATA,MOTOR_BREAKIN_V3,000001,898228233,518,521,0.155,0.109,3.956,0.501,3.455,37,REV,UNKNOWN,0.132,0.455,0.476,0.195,2.874,0.832,3.455,35,1.083,548,2.678,24.8
DATA,MOTOR_BREAKIN_V3,000001,898228333,521,521,0.076,0.109,4.040,0.474,3.566,37,REV,UNKNOWN,0.092,0.329,0.277,0.390,2.874,0.832,3.455,35,1.083,549,2.683,24.8
DATA,MOTOR_BREAKIN_V3,000001,898228433,518,521,0.155,0.109,3.956,0.446,3.510,37,REV,UNKNOWN,0.132,0.463,0.489,0.390,2.874,0.832,3.455,35,1.083,549,2.683,24.8
DATA,MOTOR_BREAKIN_V3,000001,898228533,519,522,0.128,0.082,4.040,0.529,3.510,37,REV,UNKNOWN,0.105,0.370,0.476,0.195,2.874,0.832,3.455,35,1.083,549,2.683,24.8
DATA,MOTOR_BREAKIN_V3,000001,898228632,518,521,0.155,0.109,3.984,0.613,3.371,37,REV,UNKNOWN,0.132,0.444,0.462,0.251,2.874,0.832,3.455,35,1.083,549,2.683,24.8
DATA,MOTOR_BREAKIN_V3,000001,898228733,518,521,0.155,0.109,3.984,0.529,3.455,37,REV,UNKNOWN,0.132,0.455,0.449,0.195,2.874,0.832,3.455,35,1.083,549,2.683,24.8
DATA,MOTOR_BREAKIN_V3,000001,898228833,519,521,0.128,0.109,3.928,0.529,3.399,37,REV,UNKNOWN,0.119,0.403,0.040,0.474,2.874,0.832,3.455,35,1.083,548,2.678,24.8
DATA,MOTOR_BREAKIN_V3,000001,898228933,520,521,0.102,0.109,4.095,0.501,3.594,37,REV,UNKNOWN,0.105,0.379,0.462,0.557,2.874,0.832,3.455,35,1.083,549,2.683,24.8
DATA,MOTOR_BREAKIN_V3,000001,898229033,519,521,0.128,0.109,3.900,0.529,3.371,37,REV,UNKNOWN,0.119,0.400,0.502,0.279,2.874,0.832,3.455,35,1.083,548,2.678,24.7
DATA,MOTOR_BREAKIN_V3,000001,898229133,520,522,0.102,0.082,4.123,0.529,3.594,37,REV,UNKNOWN,0.092,0.331,0.066,0.306,2.874,0.832,3.455,35,1.083,548,2.678,24.7
DATA,MOTOR_BREAKIN_V3,000001,898229233,519,520,0.128,0.135,3.900,0.557,3.343,37,REV,UNKNOWN,0.132,0.441,0.462,0.334,2.874,0.832,3.455,35,1.083,549,2.683,24.8
DATA,MOTOR_BREAKIN_V3,000001,898229333,520,522,0.102,0.082,4.151,0.418,3.733,37,REV,UNKNOWN,0.092,0.344,0.462,0.474,2.874,0.832,3.455,35,1.083,549,2.683,24.7
DATA,MOTOR_BREAKIN_V3,000001,898229433,518,521,0.155,0.109,3.928,0.557,3.371,37,REV,UNKNOWN,0.132,0.444,0.040,0.557,2.874,0.832,3.455,35,1.083,548,2.678,24.7
DATA,MOTOR_BREAKIN_V3,000001,898229533,520,522,0.102,0.082,3.817,0.752,3.065,37,REV,UNKNOWN,0.092,0.282,0.462,0.613,2.874,0.832,3.455,35,1.083,550,2.688,24.7
DATA,MOTOR_BREAKIN_V3,000001,898229633,519,521,0.128,0.109,3.984,0.529,3.455,37,REV,UNKNOWN,0.119,0.410,0.502,0.613,2.874,0.832,3.455,35,1.083,549,2.683,24.7
DATA,MOTOR_BREAKIN_V3,000001,898229733,519,522,0.128,0.082,3.872,0.557,3.315,37,REV,UNKNOWN,0.105,0.349,0.489,0.306,2.874,0.832,3.455,35,1.083,549,2.683,24.7
DATA,MOTOR_BREAKIN_V3,000001,898229833,519,521,0.128,0.109,3.900,0.557,3.343,37,REV,UNKNOWN,0.119,0.396,0.489,0.446,2.874,0.832,3.455,35,1.083,548,2.678,24.8
DATA,MOTOR_BREAKIN_V3,000001,898229933,518,521,0.155,0.109,3.984,0.529,3.455,37,REV,UNKNOWN,0.132,0.455,0.383,0.279,2.874,0.832,3.455,35,1.083,549,2.683,24.7
DATA,MOTOR_BREAKIN_V3,000001,898230033,519,521,0.128,0.109,4.067,0.557,3.510,37,REV,UNKNOWN,0.119,0.416,0.013,0.167,2.874,0.832,3.455,35,1.083,549,2.683,24.7
DATA,MOTOR_BREAKIN_V3,000001,898230133,519,521,0.128,0.109,3.900,0.557,3.343,37,REV,UNKNOWN,0.119,0.396,0.462,0.167,2.874,0.832,3.455,35,1.083,548,2.678,24.7
DATA,MOTOR_BREAKIN_V3,000001,898230233,519,521,0.128,0.109,3.928,0.557,3.371,37,REV,UNKNOWN,0.119,0.400,0.489,0.418,2.874,0.832,3.455,35,1.083,548,2.678,24.8
DATA,MOTOR_BREAKIN_V3,000001,898230333,518,521,0.155,0.109,3.900,0.557,3.343,37,REV,UNKNOWN,0.132,0.441,0.053,0.418,2.874,0.832,3.455,35,1.083,549,2.683,24.7
DATA,MOTOR_BREAKIN_V3,000001,898230433,519,521,0.128,0.109,3.872,0.613,3.260,37,REV,UNKNOWN,0.119,0.386,0.476,0.223,2.874,0.832,3.455,35,1.083,549,2.683,24.7
DATA,MOTOR_BREAKIN_V3,000001,898230533,518,521,0.155,0.109,3.928,0.557,3.371,37,REV,UNKNOWN,0.132,0.444,0.502,0.474,2.874,0.832,3.455,35,1.083,549,2.683,24.7
DATA,MOTOR_BREAKIN_V3,000001,898230633,518,520,0.155,0.135,3.956,0.585,3.371,37,REV,UNKNOWN,0.145,0.489,0.066,0.418,2.874,0.832,3.455,35,1.083,549,2.683,24.7
DATA,MOTOR_BREAKIN_V3,000001,898230733,519,521,0.128,0.109,3.984,0.529,3.455,37,REV,UNKNOWN,0.119,0.410,0.449,0.251,2.874,0.832,3.455,35,1.083,549,2.683,24.7
DATA,MOTOR_BREAKIN_V3,000001,898230833,518,521,0.155,0.109,3.984,0.557,3.427,37,REV,UNKNOWN,0.132,0.452,0.462,0.195,2.874,0.832,3.455,35,1.083,549,2.683,24.7
DATA,MOTOR_BREAKIN_V3,000001,898230933,518,521,0.155,0.109,3.845,0.557,3.287,37,REV,UNKNOWN,0.132,0.433,0.053,0.334,2.874,0.832,3.455,35,1.083,548,2.678,24.7
DATA,MOTOR_BREAKIN_V3,000001,898231033,519,522,0.128,0.082,4.012,0.557,3.455,37,REV,UNKNOWN,0.105,0.364,0.462,0.195,2.874,0.832,3.455,35,1.083,548,2.678,24.7
DATA,MOTOR_BREAKIN_V3,000001,898231133,520,522,0.102,0.082,4.095,0.585,3.510,37,REV,UNKNOWN,0.092,0.323,0.476,0.167,2.874,0.832,3.455,35,1.083,549,2.683,24.7
DATA,MOTOR_BREAKIN_V3,000001,898231233,519,521,0.128,0.109,4.012,0.557,3.455,37,REV,UNKNOWN,0.119,0.410,0.040,0.279,2.874,0.832,3.455,35,1.083,548,2.678,24.7
DATA,MOTOR_BREAKIN_V3,000001,898231333,519,521,0.128,0.109,4.040,0.557,3.482,37,REV,UNKNOWN,0.119,0.413,0.476,0.279,2.874,0.832,3.455,35,1.083,549,2.683,24.7
DATA,MOTOR_BREAKIN_V3,000001,898231433,519,520,0.128,0.135,4.040,0.501,3.538,37,REV,UNKNOWN,0.132,0.466,0.462,0.251,2.874,0.832,3.455,35,1.083,549,2.683,24.7
DATA,MOTOR_BREAKIN_V3,000001,898231533,519,522,0.128,0.082,3.872,0.585,3.287,37,REV,UNKNOWN,0.105,0.346,0.462,0.390,2.874,0.832,3.455,35,1.083,549,2.683,24.7
DATA,MOTOR_BREAKIN_V3,000001,898231633,519,521,0.128,0.109,3.928,0.557,3.371,37,REV,UNKNOWN,0.119,0.400,0.462,0.390,2.874,0.832,3.455,35,1.083,548,2.678,24.7
DATA,MOTOR_BREAKIN_V3,000001,898231733,518,521,0.155,0.109,4.012,0.585,3.427,37,REV,UNKNOWN,0.132,0.452,0.462,0.279,2.874,0.832,3.455,35,1.083,549,2.683,24.7
DATA,MOTOR_BREAKIN_V3,000001,898231832,520,521,0.102,0.109,4.095,0.557,3.538,37,REV,UNKNOWN,0.105,0.373,0.489,0.279,2.874,0.832,3.455,35,1.083,549,2.683,24.7
DATA,MOTOR_BREAKIN_V3,000001,898231933,519,522,0.128,0.082,3.956,0.557,3.399,37,REV,UNKNOWN,0.105,0.358,0.476,0.167,2.874,0.832,3.455,35,1.083,549,2.683,24.7
OK
DATA,MOTOR_BREAKIN_V3,000001,898232033,519,522,0.128,0.082,3.928,0.529,3.399,35,REV,UNKNOWN,0.105,0.358,0.040,0.334,2.874,0.832,3.455,35,1.083,549,2.683,24.7
DATA,MOTOR_BREAKIN_V3,000001,898232133,521,523,0.076,0.056,4.067,0.501,3.566,35,REV,UNKNOWN,0.066,0.234,0.423,0.334,2.874,0.832,3.455,35,1.083,549,2.683,24.7
DATA,MOTOR_BREAKIN_V3,000001,898232233,520,523,0.102,0.056,4.012,0.529,3.482,35,REV,UNKNOWN,0.079,0.275,0.423,0.251,2.874,0.832,3.455,35,1.083,548,2.678,24.7
DATA,MOTOR_BREAKIN_V3,000001,898232333,519,522,0.128,0.082,3.928,0.557,3.371,35,REV,UNKNOWN,0.105,0.355,0.040,0.223,2.874,0.832,3.455,35,1.083,549,2.683,24.7
DATA,MOTOR_BREAKIN_V3,000001,898232433,519,522,0.128,0.082,3.900,0.557,3.343,35,REV,UNKNOWN,0.105,0.352,0.423,0.139,2.874,0.832,3.455,35,1.083,549,2.683,24.7
DATA,MOTOR_BREAKIN_V3,000001,898232533,519,521,0.128,0.109,3.845,0.557,3.287,35,REV,UNKNOWN,0.119,0.390,0.423,0.195,2.874,0.832,3.455,35,1.083,549,2.683,24.7
DATA,MOTOR_BREAKIN_V3,000001,898232633,519,521,0.128,0.109,3.845,0.529,3.315,35,REV,UNKNOWN,0.119,0.393,0.026,0.223,2.874,0.832,3.455,35,1.083,549,2.683,24.7
DATA,MOTOR_BREAKIN_V3,000001,898232733,519,521,0.128,0.109,3.761,0.557,3.204,35,REV,UNKNOWN,0.119,0.380,0.396,0.139,2.874,0.832,3.455,35,1.083,549,2.683,24.7
DATA,MOTOR_BREAKIN_V3,000001,898232833,519,522,0.128,0.082,3.845,0.501,3.343,35,REV,UNKNOWN,0.105,0.352,0.396,0.167,2.874,0.832,3.455,35,1.083,549,2.683,24.7
DATA,MOTOR_BREAKIN_V3,000001,898232913,520,522,0.102,0.082,3.761,0.613,3.148,35,REV,UNKNOWN,0.092,0.290,0.026,0.195,2.874,0.832,3.455,35,1.083,549,2.683,24.7
DATA,MOTOR_BREAKIN_V3,000001,898233012,519,522,0.128,0.082,3.817,0.557,3.260,35,REV,UNKNOWN,0.105,0.343,0.026,0.279,2.874,0.832,3.455,35,1.083,549,2.683,24.7
DATA,MOTOR_BREAKIN_V3,000001,898233112,519,521,0.128,0.109,3.789,0.529,3.260,35,REV,UNKNOWN,0.119,0.386,0.040,0.251,2.874,0.832,3.455,35,1.083,549,2.683,24.7
DATA,MOTOR_BREAKIN_V3,000001,898233213,519,522,0.128,0.082,3.817,0.585,3.232,35,REV,UNKNOWN,0.105,0.340,0.026,0.139,2.874,0.832,3.455,35,1.083,548,2.678,24.7
DATA,MOTOR_BREAKIN_V3,000001,898233313,518,521,0.155,0.109,3.761,0.557,3.204,35,REV,UNKNOWN,0.132,0.422,0.026,0.139,2.874,0.832,3.455,35,1.083,549,2.683,24.6
DATA,MOTOR_BREAKIN_V3,000001,898233413,519,521,0.128,0.109,3.761,0.557,3.204,35,REV,UNKNOWN,0.119,0.380,0.436,0.167,2.874,0.832,3.455,35,1.083,549,2.683,24.7
DATA,MOTOR_BREAKIN_V3,000001,898233513,519,521,0.128,0.109,3.789,0.557,3.232,35,REV,UNKNOWN,0.119,0.383,0.436,0.167,2.874,0.832,3.455,35,1.083,549,2.683,24.7
DATA,MOTOR_BREAKIN_V3,000001,898233613,519,522,0.128,0.082,3.761,0.557,3.204,35,REV,UNKNOWN,0.105,0.338,0.013,0.139,2.874,0.832,3.455,35,1.083,549,2.683,24.6
DATA,MOTOR_BREAKIN_V3,000001,898233713,520,522,0.102,0.082,3.817,0.557,3.260,35,REV,UNKNOWN,0.092,0.300,0.410,0.167,2.874,0.832,3.455,35,1.083,549,2.683,24.7
DATA,MOTOR_BREAKIN_V3,000001,898233813,519,521,0.128,0.109,3.872,0.501,3.371,35,REV,UNKNOWN,0.119,0.400,0.410,0.167,2.874,0.832,3.455,35,1.083,549,2.683,24.7
DATA,MOTOR_BREAKIN_V3,000001,898233913,519,522,0.128,0.082,3.845,0.557,3.287,35,REV,UNKNOWN,0.105,0.346,0.026,0.167,2.874,0.832,3.455,35,1.083,549,2.683,24.7
DATA,MOTOR_BREAKIN_V3,000001,898234013,520,522,0.102,0.082,3.872,0.613,3.260,35,REV,UNKNOWN,0.092,0.300,0.396,0.084,2.874,0.832,3.455,35,1.083,549,2.683,24.6
DATA,MOTOR_BREAKIN_V3,000001,898234113,518,522,0.155,0.082,3.789,0.557,3.232,35,REV,UNKNOWN,0.119,0.383,0.396,0.139,2.874,0.832,3.455,35,1.083,549,2.683,24.7
DATA,MOTOR_BREAKIN_V3,000001,898234213,520,522,0.102,0.082,3.789,0.557,3.232,35,REV,UNKNOWN,0.092,0.298,0.026,0.139,2.874,0.832,3.455,35,1.083,549,2.683,24.6
DATA,MOTOR_BREAKIN_V3,000001,898234313,519,521,0.128,0.109,3.789,0.557,3.232,35,REV,UNKNOWN,0.119,0.383,0.410,0.139,2.874,0.832,3.455,35,1.083,549,2.683,24.7
DATA,MOTOR_BREAKIN_V3,000001,898234413,520,522,0.102,0.082,3.817,0.557,3.260,35,REV,UNKNOWN,0.092,0.300,0.410,0.139,2.874,0.832,3.455,35,1.083,549,2.683,24.6
DATA,MOTOR_BREAKIN_V3,000001,898234513,519,521,0.128,0.109,3.789,0.557,3.232,35,REV,UNKNOWN,0.119,0.383,0.026,0.139,2.874,0.832,3.455,35,1.083,549,2.683,24.6
DATA,MOTOR_BREAKIN_V3,000001,898234613,520,522,0.102,0.082,3.789,0.557,3.232,35,REV,UNKNOWN,0.092,0.298,0.410,0.111,2.874,0.832,3.455,35,1.083,549,2.683,24.7
DATA,MOTOR_BREAKIN_V3,000001,898234713,519,522,0.128,0.082,3.733,0.641,3.092,35,REV,UNKNOWN,0.105,0.326,0.410,0.223,2.874,0.832,3.455,35,1.083,549,2.683,24.6
DATA,MOTOR_BREAKIN_V3,000001,898234813,519,521,0.128,0.109,3.817,0.557,3.260,35,REV,UNKNOWN,0.119,0.386,0.026,0.223,2.874,0.832,3.455,35,1.083,549,2.683,24.7
DATA,MOTOR_BREAKIN_V3,000001,898234913,520,521,0.102,0.109,3.733,0.585,3.148,35,REV,UNKNOWN,0.105,0.332,0.396,0.279,2.874,0.832,3.455,35,1.083,549,2.683,24.6
DATA,MOTOR_BREAKIN_V3,000001,898235013,519,522,0.128,0.082,3.761,0.557,3.204,35,REV,UNKNOWN,0.105,0.338,0.396,0.279,2.874,0.832,3.455,35,1.083,549,2.683,24.6
DATA,MOTOR_BREAKIN_V3,000001,898235113,519,522,0.128,0.082,3.705,0.585,3.120,35,REV,UNKNOWN,0.105,0.329,0.026,0.195,2.874,0.832,3.455,35,1.083,549,2.683,24.7
DATA,MOTOR_BREAKIN_V3,000001,898235213,520,521,0.102,0.109,3.789,0.529,3.260,35,REV,UNKNOWN,0.105,0.343,0.436,0.195,2.874,0.832,3.455,35,1.083,549,2.683,24.6
DATA,MOTOR_BREAKIN_V3,000001,898235313,519,521,0.128,0.109,3.761,0.529,3.232,35,REV,UNKNOWN,0.119,0.383,0.436,0.139,2.874,0.832,3.455,35,1.083,549,2.683,24.6
DATA,MOTOR_BREAKIN_V3,000001,898235413,519,522,0.128,0.082,3.817,0.557,3.260,35,REV,UNKNOWN,0.105,0.343,0.026,0.139,2.874,0.832,3.455,35,1.083,549,2.683,24.6
DATA,MOTOR_BREAKIN_V3,000001,898235513,519,521,0.128,0.109,3.705,0.557,3.148,35,REV,UNKNOWN,0.119,0.373,0.396,0.195,2.874,0.832,3.455,35,1.083,549,2.683,24.6
DATA,MOTOR_BREAKIN_V3,000001,898235613,518,521,0.155,0.109,3.761,0.557,3.204,35,REV,UNKNOWN,0.132,0.422,0.396,0.195,2.874,0.832,3.455,35,1.083,549,2.683,24.6
DATA,MOTOR_BREAKIN_V3,000001,898235713,520,521,0.102,0.109,3.817,0.557,3.260,35,REV,UNKNOWN,0.105,0.343,0.040,0.084,2.874,0.832,3.455,35,1.083,549,2.683,24.6
DATA,MOTOR_BREAKIN_V3,000001,898235813,520,522,0.102,0.082,3.733,0.557,3.176,35,REV,UNKNOWN,0.092,0.293,0.423,0.139,2.874,0.832,3.455,35,1.083,549,2.683,24.6
DATA,MOTOR_BREAKIN_V3,000001,898235913,519,521,0.128,0.109,3.817,0.529,3.287,35,REV,UNKNOWN,0.119,0.390,0.423,0.139,2.874,0.832,3.455,35,1.083,549,2.683,24.6
DATA,MOTOR_BREAKIN_V3,000001,898236013,520,522,0.102,0.082,3.789,0.557,3.232,35,REV,UNKNOWN,0.092,0.298,0.410,0.195,2.874,0.832,3.455,35,1.083,549,2.683,24.6
DATA,MOTOR_BREAKIN_V3,000001,898236113,520,522,0.102,0.082,3.845,0.529,3.315,35,REV,UNKNOWN,0.092,0.305,0.410,0.195,2.874,0.832,3.455,35,1.083,549,2.683,24.6
DATA,MOTOR_BREAKIN_V3,000001,898236213,519,521,0.128,0.109,3.817,0.529,3.287,35,REV,UNKNOWN,0.119,0.390,0.410,0.167,2.874,0.832,3.455,35,1.083,549,2.683,24.6
DATA,MOTOR_BREAKIN_V3,000001,898236312,519,522,0.128,0.082,3.845,0.557,3.287,35,REV,UNKNOWN,0.105,0.346,0.410,0.167,2.874,0.832,3.455,35,1.083,549,2.683,24.6
DATA,MOTOR_BREAKIN_V3,000001,898236413,520,522,0.102,0.082,3.845,0.529,3.315,35,REV,UNKNOWN,0.092,0.305,0.410,0.139,2.874,0.832,3.455,35,1.083,549,2.683,24.6
DATA,MOTOR_BREAKIN_V3,000001,898236513,518,521,0.155,0.109,3.761,0.557,3.204,35,REV,UNKNOWN,0.132,0.422,0.040,0.139,2.874,0.832,3.455,35,1.083,549,2.683,24.6
DATA,MOTOR_BREAKIN_V3,000001,898236613,519,522,0.128,0.082,3.761,0.529,3.232,35,REV,UNKNOWN,0.105,0.340,0.436,0.167,2.874,0.832,3.455,35,1.083,549,2.683,24.6
DATA,MOTOR_BREAKIN_V3,000001,898236713,518,521,0.155,0.109,3.789,0.529,3.260,35,REV,UNKNOWN,0.132,0.430,0.423,0.195,2.874,0.832,3.455,35,1.083,549,2.683,24.6
DATA,MOTOR_BREAKIN_V3,000001,898236813,519,521,0.128,0.109,3.817,0.529,3.287,35,REV,UNKNOWN,0.119,0.390,0.040,0.167,2.874,0.832,3.455,35,1.083,548,2.678,24.6
DATA,MOTOR_BREAKIN_V3,000001,898236913,519,522,0.128,0.082,3.845,0.501,3.343,35,REV,UNKNOWN,0.105,0.352,0.396,0.195,2.874,0.832,3.455,35,1.083,549,2.683,24.6
DATA,MOTOR_BREAKIN_V3,000001,898237013,519,522,0.128,0.082,3.761,0.557,3.204,35,REV,UNKNOWN,0.105,0.338,0.396,0.195,2.874,0.832,3.455,35,1.083,548,2.678,24.6
DATA,MOTOR_BREAKIN_V3,000001,898237113,519,522,0.128,0.082,3.845,0.529,3.315,35,REV,UNKNOWN,0.105,0.349,0.026,0.167,2.874,0.832,3.455,35,1.083,549,2.683,24.5
DATA,MOTOR_BREAKIN_V3,000001,898237213,519,521,0.128,0.109,3.789,0.529,3.260,35,REV,UNKNOWN,0.119,0.386,0.462,0.139,2.874,0.832,3.455,35,1.083,549,2.683,24.6
DATA,MOTOR_BREAKIN_V3,000001,898237313,519,521,0.128,0.109,3.761,0.557,3.204,35,REV,UNKNOWN,0.119,0.380,0.476,0.139,2.874,0.832,3.455,35,1.083,549,2.683,24.6
DATA,MOTOR_BREAKIN_V3,000001,898237413,519,521,0.128,0.109,3.733,0.557,3.176,35,REV,UNKNOWN,0.119,0.377,0.026,0.139,2.874,0.832,3.455,35,1.083,548,2.678,24.6
DATA,MOTOR_BREAKIN_V3,000001,898237513,520,521,0.102,0.109,3.789,0.557,3.232,35,REV,UNKNOWN,0.105,0.340,0.410,0.139,2.874,0.832,3.455,35,1.083,549,2.683,24.6
DATA,MOTOR_BREAKIN_V3,000001,898237613,520,520,0.102,0.135,3.817,0.557,3.260,35,REV,UNKNOWN,0.119,0.386,0.410,0.223,2.874,0.832,3.455,35,1.083,548,2.678,24.6
DATA,MOTOR_BREAKIN_V3,000001,898237713,519,521,0.128,0.109,3.761,0.557,3.204,35,REV,UNKNOWN,0.119,0.380,0.040,0.251,2.874,0.832,3.455,35,1.083,549,2.683,24.5
DATA,MOTOR_BREAKIN_V3,000001,898237813,519,522,0.128,0.082,3.789,0.557,3.232,35,REV,UNKNOWN,0.105,0.340,0.436,0.195,2.874,0.832,3.455,35,1.083,549,2.683,24.5
DATA,MOTOR_BREAKIN_V3,000001,898237913,519,522,0.128,0.082,3.733,0.557,3.176,35,REV,UNKNOWN,0.105,0.335,0.449,0.111,2.874,0.832,3.455,35,1.083,548,2.678,24.6
DATA,MOTOR_BREAKIN_V3,000001,898238013,519,521,0.128,0.109,3.761,0.557,3.204,35,REV,UNKNOWN,0.119,0.380,0.040,0.139,2.874,0.832,3.455,35,1.083,549,2.683,24.5
DATA,MOTOR_BREAKIN_V3,000001,898238113,518,523,0.155,0.056,3.789,0.529,3.260,35,REV,UNKNOWN,0.105,0.343,0.462,0.111,2.874,0.832,3.455,35,1.083,549,2.683,24.5
DATA,MOTOR_BREAKIN_V3,000001,898238213,520,521,0.102,0.109,3.761,0.557,3.204,35,REV,UNKNOWN,0.105,0.338,0.462,0.139,2.874,0.832,3.455,35,1.083,549,2.683,24.5
DATA,MOTOR_BREAKIN_V3,000001,898238313,520,522,0.102,0.082,3.817,0.557,3.260,35,REV,UNKNOWN,0.092,0.300,0.026,0.167,2.874,0.832,3.455,35,1.083,549,2.683,24.6
DATA,MOTOR_BREAKIN_V3,000001,898238413,519,522,0.128,0.082,3.761,0.557,3.204,35,REV,UNKNOWN,0.105,0.338,0.423,0.195,2.874,0.832,3.455,35,1.083,549,2.683,24.5
DATA,MOTOR_BREAKIN_V3,000001,898238513,518,522,0.155,0.082,3.733,0.557,3.176,35,REV,UNKNOWN,0.119,0.377,0.423,0.167,2.874,0.832,3.455,35,1.083,549,2.683,24.5
DATA,MOTOR_BREAKIN_V3,000001,898238613,519,521,0.128,0.109,3.845,0.557,3.287,35,REV,UNKNOWN,0.119,0.390,0.026,0.111,2.874,0.832,3.455,35,1.083,549,2.683,24.6
DATA,MOTOR_BREAKIN_V3,000001,898238713,519,522,0.128,0.082,3.789,0.585,3.204,35,REV,UNKNOWN,0.105,0.338,0.423,0.167,2.874,0.832,3.455,35,1.083,549,2.683,24.5
DATA,MOTOR_BREAKIN_V3,000001,898238813,519,523,0.128,0.056,3.761,0.557,3.204,35,REV,UNKNOWN,0.092,0.295,0.423,0.167,2.874,0.832,3.455,35,1.083,549,2.683,24.5
DATA,MOTOR_BREAKIN_V3,000001,898238913,519,521,0.128,0.109,3.761,0.557,3.204,35,REV,UNKNOWN,0.119,0.380,0.026,0.139,2.874,0.832,3.455,35,1.083,549,2.683,24.5
DATA,MOTOR_BREAKIN_V3,000001,898239013,519,522,0.128,0.082,3.845,0.557,3.287,35,REV,UNKNOWN,0.105,0.346,0.436,0.139,2.874,0.832,3.455,35,1.083,549,2.683,24.6
DATA,MOTOR_BREAKIN_V3,000001,898239113,519,522,0.128,0.082,3.761,0.557,3.204,35,REV,UNKNOWN,0.105,0.338,0.436,0.084,2.874,0.832,3.455,35,1.083,548,2.678,24.5
DATA,MOTOR_BREAKIN_V3,000001,898239213,518,523,0.155,0.056,3.705,0.585,3.120,35,REV,UNKNOWN,0.105,0.329,0.396,0.279,2.874,0.832,3.455,35,1.083,549,2.683,24.5
DATA,MOTOR_BREAKIN_V3,000001,898239313,520,522,0.102,0.082,3.817,0.557,3.260,35,REV,UNKNOWN,0.092,0.300,0.436,0.279,2.874,0.832,3.455,35,1.083,549,2.683,24.5
DATA,MOTOR_BREAKIN_V3,000001,898239413,518,521,0.155,0.109,3.789,0.585,3.204,35,REV,UNKNOWN,0.132,0.422,0.436,0.223,2.874,0.832,3.455,35,1.083,549,2.683,24.5
DATA,MOTOR_BREAKIN_V3,000001,898239512,519,521,0.128,0.109,3.789,0.529,3.260,35,REV,UNKNOWN,0.119,0.386,0.304,0.279,2.874,0.832,3.455,35,1.083,549,2.683,24.6
DATA,MOTOR_BREAKIN_V3,000001,898239613,519,520,0.128,0.135,3.733,0.557,3.176,35,REV,UNKNOWN,0.132,0.418,0.304,0.279,2.874,0.832,3.455,35,1.083,549,2.683,24.5
DATA,MOTOR_BREAKIN_V3,000001,898239713,519,522,0.128,0.082,3.817,0.557,3.260,35,REV,UNKNOWN,0.105,0.343,0.040,0.139,2.874,0.832,3.455,35,1.083,549,2.683,24.5
DATA,MOTOR_BREAKIN_V3,000001,898239813,519,521,0.128,0.109,3.817,0.585,3.232,35,REV,UNKNOWN,0.119,0.383,0.410,0.139,2.874,0.832,3.455,35,1.083,549,2.683,24.5
DATA,MOTOR_BREAKIN_V3,000001,898239913,519,522,0.128,0.082,3.761,0.501,3.260,35,REV,UNKNOWN,0.105,0.343,0.396,0.139,2.874,0.832,3.455,35,1.083,549,2.683,24.5
DATA,MOTOR_BREAKIN_V3,000001,898240013,519,523,0.128,0.056,3.872,0.529,3.343,35,REV,UNKNOWN,0.092,0.308,0.026,0.167,2.874,0.832,3.455,35,1.083,549,2.683,24.5
DATA,MOTOR_BREAKIN_V3,000001,898240113,519,522,0.128,0.082,3.845,0.641,3.204,35,REV,UNKNOWN,0.105,0.338,0.383,0.167,2.874,0.832,3.455,35,1.083,549,2.683,24.5
DATA,MOTOR_BREAKIN_V3,000001,898240213,519,521,0.128,0.109,3.845,0.557,3.287,35,REV,UNKNOWN,0.119,0.390,0.383,0.195,2.874,0.832,3.455,35,1.083,549,2.683,24.5
DATA,MOTOR_BREAKIN_V3,000001,898240313,519,522,0.128,0.082,3.733,0.557,3.176,35,REV,UNKNOWN,0.105,0.335,0.026,0.195,2.874,0.832,3.455,35,1.083,549,2.683,24.5
DATA,MOTOR_BREAKIN_V3,000001,898240413,519,521,0.128,0.109,3.845,0.557,3.287,35,REV,UNKNOWN,0.119,0.390,0.462,0.167,2.874,0.832,3.455,35,1.083,549,2.683,24.5
DATA,MOTOR_BREAKIN_V3,000001,898240513,520,521,0.102,0.109,3.733,0.557,3.176,35,REV,UNKNOWN,0.105,0.335,0.462,0.223,2.874,0.832,3.455,35,1.083,549,2.683,24.5
DATA,MOTOR_BREAKIN_V3,000001,898240613,519,522,0.128,0.082,3.733,0.557,3.176,35,REV,UNKNOWN,0.105,0.335,0.040,0.223,2.874,0.832,3.455,35,1.083,549,2.683,24.5
DATA,MOTOR_BREAKIN_V3,000001,898240713,520,522,0.102,0.082,3.789,0.557,3.232,35,REV,UNKNOWN,0.092,0.298,0.317,0.279,2.874,0.832,3.455,35,1.083,549,2.683,24.5
DATA,MOTOR_BREAKIN_V3,000001,898240813,520,521,0.102,0.109,3.817,0.501,3.315,35,REV,UNKNOWN,0.105,0.349,0.330,0.251,2.874,0.832,3.455,35,1.083,549,2.683,24.5
DATA,MOTOR_BREAKIN_V3,000001,898240913,519,522,0.128,0.082,3.789,0.557,3.232,35,REV,UNKNOWN,0.105,0.340,0.040,0.195,2.874,0.832,3.455,35,1.083,548,2.678,24.5
DATA,MOTOR_BREAKIN_V3,000001,898241013,520,522,0.102,0.082,3.928,0.529,3.399,35,REV,UNKNOWN,0.092,0.313,0.449,0.279,2.874,0.832,3.455,35,1.083,549,2.683,24.5
DATA,MOTOR_BREAKIN_V3,000001,898241113,519,521,0.128,0.109,3.761,0.529,3.232,35,REV,UNKNOWN,0.119,0.383,0.449,0.279,2.874,0.832,3.455,35,1.083,549,2.683,24.5
DATA,MOTOR_BREAKIN_V3,000001,898241213,518,522,0.155,0.082,3.761,0.557,3.204,35,REV,UNKNOWN,0.119,0.380,0.026,0.223,2.874,0.832,3.455,35,1.083,549,2.683,24.5
DATA,MOTOR_BREAKIN_V3,000001,898241313,519,522,0.128,0.082,3.845,0.557,3.287,35,REV,UNKNOWN,0.105,0.346,0.410,0.223,2.874,0.832,3.455,35,1.083,549,2.683,24.5
DATA,MOTOR_BREAKIN_V3,000001,898241413,520,522,0.102,0.082,3.928,0.390,3.538,35,REV,UNKNOWN,0.092,0.326,0.410,0.334,2.874,0.832,3.455,35,1.083,549,2.683,24.5
DATA,MOTOR_BREAKIN_V3,000001,898241513,519,522,0.128,0.082,3.928,0.501,3.427,35,REV,UNKNOWN,0.105,0.361,0.026,0.334,2.874,0.832,3.455,35,1.083,549,2.683,24.5
DATA,MOTOR_BREAKIN_V3,000001,898241613,520,522,0.102,0.082,3.928,0.529,3.399,35,REV,UNKNOWN,0.092,0.313,0.410,0.223,2.874,0.832,3.455,35,1.083,549,2.683,24.5
DATA,MOTOR_BREAKIN_V3,000001,898241713,519,522,0.128,0.082,3.845,0.557,3.287,35,REV,UNKNOWN,0.105,0.346,0.410,0.195,2.874,0.832,3.455,35,1.083,548,2.678,24.4
DATA,MOTOR_BREAKIN_V3,000001,898241813,519,522,0.128,0.082,3.761,0.529,3.232,35,REV,UNKNOWN,0.105,0.340,0.026,0.139,2.874,0.832,3.455,35,1.083,549,2.683,24.5
DATA,MOTOR_BREAKIN_V3,000001,898241913,519,521,0.128,0.109,3.845,0.641,3.204,35,REV,UNKNOWN,0.119,0.380,0.449,0.195,2.874,0.832,3.455,35,1.083,549,2.683,24.5
OK
DATA,MOTOR_BREAKIN_V3,000001,898242013,519,522,0.128,0.082,3.845,0.529,3.315,33,REV,UNKNOWN,0.105,0.349,0.449,0.195,2.874,0.832,3.455,35,1.083,548,2.678,24.5
DATA,MOTOR_BREAKIN_V3,000001,898242113,520,522,0.102,0.082,3.789,0.585,3.204,33,REV,UNKNOWN,0.092,0.295,0.040,0.279,2.874,0.832,3.455,35,1.083,549,2.683,24.5
DATA,MOTOR_BREAKIN_V3,000001,898242213,520,521,0.102,0.109,3.761,0.557,3.204,33,REV,UNKNOWN,0.105,0.338,0.423,0.279,2.874,0.832,3.455,35,1.083,549,2.683,24.5
DATA,MOTOR_BREAKIN_V3,000001,898242313,519,521,0.128,0.109,3.789,0.557,3.232,33,REV,UNKNOWN,0.119,0.383,0.410,0.139,2.874,0.832,3.455,35,1.083,549,2.683,24.5
DATA,MOTOR_BREAKIN_V3,000001,898242413,519,522,0.128,0.082,3.705,0.557,3.148,33,REV,UNKNOWN,0.105,0.332,0.410,0.223,2.874,0.832,3.455,35,1.083,549,2.683,24.5
DATA,MOTOR_BREAKIN_V3,000001,898242513,519,522,0.128,0.082,3.789,0.557,3.232,33,REV,UNKNOWN,0.105,0.340,0.423,0.223,2.874,0.832,3.455,35,1.083,549,2.683,24.5
DATA,MOTOR_BREAKIN_V3,000001,898242613,520,522,0.102,0.082,3.733,0.557,3.176,33,REV,UNKNOWN,0.092,0.293,0.370,0.139,2.874,0.832,3.455,35,1.083,550,2.688,24.5
DATA,MOTOR_BREAKIN_V3,000001,898242712,520,522,0.102,0.082,3.677,0.557,3.120,33,REV,UNKNOWN,0.092,0.287,0.370,0.195,2.874,0.832,3.455,35,1.083,549,2.683,24.5
DATA,MOTOR_BREAKIN_V3,000001,898242813,519,521,0.128,0.109,3.677,0.557,3.120,33,REV,UNKNOWN,0.119,0.370,0.357,0.195,2.874,0.832,3.455,35,1.083,549,2.683,24.5
DATA,MOTOR_BREAKIN_V3,000001,898242913,520,524,0.102,0.000,3.650,0.557,3.092,33,REV,UNKNOWN,0.051,0.158,0.068,0.084,2.874,0.832,3.455,35,1.083,549,2.683,24.5
DATA,MOTOR_BREAKIN_V3,000001,898243013,520,522,0.102,0.082,3.677,0.557,3.120,33,REV,UNKNOWN,0.092,0.287,0.424,0.139,2.874,0.832,3.455,35,1.083,549,2.683,24.5
DATA,MOTOR_BREAKIN_V3,000001,898243113,520,522,0.102,0.082,3.789,0.557,3.232,33,REV,UNKNOWN,0.092,0.298,0.383,0.139,2.874,0.832,3.455,35,1.083,549,2.683,24.4
DATA,MOTOR_BREAKIN_V3,000001,898243213,520,522,0.102,0.082,3.677,0.529,3.148,33,REV,UNKNOWN,0.092,0.290,0.040,0.167,2.874,0.832,3.455,35,1.083,549,2.683,24.5
DATA,MOTOR_BREAKIN_V3,000001,898243313,519,522,0.128,0.082,3.705,0.557,3.148,33,REV,UNKNOWN,0.105,0.332,0.383,0.139,2.874,0.832,3.455,35,1.083,549,2.683,24.5
DATA,MOTOR_BREAKIN_V3,000001,898243413,520,521,0.102,0.109,3.650,0.557,3.092,33,REV,UNKNOWN,0.105,0.326,0.370,0.111,2.874,0.832,3.455,35,1.083,549,2.683,24.5
DATA,MOTOR_BREAKIN_V3,000001,898243513,520,522,0.102,0.082,3.677,0.557,3.120,33,REV,UNKNOWN,0.092,0.287,0.040,0.195,2.874,0.832,3.455,35,1.083,549,2.683,24.4
DATA,MOTOR_BREAKIN_V3,000001,898243613,520,522,0.102,0.082,3.622,0.557,3.065,33,REV,UNKNOWN,0.092,0.282,0.383,0.223,2.874,0.832,3.455,35,1.083,549,2.683,24.4
DATA,MOTOR_BREAKIN_V3,000001,898243713,520,521,0.102,0.109,3.789,0.529,3.260,33,REV,UNKNOWN,0.105,0.343,0.370,0.195,2.874,0.832,3.455,35,1.083,549,2.683,24.4
DATA,MOTOR_BREAKIN_V3,000001,898243813,520,522,0.102,0.082,3.705,0.557,3.148,33,REV,UNKNOWN,0.092,0.290,0.026,0.195,2.874,0.832,3.455,35,1.083,549,2.683,24.4
DATA,MOTOR_BREAKIN_V3,000001,898243913,520,522,0.102,0.082,3.705,0.529,3.176,33,REV,UNKNOWN,0.092,0.293,0.357,0.139,2.874,0.832,3.455,35,1.083,549,2.683,24.4
DATA,MOTOR_BREAKIN_V3,000001,898244013,520,523,0.102,0.056,3.677,0.585,3.092,33,REV,UNKNOWN,0.079,0.244,0.370,0.139,2.874,0.832,3.455,35,1.083,549,2.683,24.4
DATA,MOTOR_BREAKIN_V3,000001,898244113,519,522,0.128,0.082,3.650,0.557,3.092,33,REV,UNKNOWN,0.105,0.326,0.040,0.111,2.874,0.832,3.455,35,1.083,549,2.683,24.4
DATA,MOTOR_BREAKIN_V3,000001,898244213,520,522,0.102,0.082,3.733,0.557,3.176,33,REV,UNKNOWN,0.092,0.293,0.357,0.223,2.874,0.832,3.455,35,1.083,550,2.688,24.4
DATA,MOTOR_BREAKIN_V3,000001,898244313,520,522,0.102,0.082,3.650,0.557,3.092,33,REV,UNKNOWN,0.092,0.285,0.357,0.251,2.874,0.832,3.455,35,1.083,549,2.683,24.4
DATA,MOTOR_BREAKIN_V3,000001,898244413,520,522,0.102,0.082,3.650,0.585,3.065,33,REV,UNKNOWN,0.092,0.282,0.026,0.195,2.874,0.832,3.455,35,1.083,549,2.683,24.4
DATA,MOTOR_BREAKIN_V3,000001,898244513,519,523,0.128,0.056,3.733,0.557,3.176,33,REV,UNKNOWN,0.092,0.293,0.396,0.167,2.874,0.832,3.455,35,1.083,549,2.683,24.4
DATA,MOTOR_BREAKIN_V3,000001,898244613,520,522,0.102,0.082,3.733,0.557,3.176,33,REV,UNKNOWN,0.092,0.293,0.383,0.111,2.874,0.832,3.455,35,1.083,549,2.683,24.4
DATA,MOTOR_BREAKIN_V3,000001,898244713,520,521,0.102,0.109,3.733,0.529,3.204,33,REV,UNKNOWN,0.105,0.338,0.026,0.111,2.874,0.832,3.455,35,1.083,549,2.683,24.4
DATA,MOTOR_BREAKIN_V3,000001,898244813,520,522,0.102,0.082,3.650,0.557,3.092,33,REV,UNKNOWN,0.092,0.285,0.370,0.111,2.874,0.832,3.455,35,1.083,549,2.683,24.4
DATA,MOTOR_BREAKIN_V3,000001,898244913,520,522,0.102,0.082,3.705,0.529,3.176,33,REV,UNKNOWN,0.092,0.293,0.370,0.167,2.874,0.832,3.455,35,1.083,549,2.683,24.4
DATA,MOTOR_BREAKIN_V3,000001,898245013,520,522,0.102,0.082,3.622,0.557,3.065,33,REV,UNKNOWN,0.092,0.282,0.026,0.139,2.874,0.832,3.455,35,1.083,549,2.683,24.4
DATA,MOTOR_BREAKIN_V3,000001,898245113,520,522,0.102,0.082,3.650,0.557,3.092,33,REV,UNKNOWN,0.092,0.285,0.357,0.139,2.874,0.832,3.455,35,1.083,549,2.683,24.4
DATA,MOTOR_BREAKIN_V3,000001,898245213,520,522,0.102,0.082,3.622,0.557,3.065,33,REV,UNKNOWN,0.092,0.282,0.357,0.111,2.874,0.832,3.455,35,1.083,549,2.683,24.4
DATA,MOTOR_BREAKIN_V3,000001,898245313,518,522,0.155,0.082,3.761,0.613,3.148,33,REV,UNKNOWN,0.119,0.373,0.040,0.111,2.874,0.832,3.455,35,1.083,549,2.683,24.4
DATA,MOTOR_BREAKIN_V3,000001,898245413,519,521,0.128,0.109,3.677,0.529,3.148,33,REV,UNKNOWN,0.119,0.373,0.410,0.167,2.874,0.832,3.455,35,1.083,549,2.683,24.4
DATA,MOTOR_BREAKIN_V3,000001,898245513,519,522,0.128,0.082,3.650,0.529,3.120,33,REV,UNKNOWN,0.105,0.329,0.410,0.223,2.874,0.832,3.455,35,1.083,549,2.683,24.4
DATA,MOTOR_BREAKIN_V3,000001,898245613,519,522,0.128,0.082,3.705,0.557,3.148,33,REV,UNKNOWN,0.105,0.332,0.370,0.195,2.874,0.832,3.455,35,1.083,549,2.683,24.4
DATA,MOTOR_BREAKIN_V3,000001,898245713,519,522,0.128,0.082,3.677,0.557,3.120,33,REV,UNKNOWN,0.105,0.329,0.370,0.139,2.874,0.832,3.455,35,1.083,550,2.688,24.4
DATA,MOTOR_BREAKIN_V3,000001,898245813,519,521,0.128,0.109,3.594,0.557,3.037,33,REV,UNKNOWN,0.119,0.360,0.357,0.111,2.874,0.832,3.455,35,1.083,550,2.688,24.4
DATA,MOTOR_BREAKIN_V3,000001,898245912,520,522,0.102,0.082,3.650,0.585,3.065,33,REV,UNKNOWN,0.092,0.282,0.396,0.111,2.874,0.832,3.455,35,1.083,549,2.683,24.4
DATA,MOTOR_BREAKIN_V3,000001,898246013,520,521,0.102,0.109,3.705,0.557,3.148,33,REV,UNKNOWN,0.105,0.332,0.396,0.139,2.874,0.832,3.455,35,1.083,548,2.678,24.4
DATA,MOTOR_BREAKIN_V3,000001,898246113,519,521,0.128,0.109,3.594,0.557,3.037,33,REV,UNKNOWN,0.119,0.360,0.026,0.139,2.874,0.832,3.455,35,1.083,549,2.683,24.4
DATA,MOTOR_BREAKIN_V3,000001,898246213,519,522,0.128,0.082,3.566,0.585,2.981,33,REV,UNKNOWN,0.105,0.314,0.396,0.223,2.874,0.832,3.455,35,1.083,549,2.683,24.4
DATA,MOTOR_BREAKIN_V3,000001,898246313,520,522,0.102,0.082,3.650,0.557,3.092,33,REV,UNKNOWN,0.092,0.285,0.396,0.223,2.874,0.832,3.455,35,1.083,549,2.683,24.4
DATA,MOTOR_BREAKIN_V3,000001,898246413,519,522,0.128,0.082,3.733,0.557,3.176,33,REV,UNKNOWN,0.105,0.335,0.026,0.167,2.874,0.832,3.455,35,1.083,549,2.683,24.4
DATA,MOTOR_BREAKIN_V3,000001,898246513,519,522,0.128,0.082,3.650,0.557,3.092,33,REV,UNKNOWN,0.105,0.326,0.383,0.167,2.874,0.832,3.455,35,1.083,549,2.683,24.4
DATA,MOTOR_BREAKIN_V3,000001,898246613,519,522,0.128,0.082,3.650,0.557,3.092,33,REV,UNKNOWN,0.105,0.326,0.383,0.084,2.874,0.832,3.455,35,1.083,549,2.683,24.4
DATA,MOTOR_BREAKIN_V3,000001,898246713,520,521,0.102,0.109,3.677,0.529,3.148,33,REV,UNKNOWN,0.105,0.332,0.026,0.139,2.874,0.832,3.455,35,1.083,549,2.683,24.3
DATA,MOTOR_BREAKIN_V3,000001,898246813,520,521,0.102,0.109,3.650,0.557,3.092,33,REV,UNKNOWN,0.105,0.326,0.370,0.139,2.874,0.832,3.455,35,1.083,549,2.683,24.4
DATA,MOTOR_BREAKIN_V3,000001,898246913,519,523,0.128,0.056,3.650,0.557,3.092,33,REV,UNKNOWN,0.092,0.285,0.370,0.195,2.874,0.832,3.455,35,1.083,549,2.683,24.4
DATA,MOTOR_BREAKIN_V3,000001,898247013,519,522,0.128,0.082,3.677,0.557,3.120,33,REV,UNKNOWN,0.105,0.329,0.013,0.195,2.874,0.832,3.455,35,1.083,549,2.683,24.4
DATA,MOTOR_BREAKIN_V3,000001,898247113,519,522,0.128,0.082,3.566,0.557,3.009,33,REV,UNKNOWN,0.105,0.317,0.238,0.223,2.874,0.832,3.455,35,1.083,548,2.678,24.4
DATA,MOTOR_BREAKIN_V3,000001,898247213,519,522,0.128,0.082,3.622,0.557,3.065,33,REV,UNKNOWN,0.105,0.323,0.238,0.223,2.874,0.832,3.455,35,1.083,549,2.683,24.4
DATA,MOTOR_BREAKIN_V3,000001,898247313,519,521,0.128,0.109,3.677,0.557,3.120,33,REV,UNKNOWN,0.119,0.370,0.040,0.084,2.874,0.832,3.455,35,1.083,549,2.683,24.4
DATA,MOTOR_BREAKIN_V3,000001,898247413,519,523,0.128,0.056,3.566,0.585,2.981,33,REV,UNKNOWN,0.092,0.275,0.383,0.139,2.874,0.832,3.455,35,1.083,548,2.678,24.3
DATA,MOTOR_BREAKIN_V3,000001,898247513,519,522,0.128,0.082,3.622,0.529,3.092,33,REV,UNKNOWN,0.105,0.326,0.370,0.139,2.874,0.832,3.455,35,1.083,550,2.688,24.3
DATA,MOTOR_BREAKIN_V3,000001,898247613,519,522,0.128,0.082,3.650,0.529,3.120,33,REV,UNKNOWN,0.105,0.329,0.026,0.139,2.874,0.832,3.455,35,1.083,549,2.683,24.4
DATA,MOTOR_BREAKIN_V3,000001,898247713,520,522,0.102,0.082,3.705,0.557,3.148,33,REV,UNKNOWN,0.092,0.290,0.383,0.139,2.874,0.832,3.455,35,1.083,549,2.683,24.4
DATA,MOTOR_BREAKIN_V3,000001,898247813,520,521,0.102,0.109,3.622,0.529,3.092,33,REV,UNKNOWN,0.105,0.326,0.383,0.167,2.874,0.832,3.455,35,1.083,549,2.683,24.3
DATA,MOTOR_BREAKIN_V3,000001,898247913,519,522,0.128,0.082,3.594,0.557,3.037,33,REV,UNKNOWN,0.105,0.320,0.040,0.167,2.874,0.832,3.455,35,1.083,550,2.688,24.3
DATA,MOTOR_BREAKIN_V3,000001,898248013,520,522,0.102,0.082,3.677,0.529,3.148,33,REV,UNKNOWN,0.092,0.290,0.410,0.139,2.874,0.832,3.455,35,1.083,549,2.683,24.3
DATA,MOTOR_BREAKIN_V3,000001,898248113,520,522,0.102,0.082,3.594,0.557,3.037,33,REV,UNKNOWN,0.092,0.280,0.410,0.223,2.874,0.832,3.455,35,1.083,549,2.683,24.4
DATA,MOTOR_BREAKIN_V3,000001,898248213,519,522,0.128,0.082,3.622,0.529,3.092,33,REV,UNKNOWN,0.105,0.326,0.040,0.223,2.874,0.832,3.455,35,1.083,549,2.683,24.4
DATA,MOTOR_BREAKIN_V3,000001,898248313,519,522,0.128,0.082,3.677,0.557,3.120,33,REV,UNKNOWN,0.105,0.329,0.383,0.056,2.874,0.832,3.455,35,1.083,549,2.683,24.3
DATA,MOTOR_BREAKIN_V3,000001,898248413,520,521,0.102,0.109,3.594,0.529,3.065,33,REV,UNKNOWN,0.105,0.323,0.383,0.139,2.874,0.832,3.455,35,1.083,549,2.683,24.3
DATA,MOTOR_BREAKIN_V3,000001,898248513,520,522,0.102,0.082,3.594,0.557,3.037,33,REV,UNKNOWN,0.092,0.280,0.013,0.139,2.874,0.832,3.455,35,1.083,549,2.683,24.3
DATA,MOTOR_BREAKIN_V3,000001,898248613,519,522,0.128,0.082,3.705,0.557,3.148,33,REV,UNKNOWN,0.105,0.332,0.423,0.139,2.874,0.832,3.455,35,1.083,549,2.683,24.3
DATA,MOTOR_BREAKIN_V3,000001,898248713,520,521,0.102,0.109,3.650,0.529,3.120,33,REV,UNKNOWN,0.105,0.329,0.436,0.139,2.874,0.832,3.455,35,1.083,549,2.683,24.3
DATA,MOTOR_BREAKIN_V3,000001,898248813,519,522,0.128,0.082,3.677,0.557,3.120,33,REV,UNKNOWN,0.105,0.329,0.370,0.111,2.874,0.832,3.455,35,1.083,549,2.683,24.4
DATA,MOTOR_BREAKIN_V3,000001,898248913,519,522,0.128,0.082,3.594,0.557,3.037,33,REV,UNKNOWN,0.105,0.320,0.370,0.111,2.874,0.832,3.455,35,1.083,548,2.678,24.3
DATA,MOTOR_BREAKIN_V3,000001,898249013,519,522,0.128,0.082,3.566,0.557,3.009,33,REV,UNKNOWN,0.105,0.317,0.370,0.195,2.874,0.832,3.455,35,1.083,549,2.683,24.3
DATA,MOTOR_BREAKIN_V3,000001,898249112,519,522,0.128,0.082,3.677,0.585,3.092,33,REV,UNKNOWN,0.105,0.326,0.410,0.251,2.874,0.832,3.455,35,1.083,549,2.683,24.3
DATA,MOTOR_BREAKIN_V3,000001,898249213,520,522,0.102,0.082,3.622,0.557,3.065,33,REV,UNKNOWN,0.092,0.282,0.410,0.195,2.874,0.832,3.455,35,1.083,549,2.683,24.3
DATA,MOTOR_BREAKIN_V3,000001,898249313,519,522,0.128,0.082,3.677,0.557,3.120,33,REV,UNKNOWN,0.105,0.329,0.013,0.139,2.874,0.832,3.455,35,1.083,549,2.683,24.3
DATA,MOTOR_BREAKIN_V3,000001,898249413,520,522,0.102,0.082,3.677,0.585,3.092,33,REV,UNKNOWN,0.092,0.285,0.396,0.111,2.874,0.832,3.455,35,1.083,549,2.683,24.3
DATA,MOTOR_BREAKIN_V3,000001,898249513,519,521,0.128,0.109,3.650,0.557,3.092,33,REV,UNKNOWN,0.119,0.367,0.396,0.111,2.874,0.832,3.455,35,1.083,549,2.683,24.3
DATA,MOTOR_BREAKIN_V3,000001,898249613,519,521,0.128,0.109,3.650,0.585,3.065,33,REV,UNKNOWN,0.119,0.363,0.040,0.084,2.874,0.832,3.455,35,1.083,549,2.683,24.3
DATA,MOTOR_BREAKIN_V3,000001,898249713,519,522,0.128,0.082,3.594,0.557,3.037,33,REV,UNKNOWN,0.105,0.320,0.396,0.167,2.874,0.832,3.455,35,1.083,549,2.683,24.3
DATA,MOTOR_BREAKIN_V3,000001,898249813,520,522,0.102,0.082,3.677,0.557,3.120,33,REV,UNKNOWN,0.092,0.287,0.396,0.167,2.874,0.832,3.455,35,1.083,549,2.683,24.3
DATA,MOTOR_BREAKIN_V3,000001,898249913,519,521,0.128,0.109,3.566,0.557,3.009,33,REV,UNKNOWN,0.119,0.357,0.026,0.111,2.874,0.832,3.455,35,1.083,549,2.683,24.3
DATA,MOTOR_BREAKIN_V3,000001,898250013,520,522,0.102,0.082,3.733,0.557,3.176,33,REV,UNKNOWN,0.092,0.293,0.383,0.195,2.874,0.832,3.455,35,1.083,549,2.683,24.3
DATA,MOTOR_BREAKIN_V3,000001,898250113,520,522,0.102,0.082,3.705,0.557,3.148,33,REV,UNKNOWN,0.092,0.290,0.383,0.223,2.874,0.832,3.455,35,1.083,549,2.683,24.3
DATA,MOTOR_BREAKIN_V3,000001,898250213,520,522,0.102,0.082,3.677,0.585,3.092,33,REV,UNKNOWN,0.092,0.285,0.026,0.167,2.874,0.832,3.455,35,1.083,549,2.683,24.3
DATA,MOTOR_BREAKIN_V3,000001,898250313,519,521,0.128,0.109,3.650,0.529,3.120,33,REV,UNKNOWN,0.119,0.370,0.383,0.167,2.874,0.832,3.455,35,1.083,549,2.683,24.3
DATA,MOTOR_BREAKIN_V3,000001,898250413,520,522,0.102,0.082,3.622,0.557,3.065,33,REV,UNKNOWN,0.092,0.282,0.383,0.139,2.874,0.832,3.455,35,1.083,549,2.683,24.3
DATA,MOTOR_BREAKIN_V3,000001,898250513,520,522,0.102,0.082,3.650,0.529,3.120,33,REV,UNKNOWN,0.092,0.287,0.040,0.056,2.874,0.832,3.455,35,1.083,549,2.683,24.3
DATA,MOTOR_BREAKIN_V3,000001,898250613,520,522,0.102,0.082,3.677,0.557,3.120,33,REV,UNKNOWN,0.092,0.287,0.396,0.084,2.874,0.832,3.455,35,1.083,549,2.683,24.3
DATA,MOTOR_BREAKIN_V3,000001,898250713,520,522,0.102,0.082,3.594,0.557,3.037,33,REV,UNKNOWN,0.092,0.280,0.383,0.084,2.874,0.832,3.455,35,1.083,549,2.683,24.3
DATA,MOTOR_BREAKIN_V3,000001,898250813,519,522,0.128,0.082,3.650,0.557,3.092,33,REV,UNKNOWN,0.105,0.326,0.026,0.111,2.874,0.832,3.455,35,1.083,549,2.683,24.3
DATA,MOTOR_BREAKIN_V3,000001,898250913,519,522,0.128,0.082,3.622,0.557,3.065,33,REV,UNKNOWN,0.105,0.323,0.357,0.139,2.874,0.832,3.455,35,1.083,549,2.683,24.3
DATA,MOTOR_BREAKIN_V3,000001,898251013,520,522,0.102,0.082,3.594,0.585,3.009,33,REV,UNKNOWN,0.092,0.277,0.357,0.167,2.874,0.832,3.455,35,1.083,549,2.683,24.3
DATA,MOTOR_BREAKIN_V3,000001,898251113,520,522,0.102,0.082,3.705,0.557,3.148,33,REV,UNKNOWN,0.092,0.290,0.026,0.139,2.874,0.832,3.455,35,1.083,549,2.683,24.3
DATA,MOTOR_BREAKIN_V3,000001,898251213,519,521,0.128,0.109,3.594,0.557,3.037,33,REV,UNKNOWN,0.119,0.360,0.370,0.195,2.874,0.832,3.455,35,1.083,549,2.683,24.3
DATA,MOTOR_BREAKIN_V3,000001,898251313,518,522,0.155,0.082,3.622,0.585,3.037,33,REV,UNKNOWN,0.119,0.360,0.370,0.167,2.874,0.832,3.455,35,1.083,549,2.683,24.3
DATA,MOTOR_BREAKIN_V3,000001,898251413,519,523,0.128,0.056,3.705,0.557,3.148,33,REV,UNKNOWN,0.092,0.290,0.026,0.111,2.874,0.832,3.455,35,1.083,549,2.683,24.3
DATA,MOTOR_BREAKIN_V3,000001,898251513,520,522,0.102,0.082,3.677,0.529,3.148,33,REV,UNKNOWN,0.092,0.290,0.357,0.139,2.874,0.832,3.455,35,1.083,549,2.683,24.3
DATA,MOTOR_BREAKIN_V3,000001,898251613,519,521,0.128,0.109,3.594,0.557,3.037,33,REV,UNKNOWN,0.119,0.360,0.357,0.139,2.874,0.832,3.455,35,1.083,549,2.683,24.3
DATA,MOTOR_BREAKIN_V3,000001,898251713,520,522,0.102,0.082,3.650,0.529,3.120,33,REV,UNKNOWN,0.092,0.287,0.026,0.111,2.874,0.832,3.455,35,1.083,549,2.683,24.3
DATA,MOTOR_BREAKIN_V3,000001,898251813,520,522,0.102,0.082,3.622,0.557,3.065,33,REV,UNKNOWN,0.092,0.282,0.396,0.111,2.874,0.832,3.455,35,1.083,549,2.683,24.3
DATA,MOTOR_BREAKIN_V3,000001,898251913,521,521,0.076,0.109,3.622,0.557,3.065,33,REV,UNKNOWN,0.092,0.282,0.396,0.084,2.874,0.832,3.455,35,1.083,549,2.683,24.3
DATA,MOTOR_BREAKIN_V3,000001,898252013,519,521,0.128,0.109,3.677,0.557,3.120,33,REV,UNKNOWN,0.119,0.370,0.370,0.111,2.874,0.832,3.455,35,1.083,550,2.688,24.3
DATA,MOTOR_BREAKIN_V3,000001,898252113,520,522,0.102,0.082,3.622,0.557,3.065,33,REV,UNKNOWN,0.092,0.282,0.370,0.111,2.874,0.832,3.455,35,1.083,550,2.688,24.3
DATA,MOTOR_BREAKIN_V3,000001,898252213,519,522,0.128,0.082,3.650,0.557,3.092,33,REV,UNKNOWN,0.105,0.326,0.357,0.111,2.874,0.832,3.455,35,1.083,549,2.683,24.3
DATA,MOTOR_BREAKIN_V3,000001,898252312,519,522,0.128,0.082,3.650,0.557,3.092,33,REV,UNKNOWN,0.105,0.326,0.370,0.167,2.874,0.832,3.455,35,1.083,549,2.683,24.3
DATA,MOTOR_BREAKIN_V3,000001,898252413,519,521,0.128,0.109,3.677,0.529,3.148,33,REV,UNKNOWN,0.119,0.373,0.370,0.167,2.874,0.832,3.455,35,1.083,549,2.683,24.3
DATA,MOTOR_BREAKIN_V3,000001,898252513,520,522,0.102,0.082,3.705,0.557,3.148,33,REV,UNKNOWN,0.092,0.290,0.026,0.139,2.874,0.832,3.455,35,1.083,549,2.683,24.3
DATA,MOTOR_BREAKIN_V3,000001,898252613,520,522,0.102,0.082,3.594,0.557,3.037,33,REV,UNKNOWN,0.092,0.280,0.383,0.195,2.874,0.832,3.455,35,1.083,549,2.683,24.3
DATA,MOTOR_BREAKIN_V3,000001,898252713,519,523,0.128,0.056,3.622,0.557,3.065,33,REV,UNKNOWN,0.092,0.282,0.383,0.251,2.874,0.832,3.455,35,1.083,549,2.683,24.3
DATA,MOTOR_BREAKIN_V3,000001,898252813,519,521,0.128,0.109,3.677,0.557,3.120,33,REV,UNKNOWN,0.119,0.370,0.040,0.251,2.874,0.832,3.455,35,1.083,549,2.683,24.3
DATA,MOTOR_BREAKIN_V3,000001,898252913,520,522,0.102,0.082,3.594,0.557,3.037,33,REV,UNKNOWN,0.092,0.280,0.370,0.167,2.874,0.832,3.455,35,1.083,549,2.683,24.3
DATA,MOTOR_BREAKIN_V3,000001,898253013,519,522,0.128,0.082,3.650,0.557,3.092,33,REV,UNKNOWN,0.105,0.326,0.370,0.084,2.874,0.832,3.455,35,1.083,549,2.683,24.3
DATA,MOTOR_BREAKIN_V3,000001,898253113,520,521,0.102,0.109,3.594,0.557,3.037,33,REV,UNKNOWN,0.105,0.320,0.040,0.111,2.874,0.832,3.455,35,1.083,549,2.683,24.3
DATA,MOTOR_BREAKIN_V3,000001,898253213,520,523,0.102,0.056,3.566,0.557,3.009,33,REV,UNKNOWN,0.079,0.237,0.423,0.139,2.874,0.832,3.455,35,1.083,549,2.683,24.3
DATA,MOTOR_BREAKIN_V3,000001,898253313,519,522,0.128,0.082,3.594,0.557,3.037,33,REV,UNKNOWN,0.105,0.320,0.423,0.139,2.874,0.832,3.455,35,1.083,549,2.683,24.3
DATA,MOTOR_BREAKIN_V3,000001,898253413,519,523,0.128,0.056,3.594,0.585,3.009,33,REV,UNKNOWN,0.092,0.277,0.013,0.251,2.874,0.832,3.455,35,1.083,548,2.678,24.3
DATA,MOTOR_BREAKIN_V3,000001,898253513,519,522,0.128,0.082,3.677,0.557,3.120,33,REV,UNKNOWN,0.105,0.329,0.410,0.251,2.874,0.832,3.455,35,1.083,550,2.688,24.3
DATA,MOTOR_BREAKIN_V3,000001,898253613,520,522,0.102,0.082,3.594,0.557,3.037,33,REV,UNKNOWN,0.092,0.280,0.410,0.167,2.874,0.832,3.455,35,1.083,550,2.688,24.3
DATA,MOTOR_BREAKIN_V3,000001,898253713,520,522,0.102,0.082,3.566,0.557,3.009,33,REV,UNKNOWN,0.092,0.277,0.026,0.167,2.874,0.832,3.455,35,1.083,549,2.683,24.3
DATA,MOTOR_BREAKIN_V3,000001,898253813,520,522,0.102,0.082,3.622,0.557,3.065,33,REV,UNKNOWN,0.092,0.282,0.423,0.111,2.874,0.832,3.455,35,1.083,549,2.683,24.3
DATA,MOTOR_BREAKIN_V3,000001,898253913,520,522,0.102,0.082,3.650,0.557,3.092,33,REV,UNKNOWN,0.092,0.285,0.449,0.084,2.874,0.832,3.455,35,1.083,549,2.683,24.3
DATA,MOTOR_BREAKIN_V3,000001,898254013,520,522,0.102,0.082,3.566,0.557,3.009,33,REV,UNKNOWN,0.092,0.277,0.040,0.111,2.874,0.832,3.455,35,1.083,549,2.683,24.3
DATA,MOTOR_BREAKIN_V3,000001,898254113,520,522,0.102,0.082,3.594,0.529,3.065,33,REV,UNKNOWN,0.092,0.282,0.396,0.251,2.874,0.832,3.455,35,1.083,549,2.683,24.3
DATA,MOTOR_BREAKIN_V3,000001,898254213,518,523,0.155,0.056,3.677,0.557,3.120,33,REV,UNKNOWN,0.105,0.329,0.410,0.251,2.874,0.832,3.455,35,1.083,549,2.683,24.3
DATA,MOTOR_BREAKIN_V3,000001,898254313,519,523,0.128,0.056,3.677,0.557,3.120,33,REV,UNKNOWN,0.092,0.287,0.040,0.223,2.874,0.832,3.455,35,1.083,549,2.683,24.3
DATA,MOTOR_BREAKIN_V3,000001,898254413,519,522,0.128,0.082,3.622,0.557,3.065,33,REV,UNKNOWN,0.105,0.323,0.410,0.167,2.874,0.832,3.455,35,1.083,549,2.683,24.3
DATA,MOTOR_BREAKIN_V3,000001,898254513,519,521,0.128,0.109,3.677,0.585,3.092,33,REV,UNKNOWN,0.119,0.367,0.423,0.139,2.874,0.832,3.455,35,1.083,549,2.683,24.3
DATA,MOTOR_BREAKIN_V3,000001,898254613,520,522,0.102,0.082,3.677,0.557,3.120,33,REV,UNKNOWN,0.092,0.287,0.040,0.084,2.874,0.832,3.455,35,1.083,549,2.683,24.3
DATA,MOTOR_BREAKIN_V3,000001,898254713,519,522,0.128,0.082,3.677,0.557,3.120,33,REV,UNKNOWN,0.105,0.329,0.383,0.111,2.874,0.832,3.455,35,1.083,549,2.683,24.3
DATA,MOTOR_BREAKIN_V3,000001,898254813,519,522,0.128,0.082,3.650,0.557,3.092,33,REV,UNKNOWN,0.105,0.326,0.396,0.111,2.874,0.832,3.455,35,1.083,550,2.688,24.3
DATA,MOTOR_BREAKIN_V3,000001,898254913,519,522,0.128,0.082,3.622,0.557,3.065,33,REV,UNKNOWN,0.105,0.323,0.026,0.111,2.874,0.832,3.455,35,1.083,549,2.683,24.3
DATA,MOTOR_BREAKIN_V3,000001,898255013,518,522,0.155,0.082,3.677,0.529,3.148,33,REV,UNKNOWN,0.119,0.373,0.383,0.111,2.874,0.832,3.455,35,1.083,549,2.683,24.3
DATA,MOTOR_BREAKIN_V3,000001,898255113,520,522,0.102,0.082,3.594,0.557,3.037,33,REV,UNKNOWN,0.092,0.280,0.370,0.111,2.874,0.832,3.455,35,1.083,549,2.683,24.3
DATA,MOTOR_BREAKIN_V3,000001,898255213,519,523,0.128,0.056,3.705,0.557,3.148,33,REV,UNKNOWN,0.092,0.290,0.396,0.111,2.874,0.832,3.455,35,1.083,549,2.683,24.3
DATA,MOTOR_BREAKIN_V3,000001,898255313,519,522,0.128,0.082,3.594,0.557,3.037,33,REV,UNKNOWN,0.105,0.320,0.396,0.139,2.874,0.832,3.455,35,1.083,549,2.683,24.3
DATA,MOTOR_BREAKIN_V3,000001,898255413,520,523,0.102,0.056,3.677,0.557,3.120,33,REV,UNKNOWN,0.079,0.246,0.383,0.111,2.874,0.832,3.455,35,1.083,548,2.678,24.3
DATA,MOTOR_BREAKIN_V3,000001,898255512,519,523,0.128,0.056,3.677,0.557,3.120,33,REV,UNKNOWN,0.092,0.287,0.357,0.223,2.874,0.832,3.455,35,1.083,549,2.683,24.3
DATA,MOTOR_BREAKIN_V3,000001,898255613,519,522,0.128,0.082,3.650,0.557,3.092,33,REV,UNKNOWN,0.105,0.326,0.343,0.223,2.874,0.832,3.455,35,1.083,549,2.683,24.3
DATA,MOTOR_BREAKIN_V3,000001,898255713,520,522,0.102,0.082,3.650,0.557,3.092,33,REV,UNKNOWN,0.092,0.285,0.040,0.195,2.874,0.832,3.455,35,1.083,549,2.683,24.3
DATA,MOTOR_BREAKIN_V3,000001,898255813,520,522,0.102,0.082,3.650,0.585,3.065,33,REV,UNKNOWN,0.092,0.282,0.410,0.139,2.874,0.832,3.455,35,1.083,549,2.683,24.3
DATA,MOTOR_BREAKIN_V3,000001,898255913,520,521,0.102,0.109,3.650,0.613,3.037,33,REV,UNKNOWN,0.105,0.320,0.396,0.167,2.874,0.832,3.455,35,1.083,549,2.683,24.3
DATA,MOTOR_BREAKIN_V3,000001,898256013,521,522,0.076,0.082,3.705,0.557,3.148,33,REV,UNKNOWN,0.079,0.248,0.026,0.139,2.874,0.832,3.455,35,1.083,549,2.683,24.3
DATA,MOTOR_BREAKIN_V3,000001,898256113,520,522,0.102,0.082,3.705,0.557,3.148,33,REV,UNKNOWN,0.092,0.290,0.396,0.139,2.874,0.832,3.455,35,1.083,549,2.683,24.3
DATA,MOTOR_BREAKIN_V3,000001,898256213,520,522,0.102,0.082,3.733,0.529,3.204,33,REV,UNKNOWN,0.092,0.295,0.396,0.195,2.874,0.832,3.455,35,1.083,549,2.683,24.3
DATA,MOTOR_BREAKIN_V3,000001,898256313,519,522,0.128,0.082,3.677,0.557,3.120,33,REV,UNKNOWN,0.105,0.329,0.026,0.195,2.874,0.832,3.455,35,1.083,548,2.678,24.3
DATA,MOTOR_BREAKIN_V3,000001,898256413,520,521,0.102,0.109,3.650,0.529,3.120,33,REV,UNKNOWN,0.105,0.329,0.370,0.084,2.874,0.832,3.455,35,1.083,549,2.683,24.3
DATA,MOTOR_BREAKIN_V3,000001,898256513,519,521,0.128,0.109,3.705,0.557,3.148,33,REV,UNKNOWN,0.119,0.373,0.370,0.111,2.874,0.832,3.455,35,1.083,549,2.683,24.3
DATA,MOTOR_BREAKIN_V3,000001,898256613,519,523,0.128,0.056,3.622,0.557,3.065,33,REV,UNKNOWN,0.092,0.282,0.026,0.195,2.874,0.832,3.455,35,1.083,549,2.683,24.2
DATA,MOTOR_BREAKIN_V3,000001,898256713,520,522,0.102,0.082,3.677,0.557,3.120,33,REV,UNKNOWN,0.092,0.287,0.410,0.167,2.874,0.832,3.455,35,1.083,550,2.688,24.3
DATA,MOTOR_BREAKIN_V3,000001,898256813,520,522,0.102,0.082,3.650,0.557,3.092,33,REV,UNKNOWN,0.092,0.285,0.410,0.167,2.874,0.832,3.455,35,1.083,549,2.683,24.3
DATA,MOTOR_BREAKIN_V3,000001,898256913,520,522,0.102,0.082,3.705,0.529,3.176,33,REV,UNKNOWN,0.092,0.293,0.013,0.111,2.874,0.832,3.455,35,1.083,550,2.688,24.2
DATA,MOTOR_BREAKIN_V3,000001,898257013,521,521,0.076,0.109,3.622,0.669,2.953,33,REV,UNKNOWN,0.092,0.272,0.410,0.279,2.874,0.832,3.455,35,1.083,548,2.678,24.3
DATA,MOTOR_BREAKIN_V3,000001,898257113,519,522,0.128,0.082,3.650,0.557,3.092,33,REV,UNKNOWN,0.105,0.326,0.423,0.279,2.874,0.832,3.455,35,1.083,549,2.683,24.3
DATA,MOTOR_BREAKIN_V3,000001,898257213,519,522,0.128,0.082,3.733,0.557,3.176,33,REV,UNKNOWN,0.105,0.335,0.026,0.167,2.874,0.832,3.455,35,1.083,549,2.683,24.2
DATA,MOTOR_BREAKIN_V3,000001,898257313,519,522,0.128,0.082,3.622,0.529,3.092,33,REV,UNKNOWN,0.105,0.326,0.396,0.139,2.874,0.832,3.455,35,1.083,550,2.688,24.2
DATA,MOTOR_BREAKIN_V3,000001,898257413,520,522,0.102,0.082,3.650,0.557,3.092,33,REV,UNKNOWN,0.092,0.285,0.396,0.111,2.874,0.832,3.455,35,1.083,549,2.683,24.2
DATA,MOTOR_BREAKIN_V3,000001,898257513,520,522,0.102,0.082,3.622,0.557,3.065,33,REV,UNKNOWN,0.092,0.282,0.013,0.084,2.874,0.832,3.455,35,1.083,549,2.683,24.2
DATA,MOTOR_BREAKIN_V3,000001,898257613,520,523,0.102,0.056,3.705,0.557,3.148,33,REV,UNKNOWN,0.079,0.248,0.383,0.167,2.874,0.832,3.455,35,1.083,549,2.683,24.2
DATA,MOTOR_BREAKIN_V3,000001,898257713,520,522,0.102,0.082,3.677,0.529,3.148,33,REV,UNKNOWN,0.092,0.290,0.383,0.167,2.874,0.832,3.455,35,1.083,549,2.683,24.2
DATA,MOTOR_BREAKIN_V3,000001,898257813,520,522,0.102,0.082,3.677,0.557,3.120,33,REV,UNKNOWN,0.092,0.287,0.026,0.167,2.874,0.832,3.455,35,1.083,549,2.683,24.2
DATA,MOTOR_BREAKIN_V3,000001,898257913,521,522,0.076,0.082,3.622,0.557,3.065,33,REV,UNKNOWN,0.079,0.242,0.436,0.167,2.874,0.832,3.455,35,1.083,549,2.683,24.2
DATA,MOTOR_BREAKIN_V3,000001,898258013,520,521,0.102,0.109,3.705,0.557,3.148,33,REV,UNKNOWN,0.105,0.332,0.436,0.139,2.874,0.832,3.455,35,1.083,549,2.683,24.2
DATA,MOTOR_BREAKIN_V3,000001,898258113,520,522,0.102,0.082,3.705,0.557,3.148,33,REV,UNKNOWN,0.092,0.290,0.026,0.139,2.874,0.832,3.455,35,1.083,550,2.688,24.2
DATA,MOTOR_BREAKIN_V3,000001,898258213,520,522,0.102,0.082,3.622,0.585,3.037,33,REV,UNKNOWN,0.092,0.280,0.396,0.139,2.874,0.832,3.455,35,1.083,549,2.683,24.2
DATA,MOTOR_BREAKIN_V3,000001,898258313,519,522,0.128,0.082,3.677,0.557,3.120,33,REV,UNKNOWN,0.105,0.329,0.396,0.167,2.874,0.832,3.455,35,1.083,549,2.683,24.2
DATA,MOTOR_BREAKIN_V3,000001,898258413,520,522,0.102,0.082,3.622,0.557,3.065,33,REV,UNKNOWN,0.092,0.282,0.357,0.223,2.874,0.832,3.455,35,1.083,550,2.688,24.2
DATA,MOTOR_BREAKIN_V3,000001,898258513,519,521,0.128,0.109,3.650,0.529,3.120,33,REV,UNKNOWN,0.119,0.370,0.357,0.195,2.874,0.832,3.455,35,1.083,549,2.683,24.2
DATA,MOTOR_BREAKIN_V3,000001,898258613,519,522,0.128,0.082,3.622,0.557,3.065,33,REV,UNKNOWN,0.105,0.323,0.370,0.139,2.874,0.832,3.455,35,1.083,549,2.683,24.2
DATA,MOTOR_BREAKIN_V3,000001,898258712,519,521,0.128,0.109,3.650,0.557,3.092,33,REV,UNKNOWN,0.119,0.367,0.383,0.084,2.874,0.832,3.455,35,1.083,549,2.683,24.2
DATA,MOTOR_BREAKIN_V3,000001,898258813,519,521,0.128,0.109,3.705,0.557,3.148,33,REV,UNKNOWN,0.119,0.373,0.370,0.195,2.874,0.832,3.455,35,1.083,549,2.683,24.2
DATA,MOTOR_BREAKIN_V3,000001,898258913,520,522,0.102,0.082,3.677,0.557,3.120,33,REV,UNKNOWN,0.092,0.287,0.026,0.167,2.874,0.832,3.455,35,1.083,548,2.678,24.2
DATA,MOTOR_BREAKIN_V3,000001,898259013,519,522,0.128,0.082,3.594,0.557,3.037,33,REV,UNKNOWN,0.105,0.320,0.343,0.139,2.874,0.832,3.455,35,1.083,549,2.683,24.2
DATA,MOTOR_BREAKIN_V3,000001,898259113,520,522,0.102,0.082,3.650,0.557,3.092,33,REV,UNKNOWN,0.092,0.285,0.370,0.139,2.874,0.832,3.455,35,1.083,549,2.683,24.2
DATA,MOTOR_BREAKIN_V3,000001,898259213,520,523,0.102,0.056,3.705,0.557,3.148,33,REV,UNKNOWN,0.079,0.248,0.053,0.111,2.874,0.832,3.455,35,1.083,550,2.688,24.2
DATA,MOTOR_BREAKIN_V3,000001,898259313,519,522,0.128,0.082,3.733,0.557,3.176,33,REV,UNKNOWN,0.105,0.335,0.423,0.111,2.874,0.832,3.455,35,1.083,550,2.688,24.2
DATA,MOTOR_BREAKIN_V3,000001,898259413,518,522,0.155,0.082,3.705,0.557,3.148,33,REV,UNKNOWN,0.119,0.373,0.410,0.056,2.874,0.832,3.455,35,1.083,549,2.683,24.2
DATA,MOTOR_BREAKIN_V3,000001,898259513,520,522,0.102,0.082,3.705,0.557,3.148,33,REV,UNKNOWN,0.092,0.290,0.026,0.084,2.874,0.832,3.455,35,1.083,549,2.683,24.2
DATA,MOTOR_BREAKIN_V3,000001,898259613,520,522,0.102,0.082,3.622,0.557,3.065,33,REV,UNKNOWN,0.092,0.282,0.383,0.139,2.874,0.832,3.455,35,1.083,549,2.683,24.2
DATA,MOTOR_BREAKIN_V3,000001,898259713,519,522,0.128,0.082,3.705,0.557,3.148,33,REV,UNKNOWN,0.105,0.332,0.383,0.167,2.874,0.832,3.455,35,1.083,549,2.683,24.2
DATA,MOTOR_BREAKIN_V3,000001,898259813,519,522,0.128,0.082,3.622,0.557,3.065,33,REV,UNKNOWN,0.105,0.323,0.026,0.111,2.874,0.832,3.455,35,1.083,550,2.688,24.2
DATA,MOTOR_BREAKIN_V3,000001,898259913,519,522,0.128,0.082,3.650,0.529,3.120,33,REV,UNKNOWN,0.105,0.329,0.383,0.084,2.874,0.832,3.455,35,1.083,549,2.683,24.2
DATA,MOTOR_BREAKIN_V3,000001,898260013,519,521,0.128,0.109,3.705,0.529,3.176,33,REV,UNKNOWN,0.119,0.377,0.370,0.111,2.874,0.832,3.455,35,1.083,549,2.683,24.2
DATA,MOTOR_BREAKIN_V3,000001,898260113,520,522,0.102,0.082,3.594,0.557,3.037,33,REV,UNKNOWN,0.092,0.280,0.026,0.139,2.874,0.832,3.455,35,1.083,549,2.683,24.2
DATA,MOTOR_BREAKIN_V3,000001,898260213,520,522,0.102,0.082,3.650,0.557,3.092,33,REV,UNKNOWN,0.092,0.285,0.383,0.167,2.874,0.832,3.455,35,1.083,549,2.683,24.2
DATA,MOTOR_BREAKIN_V3,000001,898260313,520,522,0.102,0.082,3.705,0.585,3.120,33,REV,UNKNOWN,0.092,0.287,0.383,0.195,2.874,0.832,3.455,35,1.083,549,2.683,24.1
DATA,MOTOR_BREAKIN_V3,000001,898260413,517,522,0.181,0.082,3.622,0.557,3.065,33,REV,UNKNOWN,0.132,0.404,0.053,0.139,2.874,0.832,3.455,35,1.083,549,2.683,24.2
DATA,MOTOR_BREAKIN_V3,000001,898260513,520,521,0.102,0.109,3.650,0.557,3.092,33,REV,UNKNOWN,0.105,0.326,0.370,0.111,2.874,0.832,3.455,35,1.083,550,2.688,24.2
DATA,MOTOR_BREAKIN_V3,000001,898260613,520,522,0.102,0.082,3.650,0.529,3.120,33,REV,UNKNOWN,0.092,0.287,0.357,0.139,2.874,0.832,3.455,35,1.083,549,2.683,24.2
DATA,MOTOR_BREAKIN_V3,000001,898260713,520,522,0.102,0.082,3.705,0.557,3.148,33,REV,UNKNOWN,0.092,0.290,0.040,0.139,2.874,0.832,3.455,35,1.083,549,2.683,24.1
DATA,MOTOR_BREAKIN_V3,000001,898260813,520,522,0.102,0.082,3.733,0.585,3.148,33,REV,UNKNOWN,0.092,0.290,0.436,0.167,2.874,0.832,3.455,35,1.083,549,2.683,24.1
DATA,MOTOR_BREAKIN_V3,000001,898260913,520,522,0.102,0.082,3.594,0.557,3.037,33,REV,UNKNOWN,0.092,0.280,0.423,0.167,2.874,0.832,3.455,35,1.083,549,2.683,24.2
DATA,MOTOR_BREAKIN_V3,000001,898261013,519,522,0.128,0.082,3.705,0.557,3.148,33,REV,UNKNOWN,0.105,0.332,0.013,0.139,2.874,0.832,3.455,35,1.083,549,2.683,24.1
DATA,MOTOR_BREAKIN_V3,000001,898261113,520,522,0.102,0.082,3.622,0.557,3.065,33,REV,UNKNOWN,0.092,0.282,0.330,0.139,2.874,0.832,3.455,35,1.083,549,2.683,24.1
DATA,MOTOR_BREAKIN_V3,000001,898261213,520,522,0.102,0.082,3.705,0.557,3.148,33,REV,UNKNOWN,0.092,0.290,0.330,0.167,2.874,0.832,3.455,35,1.083,549,2.683,24.2
DATA,MOTOR_BREAKIN_V3,000001,898261313,520,522,0.102,0.082,3.650,0.529,3.120,33,REV,UNKNOWN,0.092,0.287,0.040,0.111,2.874,0.832,3.455,35,1.083,549,2.683,24.1
DATA,MOTOR_BREAKIN_V3,000001,898261413,520,522,0.102,0.082,3.677,0.557,3.120,33,REV,UNKNOWN,0.092,0.287,0.383,0.167,2.874,0.832,3.455,35,1.083,549,2.683,24.1
DATA,MOTOR_BREAKIN_V3,000001,898261513,520,522,0.102,0.082,3.622,0.529,3.092,33,REV,UNKNOWN,0.092,0.285,0.370,0.167,2.874,0.832,3.455,35,1.083,549,2.683,24.1
DATA,MOTOR_BREAKIN_V3,000001,898261613,520,522,0.102,0.082,3.650,0.557,3.092,33,REV,UNKNOWN,0.092,0.285,0.396,0.139,2.874,0.832,3.455,35,1.083,549,2.683,24.2
DATA,MOTOR_BREAKIN_V3,000001,898261713,520,522,0.102,0.082,3.705,0.557,3.148,33,REV,UNKNOWN,0.092,0.290,0.396,0.084,2.874,0.832,3.455,35,1.083,549,2.683,24.1
DATA,MOTOR_BREAKIN_V3,000001,898261813,520,522,0.102,0.082,3.677,0.557,3.120,33,REV,UNKNOWN,0.092,0.287,0.383,0.195,2.874,0.832,3.455,35,1.083,549,2.683,24.1
DATA,MOTOR_BREAKIN_V3,000001,898261912,520,522,0.102,0.082,3.594,0.585,3.009,33,REV,UNKNOWN,0.092,0.277,0.410,0.251,2.874,0.832,3.455,35,1.083,549,2.683,24.1
DATA,MOTOR_BREAKIN_V3,000001,898262013,520,522,0.102,0.082,3.566,0.557,3.009,33,REV,UNKNOWN,0.092,0.277,0.396,0.223,2.874,0.832,3.455,35,1.083,549,2.683,24.1
DATA,MOTOR_BREAKIN_V3,000001,898262113,520,522,0.102,0.082,3.650,0.557,3.092,33,REV,UNKNOWN,0.092,0.285,0.013,0.167,2.874,0.832,3.455,35,1.083,549,2.683,24.2
DATA,MOTOR_BREAKIN_V3,000001,898262213,519,522,0.128,0.082,3.566,0.557,3.009,33,REV,UNKNOWN,0.105,0.317,0.410,0.167,2.874,0.832,3.455,35,1.083,549,2.683,24.1
DATA,MOTOR_BREAKIN_V3,000001,898262313,520,522,0.102,0.082,3.566,0.557,3.009,33,REV,UNKNOWN,0.092,0.277,0.410,0.195,2.874,0.832,3.455,35,1.083,550,2.688,24.1
DATA,MOTOR_BREAKIN_V3,000001,898262413,520,522,0.102,0.082,3.594,0.613,2.981,33,REV,UNKNOWN,0.092,0.275,0.026,0.251,2.874,0.832,3.455,35,1.083,549,2.683,24.1
DATA,MOTOR_BREAKIN_V3,000001,898262513,520,522,0.102,0.082,3.566,0.557,3.009,33,REV,UNKNOWN,0.092,0.277,0.410,0.167,2.874,0.832,3.455,35,1.083,548,2.678,24.1
DATA,MOTOR_BREAKIN_V3,000001,898262613,519,522,0.128,0.082,3.705,0.585,3.120,33,REV,UNKNOWN,0.105,0.329,0.423,0.139,2.874,0.832,3.455,35,1.083,549,2.683,24.1
DATA,MOTOR_BREAKIN_V3,000001,898262713,520,522,0.102,0.082,3.677,0.557,3.120,33,REV,UNKNOWN,0.092,0.287,0.040,0.111,2.874,0.832,3.455,35,1.083,549,2.683,24.1
DATA,MOTOR_BREAKIN_V3,000001,898262813,519,522,0.128,0.082,3.622,0.557,3.065,33,REV,UNKNOWN,0.105,0.323,0.383,0.084,2.874,0.832,3.455,35,1.083,549,2.683,24.1
DATA,MOTOR_BREAKIN_V3,000001,898262913,520,521,0.102,0.109,3.482,0.613,2.870,33,REV,UNKNOWN,0.105,0.302,0.396,0.195,2.874,0.832,3.455,35,1.083,549,2.683,24.1
DATA,MOTOR_BREAKIN_V3,000001,898263013,519,522,0.128,0.082,3.510,0.557,2.953,33,REV,UNKNOWN,0.105,0.311,0.040,0.251,2.874,0.832,3.455,35,1.083,549,2.683,24.1
DATA,MOTOR_BREAKIN_V3,000001,898263113,520,523,0.102,0.056,3.566,0.585,2.981,33,REV,UNKNOWN,0.079,0.235,0.396,0.195,2.874,0.832,3.455,35,1.083,549,2.683,24.1
DATA,MOTOR_BREAKIN_V3,000001,898263213,519,522,0.128,0.082,3.566,0.557,3.009,33,REV,UNKNOWN,0.105,0.317,0.424,0.251,2.874,0.832,3.455,35,1.083,549,2.683,24.1
DATA,MOTOR_BREAKIN_V3,000001,898263313,520,522,0.102,0.082,3.594,0.529,3.065,33,REV,UNKNOWN,0.092,0.282,0.054,0.334,2.874,0.832,3.455,35,1.083,549,2.683,24.1
DATA,MOTOR_BREAKIN_V3,000001,898263413,520,521,0.102,0.109,3.510,0.557,2.953,33,REV,UNKNOWN,0.105,0.311,0.423,0.306,2.874,0.832,3.455,35,1.083,549,2.683,24.1
DATA,MOTOR_BREAKIN_V3,000001,898263513,519,522,0.128,0.082,3.510,0.557,2.953,33,REV,UNKNOWN,0.105,0.311,0.410,0.195,2.874,0.832,3.455,35,1.083,549,2.683,24.1
DATA,MOTOR_BREAKIN_V3,000001,898263613,521,521,0.076,0.109,3.622,0.557,3.065,33,REV,UNKNOWN,0.092,0.282,0.040,0.223,2.874,0.832,3.455,35,1.083,549,2.683,24.1
DATA,MOTOR_BREAKIN_V3,000001,898263713,520,522,0.102,0.082,3.566,0.585,2.981,33,REV,UNKNOWN,0.092,0.275,0.410,0.167,2.874,0.832,3.455,35,1.083,549,2.683,24.1
DATA,MOTOR_BREAKIN_V3,000001,898263813,520,521,0.102,0.109,3.594,0.585,3.009,33,REV,UNKNOWN,0.105,0.317,0.396,0.139,2.874,0.832,3.455,35,1.083,549,2.683,24.1
DATA,MOTOR_BREAKIN_V3,000001,898263913,520,522,0.102,0.082,3.622,0.557,3.065,33,REV,UNKNOWN,0.092,0.282,0.013,0.139,2.874,0.832,3.455,35,1.083,549,2.683,24.1
DATA,MOTOR_BREAKIN_V3,000001,898264013,520,521,0.102,0.109,3.510,0.557,2.953,33,REV,UNKNOWN,0.105,0.311,0.436,0.195,2.874,0.832,3.455,35,1.083,549,2.683,24.1
DATA,MOTOR_BREAKIN_V3,000001,898264113,520,522,0.102,0.082,3.510,0.557,2.953,33,REV,UNKNOWN,0.092,0.272,0.436,0.223,2.874,0.832,3.455,35,1.083,549,2.683,24.1
DATA,MOTOR_BREAKIN_V3,000001,898264213,519,522,0.128,0.082,3.510,0.557,2.953,33,REV,UNKNOWN,0.105,0.311,0.013,0.139,2.874,0.832,3.455,35,1.083,549,2.683,24.0
DATA,MOTOR_BREAKIN_V3,000001,898264313,519,522,0.128,0.082,3.622,0.585,3.037,33,REV,UNKNOWN,0.105,0.320,0.423,0.195,2.874,0.832,3.455,35,1.083,549,2.683,24.1
DATA,MOTOR_BREAKIN_V3,000001,898264413,519,523,0.128,0.056,3.677,0.557,3.120,33,REV,UNKNOWN,0.092,0.287,0.423,0.223,2.874,0.832,3.455,35,1.083,549,2.683,24.1
DATA,MOTOR_BREAKIN_V3,000001,898264513,520,522,0.102,0.082,3.677,0.557,3.120,33,REV,UNKNOWN,0.092,0.287,0.026,0.195,2.874,0.832,3.455,35,1.083,549,2.683,24.0
DATA,MOTOR_BREAKIN_V3,000001,898264613,519,522,0.128,0.082,3.538,0.557,2.981,33,REV,UNKNOWN,0.105,0.314,0.304,0.223,2.874,0.832,3.455,35,1.083,549,2.683,24.0
DATA,MOTOR_BREAKIN_V3,000001,898264713,519,522,0.128,0.082,3.455,0.557,2.897,33,REV,UNKNOWN,0.105,0.305,0.304,0.251,2.874,0.832,3.455,35,1.083,549,2.683,24.1
DATA,MOTOR_BREAKIN_V3,000001,898264813,520,523,0.102,0.056,3.482,0.585,2.897,33,REV,UNKNOWN,0.079,0.229,0.370,0.251,2.874,0.832,3.455,35,1.083,549,2.683,24.0
DATA,MOTOR_BREAKIN_V3,000001,898264913,520,523,0.102,0.056,3.622,0.585,3.037,33,REV,UNKNOWN,0.079,0.240,0.383,0.251,2.874,0.832,3.455,35,1.083,549,2.683,24.0
DATA,MOTOR_BREAKIN_V3,000001,898265013,521,521,0.076,0.109,3.622,0.585,3.037,33,REV,UNKNOWN,0.092,0.280,0.383,0.251,2.874,0.832,3.455,35,1.083,549,2.683,24.1
DATA,MOTOR_BREAKIN_V3,000001,898265112,520,522,0.102,0.082,3.594,0.557,3.037,33,REV,UNKNOWN,0.092,0.280,0.396,0.139,2.874,0.832,3.455,35,1.083,549,2.683,24.1
DATA,MOTOR_BREAKIN_V3,000001,898265213,520,522,0.102,0.082,3.594,0.557,3.037,33,REV,UNKNOWN,0.092,0.280,0.396,0.111,2.874,0.832,3.455,35,1.083,550,2.688,24.0
DATA,MOTOR_BREAKIN_V3,000001,898265313,520,522,0.102,0.082,3.538,0.529,3.009,33,REV,UNKNOWN,0.092,0.277,0.026,0.084,2.874,0.832,3.455,35,1.083,549,2.683,24.0
DATA,MOTOR_BREAKIN_V3,000001,898265413,519,522,0.128,0.082,3.622,0.529,3.092,33,REV,UNKNOWN,0.105,0.326,0.396,0.251,2.874,0.832,3.455,35,1.083,549,2.683,24.0
DATA,MOTOR_BREAKIN_V3,000001,898265513,520,522,0.102,0.082,3.594,0.557,3.037,33,REV,UNKNOWN,0.092,0.280,0.383,0.251,2.874,0.832,3.455,35,1.083,549,2.683,24.1
DATA,MOTOR_BREAKIN_V3,000001,898265613,520,522,0.102,0.082,3.510,0.529,2.981,33,REV,UNKNOWN,0.092,0.275,0.026,0.139,2.874,0.832,3.455,35,1.083,549,2.683,24.0
DATA,MOTOR_BREAKIN_V3,000001,898265713,519,521,0.128,0.109,3.482,0.557,2.925,33,REV,UNKNOWN,0.119,0.347,0.410,0.195,2.874,0.832,3.455,35,1.083,549,2.683,24.0
DATA,MOTOR_BREAKIN_V3,000001,898265813,520,522,0.102,0.082,3.594,0.557,3.037,33,REV,UNKNOWN,0.092,0.280,0.410,0.251,2.874,0.832,3.455,35,1.083,549,2.683,24.0
DATA,MOTOR_BREAKIN_V3,000001,898265913,519,522,0.128,0.082,3.538,0.585,2.953,33,REV,UNKNOWN,0.105,0.311,0.026,0.251,2.874,0.832,3.455,35,1.083,549,2.683,24.0
DATA,MOTOR_BREAKIN_V3,000001,898266013,520,522,0.102,0.082,3.622,0.585,3.037,33,REV,UNKNOWN,0.092,0.280,0.449,0.167,2.874,0.832,3.455,35,1.083,549,2.683,24.0
DATA,MOTOR_BREAKIN_V3,000001,898266113,519,522,0.128,0.082,3.566,0.585,2.981,33,REV,UNKNOWN,0.105,0.314,0.449,0.139,2.874,0.832,3.455,35,1.083,549,2.683,24.0
DATA,MOTOR_BREAKIN_V3,000001,898266213,520,522,0.102,0.082,3.455,0.557,2.897,33,REV,UNKNOWN,0.092,0.267,0.026,0.167,2.874,0.832,3.455,35,1.083,549,2.683,24.0
DATA,MOTOR_BREAKIN_V3,000001,898266313,519,523,0.128,0.056,3.566,0.557,3.009,33,REV,UNKNOWN,0.092,0.277,0.410,0.167,2.874,0.832,3.455,35,1.083,549,2.683,24.0
DATA,MOTOR_BREAKIN_V3,000001,898266413,519,522,0.128,0.082,3.510,0.529,2.981,33,REV,UNKNOWN,0.105,0.314,0.396,0.084,2.874,0.832,3.455,35,1.083,549,2.683,24.0
DATA,MOTOR_BREAKIN_V3,000001,898266513,520,522,0.102,0.082,3.594,0.557,3.037,33,REV,UNKNOWN,0.092,0.280,0.040,0.111,2.874,0.832,3.455,35,1.083,548,2.678,24.0
DATA,MOTOR_BREAKIN_V3,000001,898266613,520,521,0.102,0.109,3.566,0.557,3.009,33,REV,UNKNOWN,0.105,0.317,0.436,0.139,2.874,0.832,3.455,35,1.083,549,2.683,24.0
DATA,MOTOR_BREAKIN_V3,000001,898266713,520,522,0.102,0.082,3.455,0.585,2.870,33,REV,UNKNOWN,0.092,0.264,0.423,0.139,2.874,0.832,3.455,35,1.083,549,2.683,24.0
DATA,MOTOR_BREAKIN_V3,000001,898266813,519,523,0.128,0.056,3.510,0.557,2.953,33,REV,UNKNOWN,0.092,0.272,0.026,0.195,2.874,0.832,3.455,35,1.083,549,2.683,24.0
DATA,MOTOR_BREAKIN_V3,000001,898266913,520,522,0.102,0.082,3.510,0.529,2.981,33,REV,UNKNOWN,0.092,0.275,0.410,0.139,2.874,0.832,3.455,35,1.083,549,2.683,24.0
DATA,MOTOR_BREAKIN_V3,000001,898267013,519,522,0.128,0.082,3.566,0.585,2.981,33,REV,UNKNOWN,0.105,0.314,0.396,0.111,2.874,0.832,3.455,35,1.083,549,2.683,24.0
DATA,MOTOR_BREAKIN_V3,000001,898267113,519,522,0.128,0.082,3.510,0.557,2.953,33,REV,UNKNOWN,0.105,0.311,0.013,0.139,2.874,0.832,3.455,35,1.083,549,2.683,24.0
DATA,MOTOR_BREAKIN_V3,000001,898267213,519,522,0.128,0.082,3.594,0.529,3.065,33,REV,UNKNOWN,0.105,0.323,0.423,0.139,2.874,0.832,3.455,35,1.083,549,2.683,24.0
DATA,MOTOR_BREAKIN_V3,000001,898267313,520,522,0.102,0.082,3.482,0.557,2.925,33,REV,UNKNOWN,0.092,0.270,0.423,0.167,2.874,0.832,3.455,35,1.083,549,2.683,24.0
DATA,MOTOR_BREAKIN_V3,000001,898267413,519,522,0.128,0.082,3.622,0.557,3.065,33,REV,UNKNOWN,0.105,0.323,0.053,0.167,2.874,0.832,3.455,35,1.083,549,2.683,24.0
DATA,MOTOR_BREAKIN_V3,000001,898267513,520,522,0.102,0.082,3.650,0.557,3.092,33,REV,UNKNOWN,0.092,0.285,0.502,0.167,2.874,0.832,3.455,35,1.083,549,2.683,24.0
DATA,MOTOR_BREAKIN_V3,000001,898267613,519,522,0.128,0.082,3.566,0.585,2.981,33,REV,UNKNOWN,0.105,0.314,0.489,0.167,2.874,0.832,3.455,35,1.083,549,2.683,24.0
DATA,MOTOR_BREAKIN_V3,000001,898267713,519,522,0.128,0.082,3.510,0.529,2.981,33,REV,UNKNOWN,0.105,0.314,0.040,0.139,2.874,0.832,3.455,35,1.083,549,2.683,24.0
DATA,MOTOR_BREAKIN_V3,000001,898267813,519,522,0.128,0.082,3.482,0.557,2.925,33,REV,UNKNOWN,0.105,0.308,0.396,0.167,2.874,0.832,3.455,35,1.083,549,2.683,24.0
DATA,MOTOR_BREAKIN_V3,000001,898267913,519,523,0.128,0.056,3.538,0.557,2.981,33,REV,UNKNOWN,0.092,0.275,0.383,0.167,2.874,0.832,3.455,35,1.083,549,2.683,24.0
DATA,MOTOR_BREAKIN_V3,000001,898268013,520,522,0.102,0.082,3.510,0.557,2.953,33,REV,UNKNOWN,0.092,0.272,0.370,0.306,2.874,0.832,3.455,35,1.083,549,2.683,24.0
DATA,MOTOR_BREAKIN_V3,000001,898268113,519,522,0.128,0.082,3.482,0.585,2.897,33,REV,UNKNOWN,0.105,0.305,0.396,0.334,2.874,0.832,3.455,35,1.083,549,2.683,24.0
DATA,MOTOR_BREAKIN_V3,000001,898268213,520,522,0.102,0.082,3.566,0.529,3.037,33,REV,UNKNOWN,0.092,0.280,0.410,0.195,2.874,0.832,3.455,35,1.083,549,2.683,23.9
DATA,MOTOR_BREAKIN_V3,000001,898268312,519,522,0.128,0.082,3.622,0.585,3.037,33,REV,UNKNOWN,0.105,0.320,0.370,0.195,2.874,0.832,3.455,35,1.083,549,2.683,23.9
DATA,MOTOR_BREAKIN_V3,000001,898268413,519,522,0.128,0.082,3.538,0.585,2.953,33,REV,UNKNOWN,0.105,0.311,0.357,0.195,2.874,0.832,3.455,35,1.083,549,2.683,23.9
DATA,MOTOR_BREAKIN_V3,000001,898268513,520,522,0.102,0.082,3.677,0.529,3.148,33,REV,UNKNOWN,0.092,0.290,0.026,0.279,2.874,0.832,3.455,35,1.083,549,2.683,23.9
DATA,MOTOR_BREAKIN_V3,000001,898268613,520,522,0.102,0.082,3.482,0.557,2.925,33,REV,UNKNOWN,0.092,0.270,0.423,0.279,2.874,0.832,3.455,35,1.083,549,2.683,24.0
DATA,MOTOR_BREAKIN_V3,000001,898268713,519,522,0.128,0.082,3.510,0.585,2.925,33,REV,UNKNOWN,0.105,0.308,0.423,0.139,2.874,0.832,3.455,35,1.083,549,2.683,23.9
DATA,MOTOR_BREAKIN_V3,000001,898268813,519,523,0.128,0.056,3.510,0.557,2.953,33,REV,UNKNOWN,0.092,0.272,0.026,0.223,2.874,0.832,3.455,35,1.083,549,2.683,23.9
DATA,MOTOR_BREAKIN_V3,000001,898268913,519,523,0.128,0.056,3.566,0.557,3.009,33,REV,UNKNOWN,0.092,0.277,0.396,0.223,2.874,0.832,3.455,35,1.083,549,2.683,23.9
DATA,MOTOR_BREAKIN_V3,000001,898269013,518,521,0.155,0.109,3.566,0.557,3.009,33,REV,UNKNOWN,0.132,0.396,0.396,0.279,2.874,0.832,3.455,35,1.083,549,2.683,24.0
DATA,MOTOR_BREAKIN_V3,000001,898269113,520,522,0.102,0.082,3.594,0.585,3.009,33,REV,UNKNOWN,0.092,0.277,0.053,0.223,2.874,0.832,3.455,35,1.083,549,2.683,23.9
DATA,MOTOR_BREAKIN_V3,000001,898269213,519,521,0.128,0.109,3.622,0.529,3.092,33,REV,UNKNOWN,0.119,0.367,0.383,0.251,2.874,0.832,3.455,35,1.083,549,2.683,23.9
DATA,MOTOR_BREAKIN_V3,000001,898269313,520,523,0.102,0.056,3.510,0.557,2.953,33,REV,UNKNOWN,0.079,0.233,0.383,0.195,2.874,0.832,3.455,35,1.083,549,2.683,23.9
DATA,MOTOR_BREAKIN_V3,000001,898269413,520,523,0.102,0.056,3.705,0.557,3.148,33,REV,UNKNOWN,0.079,0.248,0.040,0.251,2.874,0.832,3.455,35,1.083,549,2.683,23.9
DATA,MOTOR_BREAKIN_V3,000001,898269513,520,522,0.102,0.082,3.566,0.557,3.009,33,REV,UNKNOWN,0.092,0.277,0.423,0.167,2.874,0.832,3.455,35,1.083,549,2.683,23.9
DATA,MOTOR_BREAKIN_V3,000001,898269613,519,522,0.128,0.082,3.594,0.557,3.037,33,REV,UNKNOWN,0.105,0.320,0.423,0.167,2.874,0.832,3.455,35,1.083,549,2.683,23.9
DATA,MOTOR_BREAKIN_V3,000001,898269713,520,522,0.102,0.082,3.482,0.557,2.925,33,REV,UNKNOWN,0.092,0.270,0.026,0.279,2.874,0.832,3.455,35,1.083,549,2.683,23.9
DATA,MOTOR_BREAKIN_V3,000001,898269813,520,521,0.102,0.109,3.510,0.585,2.925,33,REV,UNKNOWN,0.105,0.308,0.410,0.251,2.874,0.832,3.455,35,1.083,549,2.683,23.9
DATA,MOTOR_BREAKIN_V3,000001,898269913,519,522,0.128,0.082,3.566,0.529,3.037,33,REV,UNKNOWN,0.105,0.320,0.410,0.195,2.874,0.832,3.455,35,1.083,549,2.683,23.9
DATA,MOTOR_BREAKIN_V3,000001,898270013,519,521,0.128,0.109,3.538,0.529,3.009,33,REV,UNKNOWN,0.119,0.357,0.026,0.167,2.874,0.832,3.455,35,1.083,549,2.683,23.9
DATA,MOTOR_BREAKIN_V3,000001,898270113,519,521,0.128,0.109,3.566,0.529,3.037,33,REV,UNKNOWN,0.119,0.360,0.396,0.251,2.874,0.832,3.455,35,1.083,549,2.683,23.9
DATA,MOTOR_BREAKIN_V3,000001,898270213,519,522,0.128,0.082,3.566,0.529,3.037,33,REV,UNKNOWN,0.105,0.320,0.396,0.279,2.874,0.832,3.455,35,1.083,549,2.683,23.9
DATA,MOTOR_BREAKIN_V3,000001,898270313,520,522,0.102,0.082,3.566,0.585,2.981,33,REV,UNKNOWN,0.092,0.275,0.013,0.223,2.874,0.832,3.455,35,1.083,549,2.683,23.9
DATA,MOTOR_BREAKIN_V3,000001,898270413,520,522,0.102,0.082,3.538,0.557,2.981,33,REV,UNKNOWN,0.092,0.275,0.343,0.223,2.874,0.832,3.455,35,1.083,550,2.688,23.9
DATA,MOTOR_BREAKIN_V3,000001,898270513,519,523,0.128,0.056,3.482,0.585,2.897,33,REV,UNKNOWN,0.092,0.267,0.343,0.223,2.874,0.832,3.455,35,1.083,549,2.683,23.9
DATA,MOTOR_BREAKIN_V3,000001,898270613,519,522,0.128,0.082,3.482,0.529,2.953,33,REV,UNKNOWN,0.105,0.311,0.026,0.111,2.874,0.832,3.455,35,1.083,549,2.683,23.9
DATA,MOTOR_BREAKIN_V3,000001,898270713,520,522,0.102,0.082,3.510,0.557,2.953,33,REV,UNKNOWN,0.092,0.272,0.383,0.195,2.874,0.832,3.455,35,1.083,549,2.683,23.9
DATA,MOTOR_BREAKIN_V3,000001,898270813,520,522,0.102,0.082,3.482,0.557,2.925,33,REV,UNKNOWN,0.092,0.270,0.396,0.167,2.874,0.832,3.455,35,1.083,549,2.683,23.9
DATA,MOTOR_BREAKIN_V3,000001,898270886,521,523,0.076,0.056,3.510,0.557,2.953,33,REV,UNKNOWN,0.066,0.194,0.040,0.084,2.874,0.832,3.455,35,1.083,550,2.688,23.9
DATA,MOTOR_BREAKIN_V3,000001,1065977510,522,523,0.000,0.056,3.984,0.891,3.092,33,REV,UNKNOWN,0.028,0.086,0.077,0.195,2.874,0.832,3.455,35,1.083,550,2.688,23.9
DATA,MOTOR_BREAKIN_V3,000001,1065977587,520,522,0.102,0.082,3.566,0.585,2.981,33,REV,UNKNOWN,0.092,0.275,0.130,0.195,2.874,0.832,3.455,35,1.083,549,2.683,23.9
DATA,MOTOR_BREAKIN_V3,000001,1065977687,519,522,0.128,0.082,3.482,0.585,2.897,33,REV,UNKNOWN,0.105,0.305,0.170,0.223,2.874,0.832,3.455,35,1.083,549,2.683,23.9
DATA,MOTOR_BREAKIN_V3,000001,1065977787,520,522,0.102,0.082,3.594,0.585,3.009,33,REV,UNKNOWN,0.092,0.277,0.106,0.139,2.874,0.832,3.455,35,1.083,549,2.683,23.9
DATA,MOTOR_BREAKIN_V3,000001,1065977887,520,522,0.102,0.082,3.566,0.585,2.981,33,REV,UNKNOWN,0.092,0.275,0.119,0.167,2.874,0.832,3.455,35,1.083,549,2.683,23.9
DATA,MOTOR_BREAKIN_V3,000001,1065977987,519,522,0.128,0.082,3.427,0.585,2.842,33,REV,UNKNOWN,0.105,0.299,0.132,0.167,2.874,0.832,3.455,35,1.083,549,2.683,23.9
DATA,MOTOR_BREAKIN_V3,000001,1065978087,520,522,0.102,0.082,3.455,0.585,2.870,33,REV,UNKNOWN,0.092,0.264,0.026,0.167,2.874,0.832,3.455,35,1.083,549,2.683,23.9
DATA,MOTOR_BREAKIN_V3,000001,1065978187,519,522,0.128,0.082,3.538,0.557,2.981,33,REV,UNKNOWN,0.105,0.314,0.106,0.139,2.874,0.832,3.455,35,1.083,549,2.683,23.9
DATA,MOTOR_BREAKIN_V3,000001,1065978287,519,522,0.128,0.082,3.455,0.585,2.870,33,REV,UNKNOWN,0.105,0.302,0.106,0.251,2.874,0.832,3.455,35,1.083,549,2.683,23.9
DATA,MOTOR_BREAKIN_V3,000001,1065978387,520,521,0.102,0.109,3.594,0.557,3.037,33,REV,UNKNOWN,0.105,0.320,0.026,0.279,2.874,0.832,3.455,35,1.083,550,2.688,23.9
DATA,MOTOR_BREAKIN_V3,000001,1065978487,519,522,0.128,0.082,3.510,0.585,2.925,33,REV,UNKNOWN,0.105,0.308,0.026,0.195,2.874,0.832,3.455,35,1.083,549,2.683,23.9
DATA,MOTOR_BREAKIN_V3,000001,1065978587,520,522,0.102,0.082,3.510,0.585,2.925,33,REV,UNKNOWN,0.092,0.270,0.026,0.167,2.874,0.832,3.455,35,1.083,549,2.683,23.9
OK
DATA,MOTOR_BREAKIN_V3,000001,1065978687,520,522,0.102,0.082,3.622,0.585,3.037,35,REV,UNKNOWN,0.092,0.280,0.026,0.279,2.874,0.832,3.455,35,1.083,549,2.683,23.8
DATA,MOTOR_BREAKIN_V3,000001,1065978787,519,521,0.128,0.109,3.622,0.585,3.037,35,REV,UNKNOWN,0.119,0.360,0.040,0.251,2.874,0.832,3.455,35,1.083,549,2.683,23.9
DATA,MOTOR_BREAKIN_V3,000001,1065978887,519,522,0.128,0.082,3.594,0.585,3.009,35,REV,UNKNOWN,0.105,0.317,0.026,0.111,2.874,0.832,3.455,35,1.083,549,2.683,23.9
DATA,MOTOR_BREAKIN_V3,000001,1065978987,519,522,0.128,0.082,3.566,0.585,2.981,35,REV,UNKNOWN,0.105,0.314,0.040,0.195,2.874,0.832,3.455,35,1.083,549,2.683,23.9
DATA,MOTOR_BREAKIN_V3,000001,1065979087,519,522,0.128,0.082,3.650,0.585,3.065,35,REV,UNKNOWN,0.105,0.323,0.040,0.195,2.874,0.832,3.455,35,1.083,549,2.683,23.8
DATA,MOTOR_BREAKIN_V3,000001,1065979187,519,523,0.128,0.056,3.733,0.585,3.148,35,REV,UNKNOWN,0.092,0.290,0.026,0.195,2.874,0.832,3.455,35,1.083,549,2.683,23.8
DATA,MOTOR_BREAKIN_V3,000001,1065979287,519,523,0.128,0.056,3.817,0.557,3.260,35,REV,UNKNOWN,0.092,0.300,0.013,0.223,2.874,0.832,3.455,35,1.083,549,2.683,23.8
DATA,MOTOR_BREAKIN_V3,000001,1065979387,519,522,0.128,0.082,3.650,0.585,3.065,35,REV,UNKNOWN,0.105,0.323,0.026,0.195,2.874,0.832,3.455,35,1.083,549,2.683,23.8
DATA,MOTOR_BREAKIN_V3,000001,1065979487,519,522,0.128,0.082,3.677,0.585,3.092,35,REV,UNKNOWN,0.105,0.326,0.026,0.111,2.874,0.832,3.455,35,1.083,549,2.683,23.8
DATA,MOTOR_BREAKIN_V3,000001,1065979587,520,521,0.102,0.109,3.761,0.557,3.204,35,REV,UNKNOWN,0.105,0.338,0.026,0.111,2.874,0.832,3.455,35,1.083,549,2.683,23.8
DATA,MOTOR_BREAKIN_V3,000001,1065979687,519,522,0.128,0.082,3.733,0.585,3.148,35,REV,UNKNOWN,0.105,0.332,0.026,0.195,2.874,0.832,3.455,35,1.083,550,2.688,23.8
DATA,MOTOR_BREAKIN_V3,000001,1065979787,519,521,0.128,0.109,3.789,0.557,3.232,35,REV,UNKNOWN,0.119,0.383,0.026,0.139,2.874,0.832,3.455,35,1.083,550,2.688,23.8
DATA,MOTOR_BREAKIN_V3,000001,1065979887,518,522,0.155,0.082,3.705,0.557,3.148,35,REV,UNKNOWN,0.119,0.373,0.040,0.167,2.874,0.832,3.455,35,1.083,549,2.683,23.8
DATA,MOTOR_BREAKIN_V3,000001,1065979987,519,522,0.128,0.082,3.845,0.613,3.232,35,REV,UNKNOWN,0.105,0.340,0.040,0.223,2.874,0.832,3.455,35,1.083,549,2.683,23.8
DATA,MOTOR_BREAKIN_V3,000001,1065980087,518,522,0.155,0.082,3.789,0.585,3.204,35,REV,UNKNOWN,0.119,0.380,0.026,0.167,2.874,0.832,3.455,35,1.083,549,2.683,23.8
DATA,MOTOR_BREAKIN_V3,000001,1065980187,519,522,0.128,0.082,3.845,0.529,3.315,35,REV,UNKNOWN,0.105,0.349,0.040,0.167,2.874,0.832,3.455,35,1.083,550,2.688,23.8
DATA,MOTOR_BREAKIN_V3,000001,1065980287,519,523,0.128,0.056,3.845,0.585,3.260,35,REV,UNKNOWN,0.092,0.300,0.040,0.251,2.874,0.832,3.455,35,1.083,548,2.678,23.8
DATA,MOTOR_BREAKIN_V3,000001,1065980387,519,522,0.128,0.082,3.845,0.585,3.260,35,REV,UNKNOWN,0.105,0.343,0.026,0.223,2.874,0.832,3.455,35,1.083,549,2.683,23.8
DATA,MOTOR_BREAKIN_V3,000001,1065980487,520,522,0.102,0.082,3.872,0.557,3.315,35,REV,UNKNOWN,0.092,0.305,0.026,0.139,2.874,0.832,3.455,35,1.083,549,2.683,23.8
DATA,MOTOR_BREAKIN_V3,000001,1065980588,520,522,0.102,0.082,3.900,0.585,3.315,35,REV,UNKNOWN,0.092,0.305,0.026,0.139,2.874,0.832,3.455,35,1.083,549,2.683,23.8
DATA,MOTOR_BREAKIN_V3,000001,1065980688,519,522,0.128,0.082,3.789,0.557,3.232,35,REV,UNKNOWN,0.105,0.340,0.026,0.111,2.874,0.832,3.455,35,1.083,549,2.683,23.8
DATA,MOTOR_BREAKIN_V3,000001,1065980788,519,523,0.128,0.056,3.817,0.585,3.232,35,REV,UNKNOWN,0.092,0.298,0.026,0.139,2.874,0.832,3.455,35,1.083,549,2.683,23.8
DATA,MOTOR_BREAKIN_V3,000001,1065980888,520,521,0.102,0.109,3.761,0.585,3.176,35,REV,UNKNOWN,0.105,0.335,0.026,0.195,2.874,0.832,3.455,35,1.083,549,2.683,23.8
DATA,MOTOR_BREAKIN_V3,000001,1065980988,520,521,0.102,0.109,3.928,0.557,3.371,35,REV,UNKNOWN,0.105,0.355,0.026,0.195,2.874,0.832,3.455,35,1.083,549,2.683,23.8
DATA,MOTOR_BREAKIN_V3,000001,1065981088,519,522,0.128,0.082,3.872,0.557,3.315,35,REV,UNKNOWN,0.105,0.349,0.026,0.084,2.874,0.832,3.455,35,1.083,549,2.683,23.8
DATA,MOTOR_BREAKIN_V3,000001,1065981188,519,522,0.128,0.082,3.872,0.557,3.315,35,REV,UNKNOWN,0.105,0.349,0.013,0.195,2.874,0.832,3.455,35,1.083,549,2.683,23.8
DATA,MOTOR_BREAKIN_V3,000001,1065981288,520,522,0.102,0.082,3.956,0.501,3.455,35,REV,UNKNOWN,0.092,0.318,0.026,0.279,2.874,0.832,3.455,35,1.083,549,2.683,23.8
DATA,MOTOR_BREAKIN_V3,000001,1065981388,520,521,0.102,0.109,3.789,0.585,3.204,35,REV,UNKNOWN,0.105,0.338,0.026,0.279,2.874,0.832,3.455,35,1.083,549,2.683,23.8
DATA,MOTOR_BREAKIN_V3,000001,1065981488,519,521,0.128,0.109,3.789,0.557,3.232,35,REV,UNKNOWN,0.119,0.383,0.026,0.167,2.874,0.832,3.455,35,1.083,549,2.683,23.8
DATA,MOTOR_BREAKIN_V3,000001,1065981588,519,522,0.128,0.082,3.789,0.585,3.204,35,REV,UNKNOWN,0.105,0.338,0.026,0.195,2.874,0.832,3.455,35,1.083,549,2.683,23.8
DATA,MOTOR_BREAKIN_V3,000001,1065981688,519,522,0.128,0.082,3.733,0.557,3.176,35,REV,UNKNOWN,0.105,0.335,0.026,0.334,2.874,0.832,3.455,35,1.083,549,2.683,23.8
DATA,MOTOR_BREAKIN_V3,000001,1065981788,519,522,0.128,0.082,3.761,0.557,3.204,35,REV,UNKNOWN,0.105,0.338,0.013,0.279,2.874,0.832,3.455,35,1.083,549,2.683,23.8
DATA,MOTOR_BREAKIN_V3,000001,1065981888,519,522,0.128,0.082,3.872,0.585,3.287,35,REV,UNKNOWN,0.105,0.346,0.026,0.251,2.874,0.832,3.455,35,1.083,549,2.683,23.8
DATA,MOTOR_BREAKIN_V3,000001,1065981988,519,521,0.128,0.109,3.817,0.557,3.260,35,REV,UNKNOWN,0.119,0.386,0.159,0.251,2.874,0.832,3.455,35,1.083,549,2.683,23.8
DATA,MOTOR_BREAKIN_V3,000001,1065982088,519,522,0.128,0.082,3.789,0.557,3.232,35,REV,UNKNOWN,0.105,0.340,0.145,0.111,2.874,0.832,3.455,35,1.083,549,2.683,23.8
DATA,MOTOR_BREAKIN_V3,000001,1065982188,520,521,0.102,0.109,3.845,0.557,3.287,35,REV,UNKNOWN,0.105,0.346,0.026,0.084,2.874,0.832,3.455,35,1.083,549,2.683,23.8
DATA,MOTOR_BREAKIN_V3,000001,1065982288,519,521,0.128,0.109,3.900,0.557,3.343,35,REV,UNKNOWN,0.119,0.396,0.132,0.139,2.874,0.832,3.455,35,1.083,549,2.683,23.8
DATA,MOTOR_BREAKIN_V3,000001,1065982388,519,521,0.128,0.109,3.789,0.585,3.204,35,REV,UNKNOWN,0.119,0.380,0.132,0.167,2.874,0.832,3.455,35,1.083,549,2.683,23.8
DATA,MOTOR_BREAKIN_V3,000001,1065982488,519,522,0.128,0.082,3.817,0.585,3.232,35,REV,UNKNOWN,0.105,0.340,0.040,0.195,2.874,0.832,3.455,35,1.083,549,2.683,23.8
DATA,MOTOR_BREAKIN_V3,000001,1065982588,519,521,0.128,0.109,3.845,0.585,3.260,35,REV,UNKNOWN,0.119,0.386,0.040,0.251,2.874,0.832,3.455,35,1.083,549,2.683,23.8
DATA,MOTOR_BREAKIN_V3,000001,1065982688,519,522,0.128,0.082,3.761,0.585,3.176,35,REV,UNKNOWN,0.105,0.335,0.026,0.195,2.874,0.832,3.455,35,1.083,549,2.683,23.7
DATA,MOTOR_BREAKIN_V3,000001,1065982788,520,522,0.102,0.082,3.900,0.529,3.371,35,REV,UNKNOWN,0.092,0.311,0.040,0.195,2.874,0.832,3.455,35,1.083,549,2.683,23.8
DATA,MOTOR_BREAKIN_V3,000001,1065982888,518,522,0.155,0.082,3.817,0.585,3.232,35,REV,UNKNOWN,0.119,0.383,0.040,0.195,2.874,0.832,3.455,35,1.083,549,2.683,23.7
DATA,MOTOR_BREAKIN_V3,000001,1065982988,520,522,0.102,0.082,3.872,0.557,3.315,35,REV,UNKNOWN,0.092,0.305,0.040,0.279,2.874,0.832,3.455,35,1.083,550,2.688,23.7
DATA,MOTOR_BREAKIN_V3,000001,1065983088,520,521,0.102,0.109,3.845,0.585,3.260,35,REV,UNKNOWN,0.105,0.343,0.026,0.279,2.874,0.832,3.455,35,1.083,549,2.683,23.8
DATA,MOTOR_BREAKIN_V3,000001,1065983188,518,522,0.155,0.082,3.761,0.585,3.176,35,REV,UNKNOWN,0.119,0.377,0.026,0.139,2.874,0.832,3.455,35,1.083,549,2.683,23.7
DATA,MOTOR_BREAKIN_V3,000001,1065983288,519,522,0.128,0.082,3.761,0.529,3.232,35,REV,UNKNOWN,0.105,0.340,0.026,0.139,2.874,0.832,3.455,35,1.083,549,2.683,23.7
DATA,MOTOR_BREAKIN_V3,000001,1065983388,519,522,0.128,0.082,3.817,0.557,3.260,35,REV,UNKNOWN,0.105,0.343,0.013,0.111,2.874,0.832,3.455,35,1.083,549,2.683,23.7
DATA,MOTOR_BREAKIN_V3,000001,1065983489,519,521,0.128,0.109,3.817,0.585,3.232,35,REV,UNKNOWN,0.119,0.383,0.026,0.111,2.874,0.832,3.455,35,1.083,549,2.683,23.7
DATA,MOTOR_BREAKIN_V3,000001,1065983589,519,521,0.128,0.109,3.761,0.585,3.176,35,REV,UNKNOWN,0.119,0.377,0.026,0.167,2.874,0.832,3.455,35,1.083,548,2.678,23.7
DATA,MOTOR_BREAKIN_V3,000001,1065983689,519,522,0.128,0.082,3.817,0.585,3.232,35,REV,UNKNOWN,0.105,0.340,0.026,0.167,2.874,0.832,3.455,35,1.083,549,2.683,23.8
DATA,MOTOR_BREAKIN_V3,000001,1065983789,520,522,0.102,0.082,3.872,0.557,3.315,35,REV,UNKNOWN,0.092,0.305,0.026,0.223,2.874,0.832,3.455,35,1.083,549,2.683,23.7
DATA,MOTOR_BREAKIN_V3,000001,1065983889,520,521,0.102,0.109,3.733,0.585,3.148,35,REV,UNKNOWN,0.105,0.332,0.040,0.223,2.874,0.832,3.455,35,1.083,549,2.683,23.7
DATA,MOTOR_BREAKIN_V3,000001,1065983989,519,522,0.128,0.082,3.872,0.557,3.315,35,REV,UNKNOWN,0.105,0.349,0.040,0.195,2.874,0.832,3.455,35,1.083,549,2.683,23.7
DATA,MOTOR_BREAKIN_V3,000001,1065984089,519,522,0.128,0.082,3.872,0.585,3.287,35,REV,UNKNOWN,0.105,0.346,0.026,0.111,2.874,0.832,3.455,35,1.083,549,2.683,23.7
DATA,MOTOR_BREAKIN_V3,000001,1065984189,519,523,0.128,0.056,3.817,0.585,3.232,35,REV,UNKNOWN,0.092,0.298,0.026,0.223,2.874,0.832,3.455,35,1.083,549,2.683,23.7
DATA,MOTOR_BREAKIN_V3,000001,1065984289,519,522,0.128,0.082,3.872,0.585,3.287,35,REV,UNKNOWN,0.105,0.346,0.013,0.223,2.874,0.832,3.455,35,1.083,549,2.683,23.7
DATA,MOTOR_BREAKIN_V3,000001,1065984389,519,522,0.128,0.082,3.900,0.557,3.343,35,REV,UNKNOWN,0.105,0.352,0.026,0.167,2.874,0.832,3.455,35,1.083,549,2.683,23.7
DATA,MOTOR_BREAKIN_V3,000001,1065984489,519,522,0.128,0.082,3.845,0.585,3.260,35,REV,UNKNOWN,0.105,0.343,0.040,0.195,2.874,0.832,3.455,35,1.083,549,2.683,23.7
DATA,MOTOR_BREAKIN_V3,000001,1065984589,520,522,0.102,0.082,3.928,0.557,3.371,35,REV,UNKNOWN,0.092,0.311,0.040,0.223,2.874,0.832,3.455,35,1.083,549,2.683,23.7
DATA,MOTOR_BREAKIN_V3,000001,1065984689,518,521,0.155,0.109,3.789,0.557,3.232,35,REV,UNKNOWN,0.132,0.426,0.053,0.195,2.874,0.832,3.455,35,1.083,549,2.683,23.7
DATA,MOTOR_BREAKIN_V3,000001,1065984789,519,521,0.128,0.109,3.817,0.557,3.260,35,REV,UNKNOWN,0.119,0.386,0.053,0.167,2.874,0.832,3.455,35,1.083,549,2.683,23.7
DATA,MOTOR_BREAKIN_V3,000001,1065984889,519,522,0.128,0.082,3.872,0.641,3.232,35,REV,UNKNOWN,0.105,0.340,0.040,0.084,2.874,0.832,3.455,35,1.083,549,2.683,23.7
DATA,MOTOR_BREAKIN_V3,000001,1065984989,520,522,0.102,0.082,3.761,0.557,3.204,35,REV,UNKNOWN,0.092,0.295,0.040,0.139,2.874,0.832,3.455,35,1.083,549,2.683,23.7
DATA,MOTOR_BREAKIN_V3,000001,1065985089,519,521,0.128,0.109,3.817,0.557,3.260,35,REV,UNKNOWN,0.119,0.386,0.026,0.279,2.874,0.832,3.455,35,1.083,549,2.683,23.6
DATA,MOTOR_BREAKIN_V3,000001,1065985189,519,521,0.128,0.109,3.872,0.585,3.287,35,REV,UNKNOWN,0.119,0.390,0.026,0.251,2.874,0.832,3.455,35,1.083,549,2.683,23.7
DATA,MOTOR_BREAKIN_V3,000001,1065985289,519,522,0.128,0.082,3.845,0.585,3.260,35,REV,UNKNOWN,0.105,0.343,0.040,0.195,2.874,0.832,3.455,35,1.083,550,2.688,23.7
DATA,MOTOR_BREAKIN_V3,000001,1065985389,519,522,0.128,0.082,3.817,0.557,3.260,35,REV,UNKNOWN,0.105,0.343,0.040,0.195,2.874,0.832,3.455,35,1.083,549,2.683,23.7
DATA,MOTOR_BREAKIN_V3,000001,1065985489,520,522,0.102,0.082,3.789,0.557,3.232,35,REV,UNKNOWN,0.092,0.298,0.026,0.167,2.874,0.832,3.455,35,1.083,549,2.683,23.7
DATA,MOTOR_BREAKIN_V3,000001,1065985589,519,521,0.128,0.109,3.761,0.585,3.176,35,REV,UNKNOWN,0.119,0.377,0.026,0.139,2.874,0.832,3.455,35,1.083,549,2.683,23.7
DATA,MOTOR_BREAKIN_V3,000001,1065985689,520,521,0.102,0.109,3.789,0.585,3.204,35,REV,UNKNOWN,0.105,0.338,0.040,0.167,2.874,0.832,3.455,35,1.083,549,2.683,23.7
DATA,MOTOR_BREAKIN_V3,000001,1065985789,519,522,0.128,0.082,3.872,0.501,3.371,35,REV,UNKNOWN,0.105,0.355,0.054,0.195,2.874,0.832,3.455,35,1.083,549,2.683,23.7
DATA,MOTOR_BREAKIN_V3,000001,1065985889,519,521,0.128,0.109,3.789,0.585,3.204,35,REV,UNKNOWN,0.119,0.380,0.054,0.195,2.874,0.832,3.455,35,1.083,550,2.688,23.7
DATA,MOTOR_BREAKIN_V3,000001,1065985989,519,522,0.128,0.082,3.845,0.557,3.287,35,REV,UNKNOWN,0.105,0.346,0.040,0.167,2.874,0.832,3.455,35,1.083,549,2.683,23.7
DATA,MOTOR_BREAKIN_V3,000001,1065986089,519,522,0.128,0.082,3.789,0.557,3.232,35,REV,UNKNOWN,0.105,0.340,0.040,0.334,2.874,0.832,3.455,35,1.083,549,2.683,23.7
DATA,MOTOR_BREAKIN_V3,000001,1065986189,519,521,0.128,0.109,3.872,0.557,3.315,35,REV,UNKNOWN,0.119,0.393,0.040,0.334,2.874,0.832,3.455,35,1.083,550,2.688,23.7
DATA,MOTOR_BREAKIN_V3,000001,1065986289,520,521,0.102,0.109,3.900,0.585,3.315,35,REV,UNKNOWN,0.105,0.349,0.040,0.167,2.874,0.832,3.455,35,1.083,549,2.683,23.7
DATA,MOTOR_BREAKIN_V3,000001,1065986390,519,522,0.128,0.082,3.733,0.613,3.120,35,REV,UNKNOWN,0.105,0.329,0.040,0.195,2.874,0.832,3.455,35,1.083,549,2.683,23.6
DATA,MOTOR_BREAKIN_V3,000001,1065986490,520,522,0.102,0.082,3.845,0.557,3.287,35,REV,UNKNOWN,0.092,0.303,0.026,0.251,2.874,0.832,3.455,35,1.083,549,2.683,23.7
DATA,MOTOR_BREAKIN_V3,000001,1065986590,519,522,0.128,0.082,3.817,0.557,3.260,35,REV,UNKNOWN,0.105,0.343,0.119,0.111,2.874,0.832,3.455,35,1.083,549,2.683,23.7
DATA,MOTOR_BREAKIN_V3,000001,1065986690,519,521,0.128,0.109,3.789,0.585,3.204,35,REV,UNKNOWN,0.119,0.380,0.119,0.111,2.874,0.832,3.455,35,1.083,549,2.683,23.6
DATA,MOTOR_BREAKIN_V3,000001,1065986790,519,521,0.128,0.109,3.761,0.585,3.176,35,REV,UNKNOWN,0.119,0.377,0.026,0.167,2.874,0.832,3.455,35,1.083,550,2.688,23.6
DATA,MOTOR_BREAKIN_V3,000001,1065986890,519,522,0.128,0.082,3.872,0.585,3.287,35,REV,UNKNOWN,0.105,0.346,0.092,0.167,2.874,0.832,3.455,35,1.083,550,2.688,23.6
DATA,MOTOR_BREAKIN_V3,000001,1065986990,520,521,0.102,0.109,3.845,0.585,3.260,35,REV,UNKNOWN,0.105,0.343,0.092,0.139,2.874,0.832,3.455,35,1.083,549,2.683,23.6
DATA,MOTOR_BREAKIN_V3,000001,1065987090,520,522,0.102,0.082,3.817,0.557,3.260,35,REV,UNKNOWN,0.092,0.300,0.068,0.279,2.874,0.832,3.455,35,1.083,549,2.683,23.6
DATA,MOTOR_BREAKIN_V3,000001,1065987190,519,521,0.128,0.109,3.761,0.585,3.176,35,REV,UNKNOWN,0.119,0.377,0.173,0.251,2.874,0.832,3.455,35,1.083,549,2.683,23.7
DATA,MOTOR_BREAKIN_V3,000001,1065987290,519,522,0.128,0.082,3.845,0.529,3.315,35,REV,UNKNOWN,0.105,0.349,0.119,0.195,2.874,0.832,3.455,35,1.083,549,2.683,23.6
DATA,MOTOR_BREAKIN_V3,000001,1065987390,519,522,0.128,0.082,3.789,0.557,3.232,35,REV,UNKNOWN,0.105,0.340,0.040,0.195,2.874,0.832,3.455,35,1.083,549,2.683,23.6
DATA,MOTOR_BREAKIN_V3,000001,1065987490,519,522,0.128,0.082,3.789,0.557,3.232,35,REV,UNKNOWN,0.105,0.340,0.132,0.279,2.874,0.832,3.455,35,1.083,549,2.683,23.6
DATA,MOTOR_BREAKIN_V3,000001,1065987590,519,521,0.128,0.109,3.817,0.529,3.287,35,REV,UNKNOWN,0.119,0.390,0.132,0.195,2.874,0.832,3.455,35,1.083,549,2.683,23.6
DATA,MOTOR_BREAKIN_V3,000001,1065987690,520,522,0.102,0.082,3.761,0.557,3.204,35,REV,UNKNOWN,0.092,0.295,0.040,0.195,2.874,0.832,3.455,35,1.083,549,2.683,23.6
DATA,MOTOR_BREAKIN_V3,000001,1065987790,519,522,0.128,0.082,3.789,0.557,3.232,35,REV,UNKNOWN,0.105,0.340,0.132,0.167,2.874,0.832,3.455,35,1.083,549,2.683,23.6
DATA,MOTOR_BREAKIN_V3,000001,1065987890,519,522,0.128,0.082,3.761,0.557,3.204,35,REV,UNKNOWN,0.105,0.338,0.132,0.111,2.874,0.832,3.455,35,1.083,549,2.683,23.6
DATA,MOTOR_BREAKIN_V3,000001,1065987990,519,522,0.128,0.082,3.733,0.585,3.148,35,REV,UNKNOWN,0.105,0.332,0.040,0.167,2.874,0.832,3.455,35,1.083,549,2.683,23.6
DATA,MOTOR_BREAKIN_V3,000001,1065988090,519,522,0.128,0.082,3.677,0.585,3.092,35,REV,UNKNOWN,0.105,0.326,0.119,0.167,2.874,0.832,3.455,35,1.083,549,2.683,23.6
DATA,MOTOR_BREAKIN_V3,000001,1065988190,520,520,0.102,0.135,3.789,0.585,3.204,35,REV,UNKNOWN,0.119,0.380,0.119,0.167,2.874,0.832,3.455,35,1.083,549,2.683,23.6
DATA,MOTOR_BREAKIN_V3,000001,1065988290,519,522,0.128,0.082,3.733,0.529,3.204,35,REV,UNKNOWN,0.105,0.338,0.026,0.139,2.874,0.832,3.455,35,1.083,549,2.683,23.6
DATA,MOTOR_BREAKIN_V3,000001,1065988390,519,522,0.128,0.082,3.705,0.585,3.120,35,REV,UNKNOWN,0.105,0.329,0.106,0.195,2.874,0.832,3.455,35,1.083,549,2.683,23.6
DATA,MOTOR_BREAKIN_V3,000001,1065988490,519,522,0.128,0.082,3.677,0.585,3.092,35,REV,UNKNOWN,0.105,0.326,0.119,0.195,2.874,0.832,3.455,35,1.083,549,2.683,23.6
