ACS1_ZERO=514.25
ACS2_ZERO=514.64
READY,FWD

========================================
 Mini4WD MOTOR BREAK-IN DEVICE
 MOTOR_BREAKIN_V3
 Firmware : 3.00
========================================
INFO,TYPE=MOTOR,MODEL=MOTOR_BREAKIN_V3,FW=3.00,ID=000001
DATA,MOTOR_BREAKIN_V3,000001,0,515,515,0.000,0.000,0.000,0.000,0.000,0,FWD,READY,0.000,0.000,0.000,0.000,0.000,0.000,0.000,0,0.000,540,2.639,22.1
DATA,MOTOR_BREAKIN_V3,000001,0,514,515,0.000,0.000,0.000,0.000,0.000,0,FWD,READY,0.000,0.000,0.000,0.000,0.000,0.000,0.000,0,0.000,540,2.639,22.1
DATA,MOTOR_BREAKIN_V3,000001,0,514,515,0.000,0.000,0.000,0.000,0.000,0,FWD,READY,0.000,0.000,0.000,0.000,0.000,0.000,0.000,0,0.000,539,2.634,22.1
DATA,MOTOR_BREAKIN_V3,000001,0,514,515,0.000,0.000,0.000,0.000,0.000,0,FWD,READY,0.000,0.000,0.000,0.000,0.000,0.000,0.000,0,0.000,540,2.639,22.1
DATA,MOTOR_BREAKIN_V3,000001,0,514,515,0.000,0.000,0.000,0.000,0.000,0,FWD,READY,0.000,0.000,0.000,0.000,0.000,0.000,0.000,0,0.000,539,2.634,22.1
DATA,MOTOR_BREAKIN_V3,000001,0,514,514,0.000,0.000,0.000,0.000,0.000,0,FWD,READY,0.000,0.000,0.000,0.000,0.000,0.000,0.000,0,0.000,540,2.639,22.1
DATA,MOTOR_BREAKIN_V3,000001,0,514,515,0.000,0.000,0.000,0.000,0.000,0,FWD,READY,0.000,0.000,0.000,0.000,0.000,0.000,0.000,0,0.000,540,2.639,22.1
DATA,MOTOR_BREAKIN_V3,000001,0,515,515,0.000,0.000,0.000,0.000,0.000,0,FWD,READY,0.000,0.000,0.000,0.000,0.000,0.000,0.000,0,0.000,539,2.634,22.1
DATA,MOTOR_BREAKIN_V3,000001,0,513,515,0.000,0.000,0.000,0.000,0.000,0,FWD,READY,0.000,0.000,0.000,0.000,0.000,0.000,0.000,0,0.000,540,2.639,22.1
DATA,MOTOR_BREAKIN_V3,000001,0,514,515,0.000,0.000,0.000,0.000,0.000,0,FWD,READY,0.000,0.000,0.000,0.000,0.000,0.000,0.000,0,0.000,540,2.639,22.1
DATA,MOTOR_BREAKIN_V3,000001,0,514,515,0.000,0.000,0.000,0.000,0.000,0,FWD,READY,0.000,0.000,0.000,0.000,0.000,0.000,0.000,0,0.000,540,2.639,22.1
DATA,MOTOR_BREAKIN_V3,000001,0,514,515,0.000,0.000,0.000,0.000,0.000,0,FWD,READY,0.000,0.000,0.000,0.000,0.000,0.000,0.000,0,0.000,540,2.639,22.1
DATA,MOTOR_BREAKIN_V3,000001,0,514,515,0.000,0.000,0.000,0.000,0.000,0,FWD,READY,0.000,0.000,0.000,0.000,0.000,0.000,0.000,0,0.000,540,2.639,22.0
DATA,MOTOR_BREAKIN_V3,000001,0,514,515,0.000,0.000,0.000,0.000,0.000,0,FWD,READY,0.000,0.000,0.000,0.000,0.000,0.000,0.000,0,0.000,540,2.639,22.1
DATA,MOTOR_BREAKIN_V3,000001,0,515,514,0.000,0.000,0.000,0.000,0.000,0,FWD,READY,0.000,0.000,0.000,0.000,0.000,0.000,0.000,0,0.000,539,2.634,22.1
DATA,MOTOR_BREAKIN_V3,000001,0,514,515,0.000,0.000,0.000,0.000,0.000,0,FWD,READY,0.000,0.000,0.000,0.000,0.000,0.000,0.000,0,0.000,540,2.639,22.0
DATA,MOTOR_BREAKIN_V3,000001,0,515,515,0.000,0.000,0.000,0.000,0.000,0,FWD,READY,0.000,0.000,0.000,0.000,0.000,0.000,0.000,0,0.000,540,2.639,22.1
DATA,MOTOR_BREAKIN_V3,000001,0,515,515,0.000,0.000,0.000,0.000,0.000,0,FWD,READY,0.000,0.000,0.000,0.000,0.000,0.000,0.000,0,0.000,540,2.639,22.1
DATA,MOTOR_BREAKIN_V3,000001,0,514,514,0.000,0.000,0.000,0.000,0.000,0,FWD,READY,0.000,0.000,0.000,0.000,0.000,0.000,0.000,0,0.000,540,2.639,22.1
DATA,MOTOR_BREAKIN_V3,000001,0,514,515,0.000,0.000,0.000,0.000,0.000,0,FWD,READY,0.000,0.000,0.000,0.000,0.000,0.000,0.000,0,0.000,540,2.639,22.1
DATA,MOTOR_BREAKIN_V3,000001,0,514,514,0.000,0.000,0.000,0.000,0.000,0,FWD,READY,0.000,0.000,0.000,0.000,0.000,0.000,0.000,0,0.000,540,2.639,22.1
DATA,MOTOR_BREAKIN_V3,000001,0,514,515,0.000,0.000,0.000,0.000,0.000,0,FWD,READY,0.000,0.000,0.000,0.000,0.000,0.000,0.000,0,0.000,540,2.639,22.1
DATA,MOTOR_BREAKIN_V3,000001,0,515,514,0.000,0.000,0.000,0.000,0.000,0,FWD,READY,0.000,0.000,0.000,0.000,0.000,0.000,0.000,0,0.000,539,2.634,22.1
DATA,MOTOR_BREAKIN_V3,000001,0,513,514,0.000,0.000,0.000,0.000,0.000,0,FWD,READY,0.000,0.000,0.000,0.000,0.000,0.000,0.000,0,0.000,540,2.639,22.0
DATA,MOTOR_BREAKIN_V3,000001,0,514,515,0.000,0.000,0.000,0.000,0.000,0,FWD,READY,0.000,0.000,0.000,0.000,0.000,0.000,0.000,0,0.000,540,2.639,22.1
DATA,MOTOR_BREAKIN_V3,000001,0,514,514,0.000,0.000,0.000,0.000,0.000,0,FWD,READY,0.000,0.000,0.000,0.000,0.000,0.000,0.000,0,0.000,540,239,21.9
DATA,MOTOR_BREAKIN_V3,000001,257,509,510,0.130,0.123,2.424,0.891,1.532,60,FWD,RUN,0.127,0.194,0.026,0.780,0.000,0.000,0.000,0,0.000,540,2.639,21.9
DATA,MOTOR_BREAKIN_V3,000001,357,508,510,0.157,0.123,2.674,0.752,1.922,60,FWD,RUN,0.140,0.269,0.040,0.975,0.000,0.000,0.000,0,0.153,540,2.639,21.9
OK
DATA,MOTOR_BREAKIN_V3,000001,457,499,506,0.395,0.228,3.872,0.891,2.981,89,FWD,RUN,0.312,0.929,0.211,1.226,0.000,0.000,0.000,0,0.325,540,2.639,21.9
DATA,MOTOR_BREAKIN_V3,000001,557,500,506,0.368,0.228,4.457,0.780,3.677,89,FWD,RUN,0.298,1.097,0.132,1.365,0.000,0.000,0.000,0,0.325,540,2.639,21.9
OK
DATA,MOTOR_BREAKIN_V3,000001,657,507,510,0.183,0.123,4.402,0.474,3.928,75,FWD,RUN,0.153,0.601,0.145,0.724,0.000,0.000,0.000,0,0.325,540,2.639,21.9
OK
DATA,MOTOR_BREAKIN_V3,000001,757,510,512,0.104,0.070,4.374,0.000,4.374,56,FWD,RUN,0.087,0.380,0.185,0.947,0.000,0.000,0.000,0,0.325,540,2.639,21.9
OK
DATA,MOTOR_BREAKIN_V3,000001,856,512,513,0.051,0.000,3.315,0.111,3.204,35,FWD,RUN,0.026,0.082,0.167,1.170,0.000,0.000,0.000,0,0.325,540,2.639,21.9
DATA,MOTOR_BREAKIN_V3,000001,957,512,512,0.051,0.070,3.315,0.084,3.232,35,FWD,RUN,0.061,0.196,0.075,1.087,0.000,0.000,0.000,0,0.325,540,2.639,21.9
DATA,MOTOR_BREAKIN_V3,000001,1057,512,513,0.051,0.000,3.260,0.000,3.260,35,FWD,RUN,0.026,0.083,0.048,0.613,0.000,0.000,0.000,0,0.325,540,2.639,21.9
DATA,MOTOR_BREAKIN_V3,000001,1157,511,513,0.078,0.000,3.009,0.223,2.786,35,FWD,RUN,0.039,0.108,0.061,0.557,0.000,0.000,0.000,0,0.325,540,2.639,21.9
OK
DATA,MOTOR_BREAKIN_V3,000001,1257,512,513,0.051,0.000,2.953,0.279,2.674,39,FWD,RUN,0.026,0.068,0.061,0.334,0.000,0.000,0.000,0,0.325,539,2.634,21.9
OK
DATA,MOTOR_BREAKIN_V3,000001,1357,511,513,0.078,0.000,3.037,0.167,2.870,46,FWD,RUN,0.039,0.111,0.048,0.362,0.000,0.000,0.000,0,0.325,540,2.639,21.9
DATA,MOTOR_BREAKIN_V3,000001,1457,511,512,0.078,0.070,3.120,0.362,2.758,46,FWD,RUN,0.074,0.203,0.061,0.306,0.000,0.000,0.000,0,0.325,540,2.639,21.9
OK
DATA,MOTOR_BREAKIN_V3,000001,1557,509,512,0.130,0.070,3.343,0.641,2.702,51,FWD,RUN,0.100,0.271,0.061,0.501,0.000,0.000,0.000,0,0.325,540,2.639,21.9
OK
DATA,MOTOR_BREAKIN_V3,000001,1657,511,512,0.078,0.070,3.845,0.251,3.594,57,FWD,RUN,0.074,0.265,0.075,0.891,0.000,0.000,0.000,0,0.325,540,2.639,21.9
OK
DATA,MOTOR_BREAKIN_V3,000001,1757,510,512,0.104,0.070,3.399,0.306,3.092,45,FWD,RUN,0.087,0.269,0.075,0.724,0.000,0.000,0.000,0,0.325,540,2.639,21.7
OK
DATA,MOTOR_BREAKIN_V3,000001,1857,511,513,0.078,0.000,3.176,0.306,2.870,43,FWD,RUN,0.039,0.111,0.075,0.251,0.000,0.000,0.000,0,0.325,540,2.639,21.4
OK
DATA,MOTOR_BREAKIN_V3,000001,1957,512,513,0.051,0.000,3.510,0.167,3.343,46,FWD,RUN,0.026,0.085,0.061,0.501,0.000,0.000,0.000,0,0.325,540,2.639,21.9
OK
DATA,MOTOR_BREAKIN_V3,000001,2057,511,513,0.078,0.000,3.037,0.223,2.814,39,FWD,RUN,0.039,0.109,0.061,0.613,0.000,0.000,0.000,0,0.325,540,2.639,21.9
OK
DATA,MOTOR_BREAKIN_V3,000001,2157,510,512,0.104,0.070,3.120,0.251,2.870,43,FWD,RUN,0.087,0.250,0.061,0.669,0.000,0.000,0.000,0,0.325,540,2.639,21.9
OK
DATA,MOTOR_BREAKIN_V3,000001,2257,510,512,0.104,0.070,3.399,0.195,3.204,46,FWD,RUN,0.087,0.279,0.061,0.641,0.000,0.000,0.000,0,0.325,540,2.639,21.9
DATA,MOTOR_BREAKIN_V3,000001,2357,511,513,0.078,0.000,3.455,0.000,3.455,46,FWD,RUN,0.039,0.134,0.061,0.669,0.000,0.000,0.000,0,0.325,540,2.639,21.9
OK
DATA,MOTOR_BREAKIN_V3,000001,2457,512,512,0.051,0.070,2.981,0.223,2.758,37,FWD,RUN,0.061,0.167,0.061,0.696,0.000,0.000,0.000,0,0.325,540,2.639,21.9
OK
DATA,MOTOR_BREAKIN_V3,000001,2557,511,512,0.078,0.070,3.176,0.279,2.897,42,FWD,RUN,0.074,0.214,0.048,0.501,0.000,0.000,0.000,0,0.325,540,2.639,21.8
OK
DATA,MOTOR_BREAKIN_V3,000001,2657,511,512,0.078,0.070,3.232,0.334,2.897,44,FWD,RUN,0.074,0.214,0.061,0.279,0.000,0.000,0.000,0,0.325,541,2.644,21.9
OK
DATA,MOTOR_BREAKIN_V3,000001,2757,510,512,0.104,0.070,3.092,0.362,2.730,46,FWD,RUN,0.087,0.237,0.061,0.585,0.000,0.000,0.000,0,0.325,540,2.639,21.9
OK
DATA,MOTOR_BREAKIN_V3,000001,2857,510,513,0.104,0.000,3.510,0.334,3.176,51,FWD,RUN,0.052,0.165,0.061,0.585,0.000,0.000,0.000,0,0.325,540,2.639,21.9
OK
DATA,MOTOR_BREAKIN_V3,000001,2957,510,512,0.104,0.070,3.287,0.334,2.953,47,FWD,RUN,0.087,0.257,0.075,0.724,0.000,0.000,0.000,0,0.325,540,2.639,21.9
OK
DATA,MOTOR_BREAKIN_V3,000001,3057,510,512,0.104,0.070,3.399,0.390,3.009,48,FWD,RUN,0.087,0.262,0.075,0.752,0.283,0.087,3.260,47,0.325,540,2.639,21.9
DATA,MOTOR_BREAKIN_V3,000001,3157,510,512,0.104,0.070,3.510,0.223,3.287,48,FWD,RUN,0.087,0.286,0.061,0.474,0.286,0.087,3.287,48,0.325,540,2.639,21.9
DATA,MOTOR_BREAKIN_V3,000001,3257,511,513,0.078,0.000,3.399,0.418,2.981,48,FWD,RUN,0.039,0.116,0.061,0.418,0.324,0.100,3.232,48,0.325,540,2.639,21.9
DATA,MOTOR_BREAKIN_V3,000001,3357,510,513,0.104,0.000,3.371,0.306,3.065,48,FWD,RUN,0.052,0.159,0.061,0.446,0.324,0.100,3.232,48,0.325,540,2.639,21.9
OK
DATA,MOTOR_BREAKIN_V3,000001,3457,511,512,0.078,0.070,3.566,0.195,3.371,47,FWD,RUN,0.074,0.249,0.061,0.474,0.324,0.100,3.232,48,0.325,540,2.639,21.9
OK
DATA,MOTOR_BREAKIN_V3,000001,3557,511,513,0.078,0.000,3.427,0.139,3.287,40,FWD,RUN,0.039,0.127,0.061,0.585,0.324,0.100,3.232,48,0.325,540,2.639,21.9
OK
DATA,MOTOR_BREAKIN_V3,000001,3657,511,513,0.078,0.000,2.953,0.195,2.758,35,FWD,RUN,0.039,0.107,0.061,0.724,0.324,0.100,3.232,48,0.325,540,2.639,21.9
OK
DATA,MOTOR_BREAKIN_V3,000001,3757,511,513,0.078,0.000,3.315,0.223,3.092,40,FWD,RUN,0.039,0.120,0.061,0.390,0.324,0.100,3.232,48,0.325,540,2.639,21.9
OK
DATA,MOTOR_BREAKIN_V3,000001,3857,512,514,0.051,0.000,3.148,0.251,2.897,38,FWD,RUN,0.026,0.074,0.048,0.334,0.324,0.100,3.232,48,0.325,540,2.639,21.9
OK
DATA,MOTOR_BREAKIN_V3,000001,3957,511,513,0.078,0.000,3.120,0.195,2.925,40,FWD,RUN,0.039,0.113,0.048,0.279,0.324,0.100,3.232,48,0.325,540,2.639,21.9
OK
DATA,MOTOR_BREAKIN_V3,000001,4056,511,513,0.078,0.000,3.148,0.279,2.870,42,FWD,RUN,0.039,0.111,0.035,0.613,0.324,0.100,3.232,48,0.325,540,2.639,21.9
DATA,MOTOR_BREAKIN_V3,000001,4157,511,512,0.078,0.070,3.120,0.306,2.814,42,FWD,RUN,0.074,0.208,0.061,0.613,0.324,0.100,3.232,48,0.325,540,2.639,21.9
OK
DATA,MOTOR_BREAKIN_V3,000001,4257,512,513,0.051,0.000,3.427,0.195,3.232,46,FWD,RUN,0.026,0.083,0.061,1.114,0.324,0.100,3.232,48,0.325,540,2.639,21.9
OK
DATA,MOTOR_BREAKIN_V3,000001,4357,511,513,0.078,0.000,3.148,0.251,2.897,41,FWD,RUN,0.039,0.112,0.061,1.198,0.324,0.100,3.232,48,0.325,540,2.639,21.9
OK
DATA,MOTOR_BREAKIN_V3,000001,4457,512,513,0.051,0.000,3.455,0.084,3.371,43,FWD,RUN,0.026,0.086,0.061,0.669,0.324,0.100,3.232,48,0.325,540,2.639,21.9
OK
DATA,MOTOR_BREAKIN_V3,000001,4557,512,513,0.051,0.000,3.009,0.195,2.814,36,FWD,RUN,0.026,0.072,0.048,0.669,0.324,0.100,3.232,48,0.325,540,2.639,21.9
OK
DATA,MOTOR_BREAKIN_V3,000001,4657,511,513,0.078,0.000,3.148,0.223,2.925,40,FWD,RUN,0.039,0.113,0.061,0.334,0.324,0.100,3.232,48,0.325,540,2.639,21.9
OK
DATA,MOTOR_BREAKIN_V3,000001,4757,512,512,0.051,0.070,3.204,0.306,2.897,42,FWD,RUN,0.061,0.175,0.061,0.334,0.324,0.100,3.232,48,0.325,540,2.639,21.9
OK
DATA,MOTOR_BREAKIN_V3,000001,4857,511,512,0.078,0.070,3.148,0.306,2.842,44,FWD,RUN,0.074,0.210,0.061,0.334,0.324,0.100,3.232,48,0.325,540,2.639,21.9
DATA,MOTOR_BREAKIN_V3,000001,4957,510,512,0.104,0.070,3.232,0.279,2.953,44,FWD,RUN,0.087,0.257,0.061,0.696,0.324,0.100,3.232,48,0.325,540,2.639,21.9
OK
DATA,MOTOR_BREAKIN_V3,000001,5057,510,512,0.104,0.070,3.427,0.362,3.065,47,FWD,RUN,0.087,0.266,0.061,0.696,0.324,0.100,3.232,48,0.325,540,2.639,21.9
OK
DATA,MOTOR_BREAKIN_V3,000001,5157,510,513,0.104,0.000,3.315,0.306,3.009,46,FWD,RUN,0.052,0.156,0.048,0.585,0.324,0.100,3.232,48,0.325,540,2.639,21.9
DATA,MOTOR_BREAKIN_V3,000001,5257,511,513,0.078,0.000,3.287,0.362,2.925,46,FWD,RUN,0.039,0.113,0.048,0.446,0.324,0.100,3.232,48,0.325,540,2.639,21.9
OK
DATA,MOTOR_BREAKIN_V3,000001,5357,509,511,0.130,0.096,3.371,0.279,3.092,48,FWD,RUN,0.113,0.351,0.075,0.501,0.351,0.113,3.092,48,0.325,540,2.639,21.9
OK
DATA,MOTOR_BREAKIN_V3,000001,5457,511,512,0.078,0.070,3.287,0.306,2.981,46,FWD,RUN,0.074,0.220,0.113,0.446,0.351,0.113,3.092,48,0.325,540,2.639,21.9
DATA,MOTOR_BREAKIN_V3,000001,5557,511,513,0.078,0.000,3.343,0.223,3.120,46,FWD,RUN,0.039,0.121,0.087,0.223,0.351,0.113,3.092,48,0.325,540,2.639,21.9
OK
DATA,MOTOR_BREAKIN_V3,000001,5657,511,513,0.078,0.000,3.343,0.334,3.009,44,FWD,RUN,0.039,0.117,0.061,0.669,0.351,0.113,3.092,48,0.325,540,2.639,21.9
DATA,MOTOR_BREAKIN_V3,000001,5757,512,513,0.051,0.000,3.455,0.139,3.315,44,FWD,RUN,0.026,0.085,0.061,0.585,0.351,0.113,3.092,48,0.325,540,2.639,21.9
OK
DATA,MOTOR_BREAKIN_V3,000001,5857,511,512,0.078,0.070,3.232,0.334,2.897,38,FWD,RUN,0.074,0.214,0.061,0.641,0.351,0.113,3.092,48,0.325,540,2.639,21.9
DATA,MOTOR_BREAKIN_V3,000001,5957,512,513,0.051,0.000,3.092,0.223,2.870,38,FWD,RUN,0.026,0.073,0.061,0.306,0.351,0.113,3.092,48,0.325,540,2.639,21.9
OK
DATA,MOTOR_BREAKIN_V3,000001,6057,510,512,0.104,0.070,3.092,0.195,2.897,41,FWD,RUN,0.087,0.252,0.061,0.501,0.351,0.113,3.092,48,0.325,540,2.639,21.9
OK
DATA,MOTOR_BREAKIN_V3,000001,6157,511,513,0.078,0.000,3.232,0.251,2.981,43,FWD,RUN,0.039,0.116,0.061,0.557,0.351,0.113,3.092,48,0.325,540,2.639,21.9
DATA,MOTOR_BREAKIN_V3,000001,6257,512,512,0.051,0.070,3.399,0.000,3.399,43,FWD,RUN,0.061,0.206,0.048,0.557,0.351,0.113,3.092,48,0.325,540,2.639,21.9
OK
DATA,MOTOR_BREAKIN_V3,000001,6357,512,512,0.051,0.070,2.897,0.167,2.730,35,FWD,RUN,0.061,0.165,0.035,0.669,0.351,0.113,3.092,48,0.325,540,2.639,21.9
OK
DATA,MOTOR_BREAKIN_V3,000001,6457,512,513,0.051,0.000,3.176,0.223,2.953,40,FWD,RUN,0.026,0.075,0.074,0.529,0.351,0.113,3.092,48,0.325,539,2.634,21.9
OK
DATA,MOTOR_BREAKIN_V3,000001,6557,511,512,0.078,0.070,3.176,0.195,2.981,41,FWD,RUN,0.074,0.220,0.074,0.334,0.351,0.113,3.092,48,0.325,540,2.639,21.8
DATA,MOTOR_BREAKIN_V3,000001,6657,511,512,0.078,0.070,3.176,0.306,2.870,41,FWD,RUN,0.074,0.212,0.048,0.334,0.351,0.113,3.092,48,0.325,539,2.634,21.9
OK
DATA,MOTOR_BREAKIN_V3,000001,6757,512,513,0.051,0.000,3.287,0.251,3.037,44,FWD,RUN,0.026,0.078,0.061,0.474,0.351,0.113,3.092,48,0.325,540,2.639,21.9
DATA,MOTOR_BREAKIN_V3,000001,6857,511,513,0.078,0.000,3.204,0.306,2.897,44,FWD,RUN,0.039,0.112,0.061,0.390,0.351,0.113,3.092,48,0.325,540,2.639,21.9
OK
DATA,MOTOR_BREAKIN_V3,000001,6957,512,513,0.051,0.000,3.455,0.084,3.371,43,FWD,RUN,0.026,0.086,0.061,0.864,0.351,0.113,3.092,48,0.325,540,2.639,22.3
OK
DATA,MOTOR_BREAKIN_V3,000001,7057,512,513,0.051,0.000,3.148,0.111,3.037,36,FWD,RUN,0.026,0.078,0.061,0.864,0.351,0.113,3.092,48,0.325,540,2.639,21.9
OK
DATA,MOTOR_BREAKIN_V3,000001,7157,512,513,0.051,0.000,2.953,0.223,2.730,35,FWD,RUN,0.026,0.070,0.035,0.306,0.351,0.113,3.092,48,0.325,540,2.639,21.9
OK
DATA,MOTOR_BREAKIN_V3,000001,7256,511,513,0.078,0.000,3.037,0.279,2.758,40,FWD,RUN,0.039,0.107,0.035,0.362,0.351,0.113,3.092,48,0.325,540,2.639,21.9
OK
DATA,MOTOR_BREAKIN_V3,000001,7357,512,513,0.051,0.000,3.315,0.251,3.065,45,FWD,RUN,0.026,0.078,0.048,0.446,0.351,0.113,3.092,48,0.325,540,2.639,21.9
OK
DATA,MOTOR_BREAKIN_V3,000001,7457,511,514,0.078,0.000,3.260,0.334,2.925,44,FWD,RUN,0.039,0.113,0.061,0.418,0.351,0.113,3.092,48,0.325,540,2.639,21.9
OK
DATA,MOTOR_BREAKIN_V3,000001,7557,510,513,0.104,0.000,3.232,0.334,2.897,46,FWD,RUN,0.052,0.151,0.087,0.780,0.351,0.113,3.092,48,0.325,540,2.639,21.9
OK
DATA,MOTOR_BREAKIN_V3,000001,7657,511,513,0.078,0.000,3.204,0.390,2.814,48,FWD,RUN,0.039,0.109,0.087,0.780,0.351,0.113,3.092,48,0.325,540,2.639,21.9
OK
DATA,MOTOR_BREAKIN_V3,000001,7757,511,513,0.078,0.000,3.566,0.167,3.399,52,FWD,RUN,0.039,0.132,0.061,0.585,0.351,0.113,3.092,48,0.325,540,2.639,21.9
DATA,MOTOR_BREAKIN_V3,000001,7857,511,512,0.078,0.070,3.677,0.306,3.371,52,FWD,RUN,0.074,0.249,0.088,0.362,0.357,0.113,3.148,52,0.325,540,2.639,21.9
OK
DATA,MOTOR_BREAKIN_V3,000001,7957,510,513,0.104,0.000,3.455,0.223,3.232,45,FWD,RUN,0.052,0.168,0.075,0.334,0.357,0.113,3.148,52,0.325,540,2.639,22.0
OK
DATA,MOTOR_BREAKIN_V3,000001,8057,512,513,0.051,0.000,3.427,0.111,3.315,40,FWD,RUN,0.026,0.085,0.061,0.390,0.357,0.113,3.148,52,0.325,540,2.639,21.8
OK
DATA,MOTOR_BREAKIN_V3,000001,8157,512,513,0.051,0.000,3.092,0.195,2.897,35,FWD,RUN,0.026,0.074,0.061,0.529,0.357,0.113,3.148,52,0.325,540,2.639,21.9
OK
DATA,MOTOR_BREAKIN_V3,000001,8257,512,513,0.051,0.000,3.176,0.195,2.981,37,FWD,RUN,0.026,0.076,0.035,0.613,0.357,0.113,3.148,52,0.325,540,2.639,21.9
DATA,MOTOR_BREAKIN_V3,000001,8357,511,513,0.078,0.000,3.009,0.223,2.786,37,FWD,RUN,0.039,0.108,0.035,0.669,0.357,0.113,3.148,52,0.325,540,2.639,21.9
OK
DATA,MOTOR_BREAKIN_V3,000001,8457,512,512,0.051,0.070,3.065,0.279,2.786,41,FWD,RUN,0.061,0.169,0.048,0.195,0.357,0.113,3.148,52,0.325,540,2.639,21.8
OK
DATA,MOTOR_BREAKIN_V3,000001,8557,510,513,0.104,0.000,3.120,0.390,2.730,45,FWD,RUN,0.052,0.142,0.048,0.195,0.357,0.113,3.148,52,0.325,540,2.639,21.9
OK
DATA,MOTOR_BREAKIN_V3,000001,8657,510,512,0.104,0.070,3.343,0.390,2.953,50,FWD,RUN,0.087,0.257,0.061,0.251,0.357,0.113,3.148,52,0.325,540,2.639,21.9
DATA,MOTOR_BREAKIN_V3,000001,8757,510,511,0.104,0.096,3.315,0.306,3.009,50,FWD,RUN,0.100,0.301,0.061,0.334,0.357,0.113,3.148,52,0.325,540,2.639,21.9
DATA,MOTOR_BREAKIN_V3,000001,8857,510,512,0.104,0.070,3.371,0.390,2.981,50,FWD,RUN,0.087,0.259,0.026,0.362,0.357,0.113,3.148,52,0.325,540,2.639,21.9
DATA,MOTOR_BREAKIN_V3,000001,8957,510,513,0.104,0.000,3.566,0.362,3.204,50,FWD,RUN,0.052,0.167,0.065,0.334,0.357,0.113,3.148,52,0.325,540,2.639,21.9
OK
DATA,MOTOR_BREAKIN_V3,000001,9057,511,511,0.078,0.096,3.287,0.390,2.897,46,FWD,RUN,0.087,0.252,0.065,0.362,0.357,0.113,3.148,52,0.325,540,2.639,21.9
OK
DATA,MOTOR_BREAKIN_V3,000001,9157,510,512,0.104,0.070,3.482,0.390,3.092,48,FWD,RUN,0.087,0.269,0.040,0.724,0.357,0.113,3.148,52,0.325,540,2.639,21.9
OK
DATA,MOTOR_BREAKIN_V3,000001,9257,511,513,0.078,0.000,3.287,0.306,2.981,46,FWD,RUN,0.039,0.116,0.061,0.641,0.357,0.113,3.148,52,0.325,540,2.639,21.9
DATA,MOTOR_BREAKIN_V3,000001,9357,510,513,0.104,0.000,3.371,0.334,3.037,46,FWD,RUN,0.052,0.158,0.075,0.613,0.357,0.113,3.148,52,0.325,540,2.639,21.9
OK
DATA,MOTOR_BREAKIN_V3,000001,9457,510,512,0.104,0.070,3.343,0.362,2.981,45,FWD,RUN,0.087,0.259,0.075,0.669,0.357,0.113,3.148,52,0.325,540,2.639,22.0
DATA,MOTOR_BREAKIN_V3,000001,9557,511,512,0.078,0.070,3.455,0.251,3.204,45,FWD,RUN,0.074,0.236,0.061,0.418,0.357,0.113,3.148,52,0.325,540,2.639,21.9
DATA,MOTOR_BREAKIN_V3,000001,9657,511,513,0.078,0.000,3.260,0.223,3.037,45,FWD,RUN,0.039,0.118,0.048,0.306,0.357,0.113,3.148,52,0.325,540,2.639,21.4
OK
DATA,MOTOR_BREAKIN_V3,000001,9757,512,513,0.051,0.000,3.622,0.084,3.538,44,FWD,RUN,0.026,0.090,0.087,0.808,0.357,0.113,3.148,52,0.325,540,2.639,21.9
OK
DATA,MOTOR_BREAKIN_V3,000001,9857,511,513,0.078,0.000,3.092,0.139,2.953,35,FWD,RUN,0.039,0.115,0.087,0.808,0.357,0.113,3.148,52,0.325,540,2.639,21.9
OK
DATA,MOTOR_BREAKIN_V3,000001,9957,511,513,0.078,0.000,3.065,0.195,2.870,36,FWD,RUN,0.039,0.111,0.061,0.446,0.357,0.113,3.148,52,0.325,540,2.639,21.9
OK
DATA,MOTOR_BREAKIN_V3,000001,10057,512,513,0.051,0.000,2.981,0.251,2.730,39,FWD,RUN,0.026,0.070,0.061,0.585,0.357,0.113,3.148,52,0.325,540,2.639,21.8
OK
DATA,MOTOR_BREAKIN_V3,000001,10157,511,513,0.078,0.000,3.232,0.251,2.981,44,FWD,RUN,0.039,0.116,0.087,0.585,0.357,0.113,3.148,52,0.325,540,2.639,21.8
DATA,MOTOR_BREAKIN_V3,000001,10257,511,512,0.078,0.070,3.371,0.279,3.092,44,FWD,RUN,0.074,0.228,0.087,0.446,0.357,0.113,3.148,52,0.325,540,2.639,21.8
OK
DATA,MOTOR_BREAKIN_V3,000001,10357,511,512,0.078,0.070,3.176,0.669,2.507,42,FWD,RUN,0.074,0.185,0.087,0.696,0.357,0.113,3.148,52,0.325,540,2.639,21.8
OK
DATA,MOTOR_BREAKIN_V3,000001,10456,511,513,0.078,0.000,3.148,0.223,2.925,52,FWD,RUN,0.039,0.113,0.061,0.613,0.357,0.113,3.148,52,0.325,540,2.639,21.8
DATA,MOTOR_BREAKIN_V3,000001,10557,510,512,0.104,0.070,3.427,0.418,3.009,52,FWD,RUN,0.087,0.262,0.075,0.306,0.357,0.113,3.148,52,0.325,540,2.639,21.9
DATA,MOTOR_BREAKIN_V3,000001,10657,510,512,0.104,0.070,3.622,0.390,3.232,52,FWD,RUN,0.087,0.281,0.048,0.334,0.357,0.113,3.148,52,0.325,540,2.639,21.9
OK
DATA,MOTOR_BREAKIN_V3,000001,10757,511,512,0.078,0.070,3.510,0.501,3.009,47,FWD,RUN,0.074,0.222,0.061,0.696,0.357,0.113,3.148,52,0.325,540,2.639,21.9
DATA,MOTOR_BREAKIN_V3,000001,10857,510,512,0.104,0.070,3.455,0.334,3.120,47,FWD,RUN,0.087,0.271,0.061,0.696,0.357,0.113,3.148,52,0.325,540,2.639,21.9
OK
DATA,MOTOR_BREAKIN_V3,000001,10957,510,512,0.104,0.070,3.343,0.195,3.148,45,FWD,RUN,0.087,0.274,0.048,0.306,0.357,0.113,3.148,52,0.325,540,2.639,21.8
OK
DATA,MOTOR_BREAKIN_V3,000001,11057,511,512,0.078,0.070,3.371,0.111,3.260,42,FWD,RUN,0.074,0.240,0.100,0.641,0.357,0.113,3.148,52,0.325,540,2.639,21.8
OK
DATA,MOTOR_BREAKIN_V3,000001,11157,511,513,0.078,0.000,3.315,0.111,3.204,37,FWD,RUN,0.039,0.124,0.074,0.669,0.357,0.113,3.148,52,0.325,540,2.639,21.8
OK
DATA,MOTOR_BREAKIN_V3,000001,11257,511,514,0.078,0.000,3.009,0.195,2.814,35,FWD,RUN,0.039,0.109,0.048,0.390,0.357,0.113,3.148,52,0.325,540,2.639,21.9
OK
DATA,MOTOR_BREAKIN_V3,000001,11357,511,513,0.078,0.000,3.092,0.223,2.870,39,FWD,RUN,0.039,0.111,0.035,0.418,0.357,0.113,3.148,52,0.325,540,2.639,21.9
DATA,MOTOR_BREAKIN_V3,000001,11457,511,513,0.078,0.000,3.092,0.251,2.842,39,FWD,RUN,0.039,0.110,0.035,0.501,0.357,0.113,3.148,52,0.325,540,2.639,21.8
OK
DATA,MOTOR_BREAKIN_V3,000001,11557,511,511,0.078,0.096,3.204,0.279,2.925,42,FWD,RUN,0.087,0.254,0.061,0.501,0.357,0.113,3.148,52,0.325,540,2.639,21.8
OK
DATA,MOTOR_BREAKIN_V3,000001,11657,510,513,0.104,0.000,3.371,0.195,3.176,44,FWD,RUN,0.052,0.165,0.061,0.418,0.357,0.113,3.148,52,0.325,540,2.639,21.8
OK
DATA,MOTOR_BREAKIN_V3,000001,11757,511,513,0.078,0.000,3.148,0.195,2.953,40,FWD,RUN,0.039,0.115,0.061,0.418,0.357,0.113,3.148,52,0.325,540,2.639,21.8
OK
DATA,MOTOR_BREAKIN_V3,000001,11857,511,512,0.078,0.070,3.260,0.111,3.148,41,FWD,RUN,0.074,0.232,0.048,0.334,0.357,0.113,3.148,52,0.325,540,2.639,21.8
OK
DATA,MOTOR_BREAKIN_V3,000001,11957,512,512,0.051,0.070,3.065,0.195,2.870,38,FWD,RUN,0.061,0.174,0.048,0.501,0.357,0.113,3.148,52,0.325,540,2.639,21.8
OK
DATA,MOTOR_BREAKIN_V3,000001,12057,511,513,0.078,0.000,3.092,0.279,2.814,41,FWD,RUN,0.039,0.109,0.035,0.418,0.357,0.113,3.148,52,0.325,540,2.639,21.8
OK
DATA,MOTOR_BREAKIN_V3,000001,12157,510,512,0.104,0.070,3.148,0.334,2.814,45,FWD,RUN,0.087,0.245,0.061,0.529,0.357,0.113,3.148,52,0.325,540,2.639,21.9
OK
DATA,MOTOR_BREAKIN_V3,000001,12257,510,513,0.104,0.000,3.232,0.418,2.814,49,FWD,RUN,0.052,0.146,0.061,0.474,0.357,0.113,3.148,52,0.325,540,2.639,21.9
DATA,MOTOR_BREAKIN_V3,000001,12357,510,512,0.104,0.070,3.399,0.362,3.037,49,FWD,RUN,0.087,0.264,0.061,0.251,0.357,0.113,3.148,52,0.325,541,2.644,21.9
OK
DATA,MOTOR_BREAKIN_V3,000001,12457,510,512,0.104,0.070,3.677,0.334,3.343,53,FWD,RUN,0.087,0.291,0.061,0.613,0.357,0.113,3.148,52,0.325,540,2.639,21.9
OK
DATA,MOTOR_BREAKIN_V3,000001,12557,510,511,0.104,0.096,3.482,0.223,3.260,46,FWD,RUN,0.100,0.326,0.048,0.501,0.357,0.113,3.148,52,0.325,540,2.639,21.9
OK
DATA,MOTOR_BREAKIN_V3,000001,12657,511,513,0.078,0.000,3.148,0.223,2.925,41,FWD,RUN,0.039,0.113,0.061,0.474,0.357,0.113,3.148,52,0.325,540,2.639,21.8
OK
DATA,MOTOR_BREAKIN_V3,000001,12757,511,512,0.078,0.070,3.371,0.223,3.148,43,FWD,RUN,0.074,0.232,0.087,0.279,0.357,0.113,3.148,52,0.325,540,2.639,21.8
OK
DATA,MOTOR_BREAKIN_V3,000001,12857,512,512,0.051,0.070,3.176,0.223,2.953,40,FWD,RUN,0.061,0.179,0.087,0.529,0.357,0.113,3.148,52,0.325,540,2.639,21.8
OK
DATA,MOTOR_BREAKIN_V3,000001,12957,511,512,0.078,0.070,3.176,0.251,2.925,41,FWD,RUN,0.074,0.216,0.048,0.641,0.357,0.113,3.148,52,0.325,540,2.639,21.8
OK
DATA,MOTOR_BREAKIN_V3,000001,13057,510,511,0.104,0.096,3.176,0.334,2.842,43,FWD,RUN,0.100,0.285,0.100,0.529,0.357,0.113,3.148,52,0.325,540,2.639,21.8
OK
DATA,MOTOR_BREAKIN_V3,000001,13157,510,512,0.104,0.070,3.371,0.251,3.120,46,FWD,RUN,0.087,0.271,0.100,0.696,0.357,0.113,3.148,52,0.325,540,2.639,21.9
OK
DATA,MOTOR_BREAKIN_V3,000001,13257,513,512,0.000,0.070,3.538,0.028,3.510,44,FWD,RUN,0.035,0.123,0.061,0.780,0.357,0.113,3.148,52,0.325,540,2.639,21.9
DATA,MOTOR_BREAKIN_V3,000001,13357,511,512,0.078,0.070,3.371,0.139,3.232,44,FWD,RUN,0.074,0.238,0.065,0.836,0.357,0.113,3.148,52,0.325,540,2.639,21.8
OK
DATA,MOTOR_BREAKIN_V3,000001,13457,511,512,0.078,0.070,3.120,0.167,2.953,35,FWD,RUN,0.074,0.218,0.075,0.585,0.357,0.113,3.148,52,0.325,540,2.639,21.8
OK
DATA,MOTOR_BREAKIN_V3,000001,13557,512,513,0.051,0.000,3.009,0.139,2.870,36,FWD,RUN,0.026,0.073,0.074,0.529,0.357,0.113,3.148,52,0.325,540,2.639,21.8
OK
DATA,MOTOR_BREAKIN_V3,000001,13656,510,512,0.104,0.070,2.981,0.251,2.730,39,FWD,RUN,0.087,0.237,0.087,0.613,0.357,0.113,3.148,52,0.325,539,2.634,21.8
OK
DATA,MOTOR_BREAKIN_V3,000001,13757,512,512,0.051,0.070,3.315,0.223,3.092,44,FWD,RUN,0.061,0.187,0.061,0.474,0.357,0.113,3.148,52,0.325,541,2.644,21.9
OK
DATA,MOTOR_BREAKIN_V3,000001,13857,511,513,0.078,0.000,3.315,0.139,3.176,42,FWD,RUN,0.039,0.123,0.061,0.446,0.357,0.113,3.148,52,0.325,540,2.639,21.8
OK
DATA,MOTOR_BREAKIN_V3,000001,13957,511,512,0.078,0.070,3.009,0.251,2.758,38,FWD,RUN,0.074,0.203,0.048,0.418,0.357,0.113,3.148,52,0.325,540,2.639,21.8
OK
DATA,MOTOR_BREAKIN_V3,000001,14057,510,513,0.104,0.000,3.120,0.279,2.842,43,FWD,RUN,0.052,0.148,0.035,0.334,0.357,0.113,3.148,52,0.325,540,2.639,21.4
OK
DATA,MOTOR_BREAKIN_V3,000001,14157,510,512,0.104,0.070,3.260,0.585,2.674,46,FWD,RUN,0.087,0.233,0.048,0.585,0.357,0.113,3.148,52,0.325,540,2.639,21.8
OK
DATA,MOTOR_BREAKIN_V3,000001,14257,510,511,0.104,0.096,3.510,0.390,3.120,53,FWD,RUN,0.100,0.313,0.075,0.919,0.357,0.113,3.148,52,0.325,540,2.639,21.8
DATA,MOTOR_BREAKIN_V3,000001,14357,510,513,0.104,0.000,3.399,0.446,2.953,53,FWD,RUN,0.052,0.154,0.075,0.919,0.357,0.113,3.148,52,0.325,540,2.639,21.8
OK
DATA,MOTOR_BREAKIN_V3,000001,14457,509,513,0.130,0.000,3.538,0.446,3.092,54,FWD,RUN,0.065,0.202,0.061,0.947,0.357,0.113,3.148,52,0.325,540,2.639,21.9
OK
DATA,MOTOR_BREAKIN_V3,000001,14557,510,510,0.104,0.123,3.566,0.613,2.953,52,FWD,RUN,0.113,0.335,0.088,0.780,0.357,0.113,3.148,52,0.325,540,2.639,21.8
OK
DATA,MOTOR_BREAKIN_V3,000001,14657,511,512,0.078,0.070,3.928,0.056,3.872,53,FWD,RUN,0.074,0.286,0.040,0.919,0.385,0.113,3.399,52,0.325,539,2.634,21.8
OK
DATA,MOTOR_BREAKIN_V3,000001,14757,512,512,0.051,0.070,3.204,0.139,3.065,36,FWD,RUN,0.061,0.186,0.088,0.864,0.385,0.113,3.399,52,0.325,540,2.639,21.8
OK
DATA,MOTOR_BREAKIN_V3,000001,14857,512,513,0.051,0.000,3.399,0.000,3.399,35,FWD,RUN,0.026,0.087,0.075,0.919,0.385,0.113,3.399,52,0.325,540,2.639,21.8
DATA,MOTOR_BREAKIN_V3,000001,14957,512,513,0.051,0.000,3.065,0.111,2.953,35,FWD,RUN,0.026,0.075,0.048,0.613,0.385,0.113,3.399,52,0.325,540,2.639,21.8
DATA,MOTOR_BREAKIN_V3,000001,15057,512,512,0.051,0.070,3.092,0.139,2.953,35,FWD,RUN,0.061,0.179,0.061,0.418,0.385,0.113,3.399,52,0.325,540,2.639,21.8
OK
DATA,MOTOR_BREAKIN_V3,000001,15157,512,512,0.051,0.070,2.870,0.223,2.647,36,FWD,RUN,0.061,0.160,0.074,0.334,0.385,0.113,3.399,52,0.325,540,2.639,21.8
OK
DATA,MOTOR_BREAKIN_V3,000001,15257,511,512,0.078,0.070,3.204,0.223,2.981,43,FWD,RUN,0.074,0.220,0.061,0.334,0.385,0.113,3.399,52,0.325,540,2.639,21.8
DATA,MOTOR_BREAKIN_V3,000001,15357,510,512,0.104,0.070,3.148,0.279,2.870,43,FWD,RUN,0.087,0.250,0.061,0.251,0.385,0.113,3.399,52,0.325,540,2.639,21.8
OK
DATA,MOTOR_BREAKIN_V3,000001,15457,510,512,0.104,0.070,3.260,0.334,2.925,46,FWD,RUN,0.087,0.254,0.048,0.111,0.385,0.113,3.399,52,0.325,540,2.639,21.9
OK
DATA,MOTOR_BREAKIN_V3,000001,15557,510,512,0.104,0.070,3.343,0.362,2.981,48,FWD,RUN,0.087,0.259,0.048,0.167,0.385,0.113,3.399,52,0.325,540,2.639,21.8
DATA,MOTOR_BREAKIN_V3,000001,15657,510,512,0.104,0.070,3.399,0.306,3.092,48,FWD,RUN,0.087,0.269,0.075,0.752,0.385,0.113,3.399,52,0.325,540,2.639,21.8
OK
DATA,MOTOR_BREAKIN_V3,000001,15757,510,512,0.104,0.070,3.427,0.279,3.148,46,FWD,RUN,0.087,0.274,0.075,0.780,0.385,0.113,3.399,52,0.325,540,2.639,21.8
OK
DATA,MOTOR_BREAKIN_V3,000001,15857,511,511,0.078,0.096,3.427,0.306,3.120,43,FWD,RUN,0.087,0.271,0.061,0.585,0.385,0.113,3.399,52,0.325,540,2.639,21.8
DATA,MOTOR_BREAKIN_V3,000001,15957,511,512,0.078,0.070,3.204,0.251,2.953,43,FWD,RUN,0.074,0.218,0.061,0.557,0.385,0.113,3.399,52,0.325,540,2.639,21.2
OK
DATA,MOTOR_BREAKIN_V3,000001,16057,511,512,0.078,0.070,3.343,0.641,2.702,44,FWD,RUN,0.074,0.199,0.048,0.474,0.385,0.113,3.399,52,0.325,540,2.639,21.7
OK
DATA,MOTOR_BREAKIN_V3,000001,16157,510,511,0.104,0.096,3.427,0.306,3.120,50,FWD,RUN,0.100,0.313,0.075,0.724,0.385,0.113,3.399,52,0.325,540,2.639,21.8
OK
DATA,MOTOR_BREAKIN_V3,000001,16257,512,513,0.051,0.000,3.733,0.028,3.705,48,FWD,RUN,0.026,0.095,0.075,0.919,0.385,0.113,3.399,52,0.325,540,2.639,21.8
OK
DATA,MOTOR_BREAKIN_V3,000001,16357,512,513,0.051,0.000,3.204,0.084,3.120,35,FWD,RUN,0.026,0.080,0.061,0.919,0.385,0.113,3.399,52,0.325,540,2.639,21.8
DATA,MOTOR_BREAKIN_V3,000001,16457,512,513,0.051,0.000,3.037,0.139,2.897,35,FWD,RUN,0.026,0.074,0.061,0.529,0.385,0.113,3.399,52,0.325,540,2.639,21.8
OK
DATA,MOTOR_BREAKIN_V3,000001,16557,511,512,0.078,0.070,3.037,0.223,2.814,37,FWD,RUN,0.074,0.208,0.048,0.306,0.385,0.113,3.399,52,0.325,540,2.639,21.8
OK
DATA,MOTOR_BREAKIN_V3,000001,16657,511,513,0.078,0.000,3.065,0.223,2.842,41,FWD,RUN,0.039,0.110,0.048,0.390,0.385,0.113,3.399,52,0.325,540,2.639,21.8
OK
DATA,MOTOR_BREAKIN_V3,000001,16757,511,511,0.078,0.096,3.232,0.334,2.897,44,FWD,RUN,0.087,0.252,0.061,0.474,0.385,0.113,3.399,52,0.325,540,2.639,21.8
DATA,MOTOR_BREAKIN_V3,000001,16856,511,512,0.078,0.070,3.204,0.306,2.897,44,FWD,RUN,0.074,0.214,0.061,0.195,0.385,0.113,3.399,52,0.325,540,2.639,21.8
OK
DATA,MOTOR_BREAKIN_V3,000001,16957,510,512,0.104,0.070,3.343,0.418,2.925,46,FWD,RUN,0.087,0.254,0.048,0.613,0.385,0.113,3.399,52,0.325,540,2.639,21.8
OK
DATA,MOTOR_BREAKIN_V3,000001,17057,510,512,0.104,0.070,3.427,0.251,3.176,48,FWD,RUN,0.087,0.276,0.035,0.641,0.385,0.113,3.399,52,0.325,540,2.639,21.8
OK
DATA,MOTOR_BREAKIN_V3,000001,17157,511,511,0.078,0.096,3.287,0.306,2.981,44,FWD,RUN,0.087,0.259,0.061,0.613,0.385,0.113,3.399,52,0.325,540,2.639,21.8
DATA,MOTOR_BREAKIN_V3,000001,17257,512,512,0.051,0.070,3.371,0.251,3.120,44,FWD,RUN,0.061,0.189,0.061,0.306,0.385,0.113,3.399,52,0.325,540,2.639,21.8
OK
DATA,MOTOR_BREAKIN_V3,000001,17357,510,512,0.104,0.070,3.260,0.223,3.037,42,FWD,RUN,0.087,0.264,0.048,0.306,0.385,0.113,3.399,52,0.325,540,2.639,21.8
OK
DATA,MOTOR_BREAKIN_V3,000001,17457,511,512,0.078,0.070,3.092,0.251,2.842,41,FWD,RUN,0.074,0.210,0.061,0.641,0.385,0.113,3.399,52,0.325,540,2.639,21.8
OK
DATA,MOTOR_BREAKIN_V3,000001,17557,510,512,0.104,0.070,3.287,0.585,2.702,44,FWD,RUN,0.087,0.235,0.087,0.780,0.385,0.113,3.399,52,0.325,540,2.639,21.8
OK
DATA,MOTOR_BREAKIN_V3,000001,17657,511,512,0.078,0.070,3.120,0.306,2.814,50,FWD,RUN,0.074,0.208,0.087,0.696,0.385,0.113,3.399,52,0.325,540,2.639,21.8
DATA,MOTOR_BREAKIN_V3,000001,17757,510,512,0.104,0.070,3.482,0.362,3.120,50,FWD,RUN,0.087,0.271,0.048,0.919,0.385,0.113,3.399,52,0.325,540,2.639,21.8
OK
DATA,MOTOR_BREAKIN_V3,000001,17857,511,511,0.078,0.096,3.455,0.334,3.120,48,FWD,RUN,0.087,0.271,0.075,0.919,0.385,0.113,3.399,52,0.325,539,2.634,21.8
OK
DATA,MOTOR_BREAKIN_V3,000001,17957,511,513,0.078,0.000,3.232,0.334,2.897,46,FWD,RUN,0.039,0.112,0.075,0.752,0.385,0.113,3.399,52,0.325,540,2.639,21.8
OK
DATA,MOTOR_BREAKIN_V3,000001,18057,511,512,0.078,0.070,3.399,0.306,3.092,48,FWD,RUN,0.074,0.228,0.061,0.975,0.385,0.113,3.399,52,0.325,540,2.639,21.9
OK
DATA,MOTOR_BREAKIN_V3,000001,18157,511,513,0.078,0.000,3.371,0.334,3.037,46,FWD,RUN,0.039,0.118,0.061,0.891,0.385,0.113,3.399,52,0.325,540,2.639,21.8
OK
DATA,MOTOR_BREAKIN_V3,000001,18257,511,512,0.078,0.070,3.232,0.334,2.897,45,FWD,RUN,0.074,0.214,0.061,0.251,0.385,0.113,3.399,52,0.325,540,2.639,21.3
OK
DATA,MOTOR_BREAKIN_V3,000001,18357,510,512,0.104,0.070,3.510,0.084,3.427,47,FWD,RUN,0.087,0.298,0.061,0.752,0.385,0.113,3.399,52,0.325,540,2.639,21.8
OK
DATA,MOTOR_BREAKIN_V3,000001,18457,512,512,0.051,0.070,3.315,0.084,3.232,38,FWD,RUN,0.061,0.196,0.061,0.752,0.385,0.113,3.399,52,0.325,540,2.639,21.8
OK
DATA,MOTOR_BREAKIN_V3,000001,18557,512,513,0.051,0.000,3.065,0.195,2.870,35,FWD,RUN,0.026,0.073,0.061,0.529,0.385,0.113,3.399,52,0.325,540,2.639,21.8
DATA,MOTOR_BREAKIN_V3,000001,18657,513,514,0.000,0.000,3.120,0.111,3.009,35,FWD,RUN,0.000,0.000,0.074,0.585,0.385,0.113,3.399,52,0.325,540,2.639,21.8
DATA,MOTOR_BREAKIN_V3,000001,18757,512,513,0.051,0.000,2.981,0.251,2.730,35,FWD,RUN,0.026,0.070,0.039,0.474,0.385,0.113,3.399,52,0.325,540,2.639,21.8
OK
DATA,MOTOR_BREAKIN_V3,000001,18857,511,513,0.078,0.000,3.065,0.251,2.814,40,FWD,RUN,0.039,0.109,0.013,0.557,0.385,0.113,3.399,52,0.325,540,2.639,21.8
OK
DATA,MOTOR_BREAKIN_V3,000001,18957,511,511,0.078,0.096,3.371,0.223,3.148,44,FWD,RUN,0.087,0.274,0.061,0.501,0.385,0.113,3.399,52,0.325,540,2.639,21.7
OK
DATA,MOTOR_BREAKIN_V3,000001,19057,511,512,0.078,0.070,3.260,0.167,3.092,41,FWD,RUN,0.074,0.228,0.061,0.446,0.385,0.113,3.399,52,0.325,540,2.639,21.7
OK
DATA,MOTOR_BREAKIN_V3,000001,19157,512,512,0.051,0.070,3.176,0.223,2.953,39,FWD,RUN,0.061,0.179,0.061,0.446,0.385,0.113,3.399,52,0.325,540,2.639,21.8
OK
DATA,MOTOR_BREAKIN_V3,000001,19257,511,513,0.078,0.000,3.204,0.195,3.009,40,FWD,RUN,0.039,0.117,0.061,0.501,0.385,0.113,3.399,52,0.325,540,2.639,21.8
DATA,MOTOR_BREAKIN_V3,000001,19357,511,513,0.078,0.000,3.037,0.306,2.730,40,FWD,RUN,0.039,0.106,0.061,0.418,0.385,0.113,3.399,52,0.325,540,2.639,21.8
OK
DATA,MOTOR_BREAKIN_V3,000001,19457,511,512,0.078,0.070,3.232,0.167,3.065,45,FWD,RUN,0.074,0.226,0.061,0.529,0.385,0.113,3.399,52,0.325,540,2.639,21.4
DATA,MOTOR_BREAKIN_V3,000001,19557,511,513,0.078,0.000,3.371,0.000,3.371,45,FWD,RUN,0.039,0.131,0.048,0.808,0.385,0.113,3.399,52,0.325,540,2.639,21.8
OK
DATA,MOTOR_BREAKIN_V3,000001,19657,512,513,0.051,0.000,3.009,0.223,2.786,38,FWD,RUN,0.026,0.071,0.048,0.864,0.385,0.113,3.399,52,0.325,540,2.639,21.8
OK
DATA,MOTOR_BREAKIN_V3,000001,19757,510,512,0.104,0.070,3.260,0.111,3.148,42,FWD,RUN,0.087,0.274,0.061,0.446,0.385,0.113,3.399,52,0.325,540,2.639,21.7
OK
DATA,MOTOR_BREAKIN_V3,000001,19857,510,512,0.104,0.070,3.065,0.167,2.897,39,FWD,RUN,0.087,0.252,0.048,0.418,0.385,0.113,3.399,52,0.325,540,2.639,21.8
OK
DATA,MOTOR_BREAKIN_V3,000001,19957,511,513,0.078,0.000,3.232,0.056,3.176,41,FWD,RUN,0.039,0.123,0.048,0.390,0.385,0.113,3.399,52,0.325,540,2.639,21.8
OK
DATA,MOTOR_BREAKIN_V3,000001,20056,511,513,0.078,0.000,2.981,0.669,2.312,37,FWD,RUN,0.039,0.090,0.048,0.864,0.385,0.113,3.399,52,0.325,540,2.639,21.8
OK
DATA,MOTOR_BREAKIN_V3,000001,20157,510,511,0.104,0.096,3.455,0.334,3.120,51,FWD,RUN,0.100,0.313,0.075,0.808,0.385,0.113,3.399,52,0.325,540,2.639,21.8
OK
DATA,MOTOR_BREAKIN_V3,000001,20257,511,512,0.078,0.070,3.510,0.306,3.204,49,FWD,RUN,0.074,0.236,0.088,0.696,0.385,0.113,3.399,52,0.325,540,2.639,21.8
OK
DATA,MOTOR_BREAKIN_V3,000001,20357,510,512,0.104,0.070,3.343,0.223,3.120,45,FWD,RUN,0.087,0.271,0.075,0.557,0.385,0.113,3.399,52,0.325,540,2.639,21.9
DATA,MOTOR_BREAKIN_V3,000001,20457,511,512,0.078,0.070,3.315,0.195,3.120,45,FWD,RUN,0.074,0.230,0.040,0.390,0.385,0.113,3.399,52,0.325,540,2.639,21.9
OK
DATA,MOTOR_BREAKIN_V3,000001,20557,511,512,0.078,0.070,3.315,0.223,3.092,43,FWD,RUN,0.074,0.228,0.061,0.474,0.385,0.113,3.399,52,0.325,540,2.639,23.5
OK
DATA,MOTOR_BREAKIN_V3,000001,20657,511,513,0.078,0.000,3.148,0.279,2.870,41,FWD,RUN,0.039,0.111,0.061,0.390,0.385,0.113,3.399,52,0.325,540,2.639,21.7
OK
DATA,MOTOR_BREAKIN_V3,000001,20757,511,513,0.078,0.000,3.371,0.251,3.120,44,FWD,RUN,0.039,0.121,0.074,0.390,0.385,0.113,3.399,52,0.325,540,2.639,21.7
OK
DATA,MOTOR_BREAKIN_V3,000001,20857,511,513,0.078,0.000,3.120,0.223,2.897,42,FWD,RUN,0.039,0.112,0.074,0.390,0.385,0.113,3.399,52,0.325,540,2.639,21.7
OK
DATA,MOTOR_BREAKIN_V3,000001,20957,512,513,0.051,0.000,3.315,0.390,2.925,44,FWD,RUN,0.026,0.075,0.061,0.390,0.385,0.113,3.399,52,0.325,540,2.639,21.7
OK
DATA,MOTOR_BREAKIN_V3,000001,21057,512,513,0.051,0.000,3.343,0.334,3.009,46,FWD,RUN,0.026,0.077,0.061,0.752,0.385,0.113,3.399,52,0.325,540,2.639,21.8
DATA,MOTOR_BREAKIN_V3,000001,21157,511,513,0.078,0.000,3.510,0.111,3.399,46,FWD,RUN,0.039,0.132,0.061,0.780,0.385,0.113,3.399,52,0.325,540,2.639,21.8
OK
DATA,MOTOR_BREAKIN_V3,000001,21257,512,514,0.051,0.000,3.148,0.223,2.925,38,FWD,RUN,0.026,0.075,0.061,0.613,0.385,0.113,3.399,52,0.325,540,2.639,21.7
DATA,MOTOR_BREAKIN_V3,000001,21357,512,512,0.051,0.070,3.204,0.167,3.037,38,FWD,RUN,0.061,0.184,0.087,0.418,0.385,0.113,3.399,52,0.325,540,2.639,21.7
OK
DATA,MOTOR_BREAKIN_V3,000001,21457,512,512,0.051,0.070,3.287,0.195,3.092,40,FWD,RUN,0.061,0.187,0.074,0.557,0.385,0.113,3.399,52,0.325,540,2.639,21.7
OK
DATA,MOTOR_BREAKIN_V3,000001,21557,512,513,0.051,0.000,3.260,0.139,3.120,38,FWD,RUN,0.026,0.080,0.087,0.474,0.385,0.113,3.399,52,0.325,538,2.630,21.7
OK
DATA,MOTOR_BREAKIN_V3,000001,21657,512,512,0.051,0.070,2.981,0.195,2.786,36,FWD,RUN,0.061,0.169,0.061,0.362,0.385,0.113,3.399,52,0.325,540,2.639,21.8
OK
DATA,MOTOR_BREAKIN_V3,000001,21757,512,512,0.051,0.070,3.065,0.279,2.786,40,FWD,RUN,0.061,0.169,0.074,0.279,0.385,0.113,3.399,52,0.325,540,2.639,21.7
OK
DATA,MOTOR_BREAKIN_V3,000001,21857,511,512,0.078,0.070,3.232,0.334,2.897,44,FWD,RUN,0.074,0.214,0.074,0.446,0.385,0.113,3.399,52,0.325,540,2.639,21.7
OK
DATA,MOTOR_BREAKIN_V3,000001,21957,511,513,0.078,0.000,3.427,0.028,3.399,46,FWD,RUN,0.039,0.132,0.048,0.501,0.385,0.113,3.399,52,0.325,540,2.639,21.8
OK
DATA,MOTOR_BREAKIN_V3,000001,22057,512,512,0.051,0.070,3.092,0.167,2.925,38,FWD,RUN,0.061,0.177,0.061,0.501,0.385,0.113,3.399,52,0.325,540,2.639,21.7
OK
DATA,MOTOR_BREAKIN_V3,000001,22157,511,512,0.078,0.070,3.065,0.195,2.870,40,FWD,RUN,0.074,0.212,0.075,0.641,0.385,0.113,3.399,52,0.325,540,2.639,21.7
DATA,MOTOR_BREAKIN_V3,000001,22257,511,512,0.078,0.070,3.092,0.251,2.842,40,FWD,RUN,0.074,0.210,0.074,0.501,0.385,0.113,3.399,52,0.325,540,2.639,21.7
OK
DATA,MOTOR_BREAKIN_V3,000001,22357,511,512,0.078,0.070,3.204,0.306,2.897,43,FWD,RUN,0.074,0.214,0.074,0.501,0.385,0.113,3.399,52,0.325,540,2.639,21.7
OK
DATA,MOTOR_BREAKIN_V3,000001,22457,511,513,0.078,0.000,3.232,0.251,2.981,45,FWD,RUN,0.039,0.116,0.035,0.223,0.385,0.113,3.399,52,0.325,540,2.639,21.3
DATA,MOTOR_BREAKIN_V3,000001,22557,511,512,0.078,0.070,3.427,0.056,3.371,45,FWD,RUN,0.074,0.249,0.035,0.474,0.385,0.113,3.399,52,0.325,540,2.639,21.9
OK
DATA,MOTOR_BREAKIN_V3,000001,22657,513,513,0.000,0.000,3.037,0.223,2.814,38,FWD,RUN,0.000,0.000,0.074,0.808,0.385,0.113,3.399,52,0.325,540,2.639,21.7
OK
DATA,MOTOR_BREAKIN_V3,000001,22757,511,513,0.078,0.000,3.232,0.139,3.092,42,FWD,RUN,0.039,0.120,0.074,0.696,0.385,0.113,3.399,52,0.325,540,2.639,21.7
OK
DATA,MOTOR_BREAKIN_V3,000001,22857,511,512,0.078,0.070,3.148,0.139,3.009,40,FWD,RUN,0.074,0.222,0.048,0.362,0.385,0.113,3.399,52,0.325,540,2.639,21.8
DATA,MOTOR_BREAKIN_V3,000001,22957,510,512,0.104,0.070,3.037,0.251,2.786,40,FWD,RUN,0.087,0.242,0.061,0.306,0.385,0.113,3.399,52,0.325,540,2.639,21.7
OK
DATA,MOTOR_BREAKIN_V3,000001,23057,511,513,0.078,0.000,3.176,0.557,2.619,44,FWD,RUN,0.039,0.102,0.061,0.529,0.385,0.113,3.399,52,0.325,539,2.634,21.7
OK
DATA,MOTOR_BREAKIN_V3,000001,23157,510,512,0.104,0.070,3.204,0.334,2.870,52,FWD,RUN,0.087,0.250,0.061,0.669,0.385,0.113,3.399,52,0.325,540,2.639,21.7
DATA,MOTOR_BREAKIN_V3,000001,23256,510,512,0.104,0.070,3.538,0.362,3.176,52,FWD,RUN,0.087,0.276,0.075,0.613,0.385,0.113,3.399,52,0.325,540,2.639,21.7
OK
DATA,MOTOR_BREAKIN_V3,000001,23357,511,512,0.078,0.070,3.287,0.334,2.953,48,FWD,RUN,0.074,0.218,0.061,0.613,0.385,0.113,3.399,52,0.325,540,2.639,21.8
OK
DATA,MOTOR_BREAKIN_V3,000001,23457,511,513,0.078,0.000,3.622,0.223,3.399,49,FWD,RUN,0.039,0.132,0.061,0.529,0.385,0.113,3.399,52,0.325,540,2.639,21.7
OK
DATA,MOTOR_BREAKIN_V3,000001,23557,513,513,0.000,0.000,3.510,0.084,3.427,41,FWD,RUN,0.000,0.000,0.087,0.474,0.385,0.113,3.399,52,0.325,540,2.639,21.8
OK
DATA,MOTOR_BREAKIN_V3,000001,23657,512,512,0.051,0.070,3.148,0.111,3.037,35,FWD,RUN,0.061,0.184,0.087,0.529,0.385,0.113,3.399,52,0.325,540,2.639,21.8
DATA,MOTOR_BREAKIN_V3,000001,23757,512,513,0.051,0.000,2.981,0.223,2.758,35,FWD,RUN,0.026,0.071,0.061,0.362,0.385,0.113,3.399,52,0.325,540,2.639,21.7
OK
DATA,MOTOR_BREAKIN_V3,000001,23857,512,513,0.051,0.000,3.065,0.251,2.814,40,FWD,RUN,0.026,0.072,0.061,0.334,0.385,0.113,3.399,52,0.325,540,2.639,21.7
OK
DATA,MOTOR_BREAKIN_V3,000001,23957,510,512,0.104,0.070,3.176,0.223,2.953,44,FWD,RUN,0.087,0.257,0.087,0.362,0.385,0.113,3.399,52,0.325,540,2.639,21.7
OK
DATA,MOTOR_BREAKIN_V3,000001,24057,511,512,0.078,0.070,3.065,0.334,2.730,45,FWD,RUN,0.074,0.201,0.048,0.446,0.385,0.113,3.399,52,0.325,540,2.639,21.7
DATA,MOTOR_BREAKIN_V3,000001,24157,510,512,0.104,0.070,3.092,0.334,2.758,45,FWD,RUN,0.087,0.240,0.013,0.474,0.385,0.113,3.399,52,0.325,540,2.639,21.2
OK
DATA,MOTOR_BREAKIN_V3,000001,24257,510,512,0.104,0.070,3.566,0.223,3.343,50,FWD,RUN,0.087,0.291,0.013,0.669,0.385,0.113,3.399,52,0.325,540,2.639,21.7
OK
DATA,MOTOR_BREAKIN_V3,000001,24357,511,512,0.078,0.070,3.176,0.279,2.897,43,FWD,RUN,0.074,0.214,0.048,0.669,0.385,0.113,3.399,52,0.325,540,2.639,21.6
OK
DATA,MOTOR_BREAKIN_V3,000001,24457,511,512,0.078,0.070,3.371,0.223,3.148,45,FWD,RUN,0.074,0.232,0.061,0.362,0.385,0.113,3.399,52,0.325,540,2.639,23.3
OK
DATA,MOTOR_BREAKIN_V3,000001,24557,511,512,0.078,0.070,3.315,0.223,3.092,42,FWD,RUN,0.074,0.228,0.061,0.390,0.385,0.113,3.399,52,0.325,540,2.639,21.7
OK
DATA,MOTOR_BREAKIN_V3,000001,24657,511,512,0.078,0.070,3.232,0.362,2.870,40,FWD,RUN,0.074,0.212,0.048,0.334,0.385,0.113,3.399,52,0.325,540,2.639,21.7
OK
DATA,MOTOR_BREAKIN_V3,000001,24757,511,512,0.078,0.070,3.287,0.279,3.009,43,FWD,RUN,0.074,0.222,0.048,0.279,0.385,0.113,3.399,52,0.325,540,2.639,21.7
DATA,MOTOR_BREAKIN_V3,000001,24857,511,514,0.078,0.000,3.176,0.279,2.897,43,FWD,RUN,0.039,0.112,0.048,0.251,0.385,0.113,3.399,52,0.325,540,2.639,21.7
OK
DATA,MOTOR_BREAKIN_V3,000001,24957,511,512,0.078,0.070,3.232,0.251,2.981,45,FWD,RUN,0.074,0.220,0.061,0.251,0.385,0.113,3.399,52,0.325,540,2.639,23.5
DATA,MOTOR_BREAKIN_V3,000001,25057,511,512,0.078,0.070,3.148,0.306,2.842,45,FWD,RUN,0.074,0.210,0.061,0.306,0.385,0.113,3.399,52,0.325,540,2.639,21.7
OK
DATA,MOTOR_BREAKIN_V3,000001,25157,510,512,0.104,0.070,3.343,0.251,3.092,48,FWD,RUN,0.087,0.269,0.075,0.334,0.385,0.113,3.399,52,0.325,540,2.639,21.7
OK
DATA,MOTOR_BREAKIN_V3,000001,25257,511,512,0.078,0.070,3.427,0.279,3.148,46,FWD,RUN,0.074,0.232,0.075,0.919,0.385,0.113,3.399,52,0.325,540,2.639,21.7
OK
DATA,MOTOR_BREAKIN_V3,000001,25357,511,512,0.078,0.070,3.287,0.279,3.009,43,FWD,RUN,0.074,0.222,0.061,0.752,0.385,0.113,3.399,52,0.325,540,2.639,22.0
DATA,MOTOR_BREAKIN_V3,000001,25457,510,512,0.104,0.070,3.120,0.279,2.842,43,FWD,RUN,0.087,0.247,0.075,1.003,0.385,0.113,3.399,52,0.325,540,2.639,21.7
OK
DATA,MOTOR_BREAKIN_V3,000001,25557,510,511,0.104,0.096,3.371,0.251,3.120,46,FWD,RUN,0.100,0.313,0.075,1.003,0.385,0.113,3.399,52,0.325,540,2.639,21.7
OK
DATA,MOTOR_BREAKIN_V3,000001,25657,513,512,0.000,0.070,3.622,0.000,3.622,44,FWD,RUN,0.035,0.127,0.075,0.724,0.385,0.113,3.399,52,0.325,540,2.639,21.7
OK
DATA,MOTOR_BREAKIN_V3,000001,25757,511,513,0.078,0.000,3.232,0.139,3.092,35,FWD,RUN,0.039,0.120,0.075,0.724,0.385,0.113,3.399,52,0.325,540,2.639,21.7
DATA,MOTOR_BREAKIN_V3,000001,25857,512,513,0.051,0.000,3.065,0.223,2.842,35,FWD,RUN,0.026,0.073,0.075,0.390,0.385,0.113,3.399,52,0.325,540,2.639,21.7
DATA,MOTOR_BREAKIN_V3,000001,25957,512,512,0.051,0.070,3.037,0.167,2.870,35,FWD,RUN,0.061,0.174,0.035,0.474,0.385,0.113,3.399,52,0.325,540,2.639,21.7
OK
DATA,MOTOR_BREAKIN_V3,000001,26057,511,512,0.078,0.070,3.120,0.139,2.981,38,FWD,RUN,0.074,0.220,0.048,0.585,0.385,0.113,3.399,52,0.325,540,2.639,21.7
DATA,MOTOR_BREAKIN_V3,000001,26157,513,513,0.000,0.000,3.065,0.195,2.870,38,FWD,RUN,0.000,0.000,0.074,0.306,0.385,0.113,3.399,52,0.325,540,2.639,21.7
OK
DATA,MOTOR_BREAKIN_V3,000001,26257,511,512,0.078,0.070,3.092,0.334,2.758,41,FWD,RUN,0.074,0.203,0.087,0.306,0.385,0.113,3.399,52,0.325,540,2.639,21.7
OK
DATA,MOTOR_BREAKIN_V3,000001,26357,511,512,0.078,0.070,3.232,0.306,2.925,46,FWD,RUN,0.074,0.216,0.061,0.641,0.385,0.113,3.399,52,0.325,540,2.639,21.7
OK
DATA,MOTOR_BREAKIN_V3,000001,26456,510,512,0.104,0.070,3.287,0.334,2.953,48,FWD,RUN,0.087,0.257,0.075,0.641,0.385,0.113,3.399,52,0.325,540,2.639,21.7
OK
DATA,MOTOR_BREAKIN_V3,000001,26557,510,512,0.104,0.070,3.455,0.362,3.092,49,FWD,RUN,0.087,0.269,0.061,0.669,0.385,0.113,3.399,52,0.325,540,2.639,21.7
OK
DATA,MOTOR_BREAKIN_V3,000001,26657,510,512,0.104,0.070,3.232,0.279,2.953,47,FWD,RUN,0.087,0.257,0.061,0.613,0.385,0.113,3.399,52,0.325,540,2.639,21.7
OK
DATA,MOTOR_BREAKIN_V3,000001,26757,510,512,0.104,0.070,3.510,0.279,3.232,48,FWD,RUN,0.087,0.281,0.061,0.669,0.385,0.113,3.399,52,0.325,540,2.639,21.7
OK
DATA,MOTOR_BREAKIN_V3,000001,26857,511,512,0.078,0.070,3.510,0.251,3.260,43,FWD,RUN,0.074,0.240,0.048,0.585,0.385,0.113,3.399,52,0.325,540,2.639,21.8
DATA,MOTOR_BREAKIN_V3,000001,26957,512,513,0.051,0.000,3.566,0.139,3.427,43,FWD,RUN,0.026,0.088,0.061,0.474,0.385,0.113,3.399,52,0.325,540,2.639,21.7
OK
DATA,MOTOR_BREAKIN_V3,000001,27057,512,513,0.051,0.000,3.065,0.139,2.925,35,FWD,RUN,0.026,0.075,0.061,0.501,0.385,0.113,3.399,52,0.325,540,2.639,21.7
OK
DATA,MOTOR_BREAKIN_V3,000001,27157,512,512,0.051,0.070,3.148,0.111,3.037,37,FWD,RUN,0.061,0.184,0.048,0.418,0.385,0.113,3.399,52,0.325,540,2.639,21.7
OK
DATA,MOTOR_BREAKIN_V3,000001,27257,512,512,0.051,0.070,3.065,0.223,2.842,36,FWD,RUN,0.061,0.172,0.048,0.362,0.385,0.113,3.399,52,0.325,540,2.639,21.7
OK
DATA,MOTOR_BREAKIN_V3,000001,27357,511,512,0.078,0.070,3.092,0.223,2.870,39,FWD,RUN,0.074,0.212,0.048,0.362,0.385,0.113,3.399,52,0.325,540,2.639,21.7
OK
DATA,MOTOR_BREAKIN_V3,000001,27457,511,513,0.078,0.000,3.092,0.334,2.758,42,FWD,RUN,0.039,0.107,0.048,0.474,0.385,0.113,3.399,52,0.325,540,2.639,21.6
OK
DATA,MOTOR_BREAKIN_V3,000001,27557,510,513,0.104,0.000,3.260,0.251,3.009,47,FWD,RUN,0.052,0.156,0.074,0.529,0.385,0.113,3.399,52,0.325,540,2.639,21.7
DATA,MOTOR_BREAKIN_V3,000001,27657,510,513,0.104,0.000,3.287,0.390,2.897,47,FWD,RUN,0.052,0.151,0.087,0.529,0.385,0.113,3.399,52,0.325,541,2.644,21.7
OK
DATA,MOTOR_BREAKIN_V3,000001,27757,510,512,0.104,0.070,3.287,0.390,2.897,49,FWD,RUN,0.087,0.252,0.048,0.390,0.385,0.113,3.399,52,0.325,540,2.639,21.7
DATA,MOTOR_BREAKIN_V3,000001,27857,511,512,0.078,0.070,3.510,0.306,3.204,49,FWD,RUN,0.074,0.236,0.075,0.362,0.385,0.113,3.399,52,0.325,540,2.639,21.7
OK
DATA,MOTOR_BREAKIN_V3,000001,27957,510,511,0.104,0.096,3.343,0.251,3.092,45,FWD,RUN,0.100,0.310,0.075,0.836,0.385,0.113,3.399,52,0.325,540,2.639,21.7
OK
DATA,MOTOR_BREAKIN_V3,000001,28057,510,512,0.104,0.070,3.315,0.223,3.092,43,FWD,RUN,0.087,0.269,0.048,0.836,0.385,0.113,3.399,52,0.325,540,2.639,21.6
OK
DATA,MOTOR_BREAKIN_V3,000001,28157,511,512,0.078,0.070,3.092,0.251,2.842,41,FWD,RUN,0.074,0.210,0.061,0.529,0.385,0.113,3.399,52,0.325,540,2.639,21.7
OK
DATA,MOTOR_BREAKIN_V3,000001,28257,511,512,0.078,0.070,3.260,0.501,2.758,44,FWD,RUN,0.074,0.203,0.061,0.613,0.385,0.113,3.399,52,0.325,540,2.639,21.7
OK
DATA,MOTOR_BREAKIN_V3,000001,28357,510,512,0.104,0.070,3.399,0.362,3.037,49,FWD,RUN,0.087,0.264,0.061,0.752,0.385,0.113,3.399,52,0.325,540,2.639,21.7
OK
DATA,MOTOR_BREAKIN_V3,000001,28457,512,513,0.051,0.000,3.733,0.084,3.650,48,FWD,RUN,0.026,0.093,0.061,0.808,0.385,0.113,3.399,52,0.325,540,2.639,21.7
OK
DATA,MOTOR_BREAKIN_V3,000001,28557,512,512,0.051,0.070,3.120,0.167,2.953,35,FWD,RUN,0.061,0.179,0.061,0.891,0.385,0.113,3.399,52,0.325,540,2.639,21.7
OK
DATA,MOTOR_BREAKIN_V3,000001,28657,512,513,0.051,0.000,3.037,0.167,2.870,36,FWD,RUN,0.026,0.073,0.087,0.975,0.385,0.113,3.399,52,0.325,540,2.639,21.7
DATA,MOTOR_BREAKIN_V3,000001,28757,512,512,0.051,0.070,3.204,0.139,3.065,36,FWD,RUN,0.061,0.186,0.074,0.474,0.385,0.113,3.399,52,0.325,540,2.639,21.6
OK
DATA,MOTOR_BREAKIN_V3,000001,28857,512,512,0.051,0.070,2.981,0.251,2.730,35,FWD,RUN,0.061,0.165,0.074,0.362,0.385,0.113,3.399,52,0.325,540,2.639,21.7
OK
DATA,MOTOR_BREAKIN_V3,000001,28957,511,512,0.078,0.070,3.092,0.306,2.786,40,FWD,RUN,0.074,0.205,0.100,0.167,0.385,0.113,3.399,52,0.325,540,2.639,21.6
OK
DATA,MOTOR_BREAKIN_V3,000001,29057,511,512,0.078,0.070,3.176,0.334,2.842,44,FWD,RUN,0.074,0.210,0.075,0.585,0.385,0.113,3.399,52,0.325,540,2.639,21.6
OK
DATA,MOTOR_BREAKIN_V3,000001,29157,512,513,0.051,0.000,3.622,0.306,3.315,47,FWD,RUN,0.026,0.085,0.075,0.557,0.385,0.113,3.399,52,0.325,540,2.639,21.7
OK
DATA,MOTOR_BREAKIN_V3,000001,29257,512,512,0.051,0.070,3.315,0.195,3.120,41,FWD,RUN,0.061,0.189,0.061,0.418,0.385,0.113,3.399,52,0.325,540,2.639,21.7
OK
DATA,MOTOR_BREAKIN_V3,000001,29357,511,513,0.078,0.000,3.232,0.139,3.092,39,FWD,RUN,0.039,0.120,0.061,0.279,0.385,0.113,3.399,52,0.325,540,2.639,21.7
OK
DATA,MOTOR_BREAKIN_V3,000001,29457,512,512,0.051,0.070,3.204,0.195,3.009,37,FWD,RUN,0.061,0.182,0.048,0.418,0.385,0.113,3.399,52,0.325,540,2.639,21.7
DATA,MOTOR_BREAKIN_V3,000001,29557,511,512,0.078,0.070,3.009,0.223,2.786,37,FWD,RUN,0.074,0.205,0.048,0.780,0.385,0.113,3.399,52,0.325,540,2.639,21.7
DATA,MOTOR_BREAKIN_V3,000001,29656,512,512,0.051,0.070,3.065,0.167,2.897,37,FWD,RUN,0.061,0.175,0.048,0.780,0.385,0.113,3.399,52,0.325,540,2.639,21.6
OK
DATA,MOTOR_BREAKIN_V3,000001,29757,512,512,0.051,0.070,2.953,0.251,2.702,39,FWD,RUN,0.061,0.164,0.061,0.585,0.385,0.113,3.399,52,0.325,540,2.639,21.6
OK
DATA,MOTOR_BREAKIN_V3,000001,29857,510,512,0.104,0.070,3.176,0.334,2.842,45,FWD,RUN,0.087,0.247,0.061,0.557,0.385,0.113,3.399,52,0.325,540,2.639,21.7
OK
DATA,MOTOR_BREAKIN_V3,000001,29957,510,512,0.104,0.070,3.204,0.362,2.842,48,FWD,RUN,0.087,0.247,0.061,0.446,0.385,0.113,3.399,52,0.325,540,2.639,21.7
OK
DATA,MOTOR_BREAKIN_V3,000001,30057,511,513,0.078,0.000,3.677,0.251,3.427,51,FWD,RUN,0.039,0.133,0.075,0.724,0.385,0.113,3.399,52,0.325,540,2.639,21.7
OK
DATA,MOTOR_BREAKIN_V3,000001,30157,512,513,0.051,0.000,3.510,0.167,3.343,42,FWD,RUN,0.026,0.085,0.075,0.613,0.385,0.113,3.399,52,0.325,540,2.639,21.6
OK
DATA,MOTOR_BREAKIN_V3,000001,30257,512,513,0.051,0.000,3.204,0.111,3.092,35,FWD,RUN,0.026,0.079,0.061,0.752,0.385,0.113,3.399,52,0.325,540,2.639,21.6
DATA,MOTOR_BREAKIN_V3,000001,30357,511,513,0.078,0.000,3.065,0.111,2.953,35,FWD,RUN,0.039,0.115,0.048,0.501,0.385,0.113,3.399,52,0.325,540,2.639,21.7
OK
DATA,MOTOR_BREAKIN_V3,000001,30457,511,512,0.078,0.070,3.009,0.167,2.842,36,FWD,RUN,0.074,0.210,0.048,0.390,0.385,0.113,3.399,52,0.325,540,2.639,21.7
DATA,MOTOR_BREAKIN_V3,000001,30557,512,512,0.051,0.070,3.009,0.167,2.842,36,FWD,RUN,0.061,0.172,0.048,0.418,0.385,0.113,3.399,52,0.325,539,2.634,21.7
OK
DATA,MOTOR_BREAKIN_V3,000001,30657,512,511,0.051,0.096,3.065,0.223,2.842,39,FWD,RUN,0.074,0.210,0.061,0.251,0.385,0.113,3.399,52,0.325,540,2.639,21.6
OK
DATA,MOTOR_BREAKIN_V3,000001,30757,511,512,0.078,0.070,3.065,0.306,2.758,42,FWD,RUN,0.074,0.203,0.061,0.362,0.385,0.113,3.399,52,0.325,539,2.634,21.6
OK
DATA,MOTOR_BREAKIN_V3,000001,30857,512,513,0.051,0.000,3.482,0.195,3.287,47,FWD,RUN,0.026,0.084,0.075,0.613,0.385,0.113,3.399,52,0.325,540,2.639,21.7
OK
DATA,MOTOR_BREAKIN_V3,000001,30957,512,511,0.051,0.096,3.176,0.251,2.925,41,FWD,RUN,0.074,0.216,0.075,0.557,0.385,0.113,3.399,52,0.325,540,2.639,21.6
OK
DATA,MOTOR_BREAKIN_V3,000001,31057,511,513,0.078,0.000,3.176,0.334,2.842,43,FWD,RUN,0.039,0.110,0.100,0.641,0.385,0.113,3.399,52,0.325,540,2.639,21.6
OK
DATA,MOTOR_BREAKIN_V3,000001,31157,510,512,0.104,0.070,3.343,0.334,3.009,46,FWD,RUN,0.087,0.262,0.087,0.641,0.385,0.113,3.399,52,0.325,540,2.639,21.7
DATA,MOTOR_BREAKIN_V3,000001,31257,510,512,0.104,0.070,3.343,0.167,3.176,46,FWD,RUN,0.087,0.276,0.048,0.752,0.385,0.113,3.399,52,0.325,540,2.639,21.7
OK
DATA,MOTOR_BREAKIN_V3,000001,31357,512,512,0.051,0.070,3.315,0.167,3.148,42,FWD,RUN,0.061,0.191,0.075,0.641,0.385,0.113,3.399,52,0.325,540,2.639,21.6
DATA,MOTOR_BREAKIN_V3,000001,31457,511,512,0.078,0.070,3.315,0.251,3.065,42,FWD,RUN,0.074,0.226,0.075,0.696,0.385,0.113,3.399,52,0.325,540,2.639,21.6
OK
DATA,MOTOR_BREAKIN_V3,000001,31557,512,512,0.051,0.070,3.260,0.251,3.009,41,FWD,RUN,0.061,0.182,0.048,0.279,0.385,0.113,3.399,52,0.325,540,2.639,21.6
DATA,MOTOR_BREAKIN_V3,000001,31657,511,512,0.078,0.070,3.371,0.167,3.204,41,FWD,RUN,0.074,0.236,0.022,0.446,0.385,0.113,3.399,52,0.325,540,2.639,21.6
OK
DATA,MOTOR_BREAKIN_V3,000001,31757,512,513,0.051,0.000,3.148,0.167,2.981,37,FWD,RUN,0.026,0.076,0.048,0.474,0.385,0.113,3.399,52,0.325,540,2.639,21.7
DATA,MOTOR_BREAKIN_V3,000001,31857,511,512,0.078,0.070,3.065,0.223,2.842,37,FWD,RUN,0.074,0.210,0.048,0.446,0.385,0.113,3.399,52,0.325,540,2.639,21.6
OK
DATA,MOTOR_BREAKIN_V3,000001,31957,511,513,0.078,0.000,3.065,0.334,2.730,40,FWD,RUN,0.039,0.106,0.048,0.446,0.385,0.113,3.399,52,0.325,539,2.634,21.6
OK
DATA,MOTOR_BREAKIN_V3,000001,32057,510,512,0.104,0.070,3.232,0.306,2.925,45,FWD,RUN,0.087,0.254,0.061,0.474,0.385,0.113,3.399,52,0.325,540,2.639,21.6
OK
DATA,MOTOR_BREAKIN_V3,000001,32157,510,512,0.104,0.070,3.204,0.362,2.842,48,FWD,RUN,0.087,0.247,0.048,0.474,0.385,0.113,3.399,52,0.325,540,2.639,21.7
DATA,MOTOR_BREAKIN_V3,000001,32257,510,511,0.104,0.096,3.566,0.251,3.315,48,FWD,RUN,0.100,0.332,0.048,0.557,0.385,0.113,3.399,52,0.325,540,2.639,21.7
DATA,MOTOR_BREAKIN_V3,000001,32357,510,512,0.104,0.070,3.287,0.279,3.009,48,FWD,RUN,0.087,0.262,0.061,0.724,0.385,0.113,3.399,52,0.325,540,2.639,21.7
DATA,MOTOR_BREAKIN_V3,000001,32457,510,512,0.104,0.070,3.510,0.279,3.232,48,FWD,RUN,0.087,0.281,0.061,0.864,0.385,0.113,3.399,52,0.325,540,2.639,21.7
DATA,MOTOR_BREAKIN_V3,000001,32557,510,512,0.104,0.070,3.343,0.334,3.009,48,FWD,RUN,0.087,0.262,0.026,0.418,0.385,0.113,3.399,52,0.325,540,2.639,21.7
DATA,MOTOR_BREAKIN_V3,000001,32657,511,512,0.078,0.070,3.566,0.334,3.232,48,FWD,RUN,0.074,0.238,0.075,0.585,0.385,0.113,3.399,52,0.325,540,2.639,21.7
DATA,MOTOR_BREAKIN_V3,000001,32757,512,512,0.051,0.070,3.761,0.223,3.538,48,FWD,RUN,0.061,0.214,0.075,0.557,0.385,0.113,3.399,52,0.325,540,2.639,21.7
DATA,MOTOR_BREAKIN_V3,000001,32856,510,512,0.104,0.070,3.510,0.251,3.260,48,FWD,RUN,0.087,0.283,0.088,0.474,0.385,0.113,3.399,52,0.325,540,2.639,21.7
DATA,MOTOR_BREAKIN_V3,000001,32957,510,513,0.104,0.000,3.566,0.279,3.287,48,FWD,RUN,0.052,0.171,0.088,0.696,0.385,0.113,3.399,52,0.325,540,2.639,21.7
DATA,MOTOR_BREAKIN_V3,000001,33057,510,511,0.104,0.096,3.677,0.195,3.482,48,FWD,RUN,0.100,0.349,0.075,0.669,0.385,0.113,3.399,52,0.325,540,2.639,21.7
DATA,MOTOR_BREAKIN_V3,000001,33157,511,512,0.078,0.070,3.650,0.362,3.287,48,FWD,RUN,0.074,0.242,0.075,0.557,0.385,0.113,3.399,52,0.325,540,2.639,21.7
DATA,MOTOR_BREAKIN_V3,000001,33257,510,512,0.104,0.070,3.482,0.446,3.037,48,FWD,RUN,0.087,0.264,0.075,0.641,0.385,0.113,3.399,52,0.325,540,2.639,21.7
DATA,MOTOR_BREAKIN_V3,000001,33357,510,512,0.104,0.070,3.622,0.334,3.287,48,FWD,RUN,0.087,0.286,0.075,0.696,0.385,0.113,3.399,52,0.325,540,2.639,21.6
DATA,MOTOR_BREAKIN_V3,000001,33457,512,513,0.051,0.000,3.817,0.111,3.705,48,FWD,RUN,0.026,0.095,0.075,0.529,0.385,0.113,3.399,52,0.325,540,2.639,21.7
DATA,MOTOR_BREAKIN_V3,000001,33557,510,511,0.104,0.096,3.650,0.306,3.343,48,FWD,RUN,0.100,0.335,0.075,0.501,0.385,0.113,3.399,52,0.325,540,2.639,21.6
DATA,MOTOR_BREAKIN_V3,000001,33657,511,511,0.078,0.096,3.399,0.613,2.786,48,FWD,RUN,0.087,0.242,0.061,0.780,0.385,0.113,3.399,52,0.325,540,2.639,21.6
DATA,MOTOR_BREAKIN_V3,000001,33757,511,512,0.078,0.070,3.566,0.362,3.204,48,FWD,RUN,0.074,0.236,0.061,0.780,0.385,0.113,3.399,52,0.325,540,2.639,21.6
DATA,MOTOR_BREAKIN_V3,000001,33857,511,512,0.078,0.070,3.566,0.390,3.176,48,FWD,RUN,0.074,0.234,0.061,0.585,0.385,0.113,3.399,52,0.325,540,2.639,21.7
DATA,MOTOR_BREAKIN_V3,000001,33957,510,511,0.104,0.096,3.510,0.390,3.120,48,FWD,RUN,0.100,0.313,0.061,0.613,0.385,0.113,3.399,52,0.325,540,2.639,21.6
DATA,MOTOR_BREAKIN_V3,000001,34057,510,513,0.104,0.000,3.594,0.279,3.315,48,FWD,RUN,0.052,0.172,0.061,0.752,0.385,0.113,3.399,52,0.325,540,2.639,21.6
DATA,MOTOR_BREAKIN_V3,000001,34157,513,513,0.000,0.000,3.845,0.223,3.622,48,FWD,RUN,0.000,0.000,0.100,0.808,0.385,0.113,3.399,52,0.325,540,2.639,21.6
DATA,MOTOR_BREAKIN_V3,000001,34257,511,512,0.078,0.070,3.427,0.334,3.092,48,FWD,RUN,0.074,0.228,0.087,0.557,0.385,0.113,3.399,52,0.325,540,2.639,21.6
DATA,MOTOR_BREAKIN_V3,000001,34357,510,512,0.104,0.070,3.594,0.334,3.260,48,FWD,RUN,0.087,0.283,0.075,0.529,0.385,0.113,3.399,52,0.325,540,2.639,21.6
DATA,MOTOR_BREAKIN_V3,000001,34457,513,514,0.000,0.000,3.845,0.223,3.622,48,FWD,RUN,0.000,0.000,0.100,0.891,0.385,0.113,3.399,52,0.325,540,2.639,21.7
DATA,MOTOR_BREAKIN_V3,000001,34557,510,512,0.104,0.070,3.622,0.306,3.315,48,FWD,RUN,0.087,0.288,0.100,0.891,0.385,0.113,3.399,52,0.325,540,2.639,21.6
DATA,MOTOR_BREAKIN_V3,000001,34657,510,512,0.104,0.070,3.566,0.139,3.427,48,FWD,RUN,0.087,0.298,0.048,0.501,0.385,0.113,3.399,52,0.325,540,2.639,21.6
DATA,MOTOR_BREAKIN_V3,000001,34757,510,513,0.104,0.000,3.427,0.334,3.092,48,FWD,RUN,0.052,0.161,0.048,0.501,0.385,0.113,3.399,52,0.325,540,2.639,21.6
DATA,MOTOR_BREAKIN_V3,000001,34857,510,512,0.104,0.070,3.510,0.334,3.176,48,FWD,RUN,0.087,0.276,0.075,0.696,0.385,0.113,3.399,52,0.325,540,2.639,21.6
DATA,MOTOR_BREAKIN_V3,000001,34957,510,512,0.104,0.070,3.650,0.111,3.538,48,FWD,RUN,0.087,0.308,0.088,0.641,0.385,0.113,3.399,52,0.325,540,2.639,21.7
DATA,MOTOR_BREAKIN_V3,000001,35057,513,513,0.000,0.000,3.956,0.000,3.956,48,FWD,RUN,0.000,0.000,0.087,0.780,0.385,0.113,3.399,52,0.325,540,2.639,21.7
DATA,MOTOR_BREAKIN_V3,000001,35157,511,512,0.078,0.070,3.594,0.223,3.371,48,FWD,RUN,0.074,0.249,0.087,0.891,0.385,0.113,3.399,52,0.325,540,2.639,21.6
DATA,MOTOR_BREAKIN_V3,000001,35257,511,513,0.078,0.000,3.622,0.279,3.343,48,FWD,RUN,0.039,0.130,0.061,0.362,0.385,0.113,3.399,52,0.325,540,2.639,21.6
DATA,MOTOR_BREAKIN_V3,000001,35357,511,512,0.078,0.070,3.566,0.251,3.315,48,FWD,RUN,0.074,0.244,0.061,0.641,0.385,0.113,3.399,52,0.325,540,2.639,21.7
DATA,MOTOR_BREAKIN_V3,000001,35457,509,511,0.130,0.096,3.399,0.390,3.009,48,FWD,RUN,0.113,0.341,0.061,0.724,0.385,0.113,3.399,52,0.325,540,2.639,21.6
DATA,MOTOR_BREAKIN_V3,000001,35557,509,512,0.130,0.070,3.594,0.306,3.287,48,FWD,RUN,0.100,0.329,0.088,0.446,0.385,0.113,3.399,52,0.325,540,2.639,21.6
DATA,MOTOR_BREAKIN_V3,000001,35657,511,512,0.078,0.070,3.622,0.223,3.399,48,FWD,RUN,0.074,0.251,0.075,0.418,0.385,0.113,3.399,52,0.325,540,2.639,21.6
DATA,MOTOR_BREAKIN_V3,000001,35757,510,513,0.104,0.000,3.677,0.251,3.427,48,FWD,RUN,0.052,0.178,0.061,0.362,0.385,0.113,3.399,52,0.325,540,2.639,21.7
DATA,MOTOR_BREAKIN_V3,000001,35857,511,513,0.078,0.000,3.650,0.306,3.343,48,FWD,RUN,0.039,0.130,0.048,0.780,0.385,0.113,3.399,52,0.325,540,2.639,21.6
DATA,MOTOR_BREAKIN_V3,000001,35957,511,512,0.078,0.070,3.538,0.279,3.260,48,FWD,RUN,0.074,0.240,0.048,0.891,0.385,0.113,3.399,52,0.325,539,2.634,21.6
DATA,MOTOR_BREAKIN_V3,000001,36056,510,511,0.104,0.096,3.343,0.669,2.674,48,FWD,RUN,0.100,0.268,0.075,1.142,0.385,0.113,3.399,52,0.325,540,2.639,21.6
DATA,MOTOR_BREAKIN_V3,000001,36157,511,512,0.078,0.070,3.733,0.056,3.677,48,FWD,RUN,0.074,0.271,0.075,1.142,0.385,0.113,3.399,52,0.325,540,2.639,21.6
DATA,MOTOR_BREAKIN_V3,000001,36257,511,513,0.078,0.000,3.817,0.111,3.705,48,FWD,RUN,0.039,0.144,0.048,0.724,0.385,0.113,3.399,52,0.325,540,2.639,21.6
DATA,MOTOR_BREAKIN_V3,000001,36357,511,511,0.078,0.096,3.538,0.279,3.260,48,FWD,RUN,0.087,0.283,0.061,0.724,0.385,0.113,3.399,52,0.325,540,2.639,21.6
DATA,MOTOR_BREAKIN_V3,000001,36457,510,513,0.104,0.000,3.677,0.306,3.371,48,FWD,RUN,0.052,0.175,0.048,0.279,0.385,0.113,3.399,52,0.325,540,2.639,21.6
DATA,MOTOR_BREAKIN_V3,000001,36557,510,512,0.104,0.070,3.510,0.251,3.260,48,FWD,RUN,0.087,0.283,0.075,0.696,0.385,0.113,3.399,52,0.325,540,2.639,21.6
DATA,MOTOR_BREAKIN_V3,000001,36657,510,513,0.104,0.000,3.622,0.251,3.371,48,FWD,RUN,0.052,0.175,0.075,0.696,0.385,0.113,3.399,52,0.325,540,2.639,21.6
DATA,MOTOR_BREAKIN_V3,000001,36757,511,513,0.078,0.000,3.427,0.279,3.148,48,FWD,RUN,0.039,0.122,0.048,0.585,0.385,0.113,3.399,52,0.325,540,2.639,21.6
DATA,MOTOR_BREAKIN_V3,000001,36857,510,512,0.104,0.070,3.455,0.334,3.120,48,FWD,RUN,0.087,0.271,0.075,0.724,0.385,0.113,3.399,52,0.325,540,2.639,21.6
DATA,MOTOR_BREAKIN_V3,000001,36957,510,513,0.104,0.000,3.566,0.223,3.343,48,FWD,RUN,0.052,0.174,0.075,0.669,0.385,0.113,3.399,52,0.325,540,2.639,21.6
DATA,MOTOR_BREAKIN_V3,000001,37057,511,513,0.078,0.000,3.761,0.111,3.650,48,FWD,RUN,0.039,0.142,0.061,0.696,0.385,0.113,3.399,52,0.325,540,2.639,21.6
DATA,MOTOR_BREAKIN_V3,000001,37157,511,512,0.078,0.070,3.455,0.334,3.120,48,FWD,RUN,0.074,0.230,0.061,0.724,0.385,0.113,3.399,52,0.325,540,2.639,21.7
DATA,MOTOR_BREAKIN_V3,000001,37257,510,513,0.104,0.000,3.510,0.306,3.204,48,FWD,RUN,0.052,0.167,0.061,0.780,0.385,0.113,3.399,52,0.325,540,2.639,21.6
DATA,MOTOR_BREAKIN_V3,000001,37357,512,513,0.051,0.000,3.817,0.056,3.761,48,FWD,RUN,0.026,0.096,0.061,0.696,0.385,0.113,3.399,52,0.325,540,2.639,21.6
DATA,MOTOR_BREAKIN_V3,000001,37457,511,513,0.078,0.000,3.622,0.000,3.622,48,FWD,RUN,0.039,0.140,0.061,0.613,0.385,0.113,3.399,52,0.325,540,2.639,21.6
DATA,MOTOR_BREAKIN_V3,000001,37557,511,513,0.078,0.000,3.594,0.334,3.260,48,FWD,RUN,0.039,0.126,0.048,0.585,0.385,0.113,3.399,52,0.325,540,2.639,21.6
DATA,MOTOR_BREAKIN_V3,000001,37657,511,513,0.078,0.000,3.510,0.279,3.232,48,FWD,RUN,0.039,0.125,0.075,0.585,0.385,0.113,3.399,52,0.325,540,2.639,21.6
DATA,MOTOR_BREAKIN_V3,000001,37757,511,513,0.078,0.000,3.733,0.306,3.427,48,FWD,RUN,0.039,0.133,0.075,0.306,0.385,0.113,3.399,52,0.325,540,2.639,21.6
DATA,MOTOR_BREAKIN_V3,000001,37857,511,514,0.078,0.000,3.677,0.251,3.427,48,FWD,RUN,0.039,0.133,0.061,0.641,0.385,0.113,3.399,52,0.325,540,2.639,21.6
DATA,MOTOR_BREAKIN_V3,000001,37957,512,514,0.051,0.000,3.817,0.111,3.705,48,FWD,RUN,0.026,0.095,0.061,0.585,0.385,0.113,3.399,52,0.325,540,2.639,21.6
DATA,MOTOR_BREAKIN_V3,000001,38057,510,512,0.104,0.070,3.594,0.334,3.260,48,FWD,RUN,0.087,0.283,0.061,0.613,0.385,0.113,3.399,52,0.325,540,2.639,21.6
DATA,MOTOR_BREAKIN_V3,000001,38157,510,513,0.104,0.000,3.399,0.251,3.148,48,FWD,RUN,0.052,0.164,0.075,0.529,0.385,0.113,3.399,52,0.325,540,2.639,21.6
DATA,MOTOR_BREAKIN_V3,000001,38257,510,512,0.104,0.070,3.566,0.390,3.176,48,FWD,RUN,0.087,0.276,0.075,0.613,0.385,0.113,3.399,52,0.325,540,2.639,21.6
DATA,MOTOR_BREAKIN_V3,000001,38357,510,512,0.104,0.070,3.538,0.167,3.371,48,FWD,RUN,0.087,0.293,0.075,0.585,0.385,0.113,3.399,52,0.325,540,2.639,21.6
DATA,MOTOR_BREAKIN_V3,000001,38457,511,512,0.078,0.070,3.594,0.334,3.260,48,FWD,RUN,0.074,0.240,0.061,0.696,0.385,0.113,3.399,52,0.325,540,2.639,21.6
DATA,MOTOR_BREAKIN_V3,000001,38557,512,512,0.051,0.070,3.594,0.195,3.399,48,FWD,RUN,0.061,0.206,0.061,0.808,0.385,0.113,3.399,52,0.325,540,2.639,21.6
DATA,MOTOR_BREAKIN_V3,000001,38657,510,512,0.104,0.070,3.510,0.195,3.315,48,FWD,RUN,0.087,0.288,0.075,0.724,0.385,0.113,3.399,52,0.325,540,2.639,21.6
DATA,MOTOR_BREAKIN_V3,000001,38757,511,512,0.078,0.070,3.594,0.306,3.287,48,FWD,RUN,0.074,0.242,0.075,0.669,0.385,0.113,3.399,52,0.325,540,2.639,21.6
DATA,MOTOR_BREAKIN_V3,000001,38857,510,512,0.104,0.070,3.594,0.195,3.399,48,FWD,RUN,0.087,0.296,0.087,0.474,0.385,0.113,3.399,52,0.325,540,2.639,21.6
DATA,MOTOR_BREAKIN_V3,000001,38957,512,513,0.051,0.000,3.845,0.028,3.817,48,FWD,RUN,0.026,0.098,0.100,0.641,0.385,0.113,3.399,52,0.325,540,2.639,21.6
DATA,MOTOR_BREAKIN_V3,000001,39057,510,512,0.104,0.070,3.566,0.334,3.232,48,FWD,RUN,0.087,0.281,0.075,0.641,0.385,0.113,3.399,52,0.325,540,2.639,21.6
DATA,MOTOR_BREAKIN_V3,000001,39157,510,512,0.104,0.070,3.510,0.195,3.315,48,FWD,RUN,0.087,0.288,0.087,0.529,0.385,0.113,3.399,52,0.325,540,2.639,21.6
DATA,MOTOR_BREAKIN_V3,000001,39256,510,512,0.104,0.070,3.482,0.334,3.148,48,FWD,RUN,0.087,0.274,0.087,0.529,0.385,0.113,3.399,52,0.325,540,2.639,21.6
DATA,MOTOR_BREAKIN_V3,000001,39357,511,512,0.078,0.070,3.566,0.613,2.953,48,FWD,RUN,0.074,0.218,0.061,0.780,0.385,0.113,3.399,52,0.325,540,2.639,21.6
DATA,MOTOR_BREAKIN_V3,000001,39457,511,512,0.078,0.070,3.538,0.251,3.287,48,FWD,RUN,0.074,0.242,0.075,0.947,0.385,0.113,3.399,52,0.325,540,2.639,21.6
DATA,MOTOR_BREAKIN_V3,000001,39557,511,512,0.078,0.070,3.455,0.279,3.176,48,FWD,RUN,0.074,0.234,0.075,1.003,0.385,0.113,3.399,52,0.325,540,2.639,21.6
DATA,MOTOR_BREAKIN_V3,000001,39657,510,512,0.104,0.070,3.650,0.223,3.427,48,FWD,RUN,0.087,0.298,0.061,0.947,0.385,0.113,3.399,52,0.325,540,2.639,21.6
DATA,MOTOR_BREAKIN_V3,000001,39757,511,512,0.078,0.070,3.538,0.139,3.399,48,FWD,RUN,0.074,0.251,0.052,0.641,0.385,0.113,3.399,52,0.325,540,2.639,21.6
DATA,MOTOR_BREAKIN_V3,000001,39857,510,512,0.104,0.070,3.594,0.279,3.315,48,FWD,RUN,0.087,0.288,0.048,0.641,0.385,0.113,3.399,52,0.325,540,2.639,21.6
DATA,MOTOR_BREAKIN_V3,000001,39957,512,512,0.051,0.070,3.845,0.084,3.761,48,FWD,RUN,0.061,0.228,0.061,0.641,0.385,0.113,3.399,52,0.325,540,2.639,21.6
DATA,MOTOR_BREAKIN_V3,000001,40057,510,511,0.104,0.096,3.594,0.279,3.315,48,FWD,RUN,0.100,0.332,0.075,0.641,0.385,0.113,3.399,52,0.325,540,2.639,21.6
DATA,MOTOR_BREAKIN_V3,000001,40157,512,513,0.051,0.000,3.845,0.028,3.817,48,FWD,RUN,0.026,0.098,0.075,0.613,0.385,0.113,3.399,52,0.325,540,2.639,21.6
DATA,MOTOR_BREAKIN_V3,000001,40257,511,512,0.078,0.070,3.594,0.446,3.148,48,FWD,RUN,0.074,0.232,0.075,0.891,0.385,0.113,3.399,52,0.325,540,2.639,21.6
DATA,MOTOR_BREAKIN_V3,000001,40357,512,512,0.051,0.070,3.817,0.167,3.650,48,FWD,RUN,0.061,0.221,0.061,0.864,0.385,0.113,3.399,52,0.325,540,2.639,21.6
DATA,MOTOR_BREAKIN_V3,000001,40457,510,512,0.104,0.070,3.455,0.334,3.120,48,FWD,RUN,0.087,0.271,0.048,0.669,0.385,0.113,3.399,52,0.325,540,2.639,21.6
DATA,MOTOR_BREAKIN_V3,000001,40557,510,512,0.104,0.070,3.538,0.362,3.176,48,FWD,RUN,0.087,0.276,0.048,0.641,0.385,0.113,3.399,52,0.325,540,2.639,21.6
DATA,MOTOR_BREAKIN_V3,000001,40657,510,512,0.104,0.070,3.594,0.390,3.204,48,FWD,RUN,0.087,0.279,0.061,0.390,0.385,0.113,3.399,52,0.325,540,2.639,21.6
DATA,MOTOR_BREAKIN_V3,000001,40757,510,512,0.104,0.070,3.594,0.251,3.343,48,FWD,RUN,0.087,0.291,0.061,0.529,0.385,0.113,3.399,52,0.325,540,2.639,21.6
DATA,MOTOR_BREAKIN_V3,000001,40857,510,512,0.104,0.070,3.622,0.223,3.399,48,FWD,RUN,0.087,0.296,0.061,0.641,0.385,0.113,3.399,52,0.325,540,2.639,21.6
DATA,MOTOR_BREAKIN_V3,000001,40957,510,512,0.104,0.070,3.705,0.306,3.399,48,FWD,RUN,0.087,0.296,0.088,0.501,0.385,0.113,3.399,52,0.325,540,2.639,21.6
DATA,MOTOR_BREAKIN_V3,000001,41057,510,512,0.104,0.070,3.594,0.390,3.204,48,FWD,RUN,0.087,0.279,0.088,0.362,0.385,0.113,3.399,52,0.325,540,2.639,21.6
DATA,MOTOR_BREAKIN_V3,000001,41157,510,512,0.104,0.070,3.482,0.306,3.176,48,FWD,RUN,0.087,0.276,0.061,0.390,0.385,0.113,3.399,52,0.325,540,2.639,21.6
DATA,MOTOR_BREAKIN_V3,000001,41257,512,512,0.051,0.070,3.622,0.306,3.315,48,FWD,RUN,0.061,0.201,0.061,0.585,0.385,0.113,3.399,52,0.325,540,2.639,21.6
DATA,MOTOR_BREAKIN_V3,000001,41357,512,512,0.051,0.070,3.622,0.139,3.482,48,FWD,RUN,0.061,0.211,0.061,0.780,0.385,0.113,3.399,52,0.325,540,2.639,21.6
DATA,MOTOR_BREAKIN_V3,000001,41457,511,512,0.078,0.070,3.510,0.362,3.148,48,FWD,RUN,0.074,0.232,0.061,0.501,0.385,0.113,3.399,52,0.325,540,2.639,21.6
DATA,MOTOR_BREAKIN_V3,000001,41557,510,512,0.104,0.070,3.455,0.279,3.176,48,FWD,RUN,0.087,0.276,0.061,0.529,0.385,0.113,3.399,52,0.325,540,2.639,21.6
DATA,MOTOR_BREAKIN_V3,000001,41657,511,512,0.078,0.070,3.510,0.418,3.092,48,FWD,RUN,0.074,0.228,0.061,0.585,0.385,0.113,3.399,52,0.325,540,2.639,21.6
DATA,MOTOR_BREAKIN_V3,000001,41757,512,513,0.051,0.000,3.761,0.111,3.650,48,FWD,RUN,0.026,0.093,0.075,0.557,0.385,0.113,3.399,52,0.325,540,2.639,21.6
DATA,MOTOR_BREAKIN_V3,000001,41857,510,512,0.104,0.070,3.482,0.279,3.204,48,FWD,RUN,0.087,0.279,0.075,0.641,0.385,0.113,3.399,52,0.325,540,2.639,21.6
DATA,MOTOR_BREAKIN_V3,000001,41957,510,512,0.104,0.070,3.538,0.195,3.343,48,FWD,RUN,0.087,0.291,0.061,0.724,0.385,0.113,3.399,52,0.325,540,2.639,21.6
DATA,MOTOR_BREAKIN_V3,000001,42057,510,512,0.104,0.070,3.594,0.195,3.399,48,FWD,RUN,0.087,0.296,0.061,0.641,0.385,0.113,3.399,52,0.325,540,2.639,21.6
DATA,MOTOR_BREAKIN_V3,000001,42157,511,513,0.078,0.000,3.650,0.084,3.566,48,FWD,RUN,0.039,0.138,0.087,0.641,0.385,0.113,3.399,52,0.325,540,2.639,21.6
DATA,MOTOR_BREAKIN_V3,000001,42257,510,514,0.104,0.000,3.705,0.195,3.510,48,FWD,RUN,0.052,0.182,0.087,0.641,0.385,0.113,3.399,52,0.325,540,2.639,21.6
DATA,MOTOR_BREAKIN_V3,000001,42357,510,513,0.104,0.000,3.399,0.251,3.148,48,FWD,RUN,0.052,0.164,0.061,0.446,0.385,0.113,3.399,52,0.325,540,2.639,21.6
DATA,MOTOR_BREAKIN_V3,000001,42456,509,512,0.130,0.070,3.566,0.306,3.260,48,FWD,RUN,0.100,0.326,0.075,0.585,0.385,0.113,3.399,52,0.325,540,2.639,21.6
DATA,MOTOR_BREAKIN_V3,000001,42557,510,513,0.104,0.000,3.566,0.446,3.120,48,FWD,RUN,0.052,0.162,0.075,0.641,0.385,0.113,3.399,52,0.325,540,2.639,21.6
DATA,MOTOR_BREAKIN_V3,000001,42657,510,513,0.104,0.000,3.510,0.613,2.897,48,FWD,RUN,0.052,0.151,0.061,0.864,0.385,0.113,3.399,52,0.325,540,2.639,21.6
DATA,MOTOR_BREAKIN_V3,000001,42757,511,512,0.078,0.070,3.761,0.223,3.538,48,FWD,RUN,0.074,0.261,0.061,0.891,0.385,0.113,3.399,52,0.325,540,2.639,21.6
DATA,MOTOR_BREAKIN_V3,000001,42857,511,512,0.078,0.070,3.566,0.223,3.343,48,FWD,RUN,0.074,0.247,0.061,0.780,0.385,0.113,3.399,52,0.325,540,2.639,21.6
DATA,MOTOR_BREAKIN_V3,000001,42957,511,513,0.078,0.000,3.455,0.334,3.120,48,FWD,RUN,0.039,0.121,0.061,0.947,0.385,0.113,3.399,52,0.325,540,2.639,21.6
DATA,MOTOR_BREAKIN_V3,000001,43057,511,513,0.078,0.000,3.705,0.306,3.399,48,FWD,RUN,0.039,0.132,0.048,0.919,0.385,0.113,3.399,52,0.325,540,2.639,21.6
DATA,MOTOR_BREAKIN_V3,000001,43157,510,512,0.104,0.070,3.482,0.279,3.204,48,FWD,RUN,0.087,0.279,0.048,1.114,0.385,0.113,3.399,52,0.325,540,2.639,21.6
DATA,MOTOR_BREAKIN_V3,000001,43257,511,513,0.078,0.000,3.510,0.279,3.232,48,FWD,RUN,0.039,0.125,0.048,0.724,0.385,0.113,3.399,52,0.325,540,2.639,21.6
DATA,MOTOR_BREAKIN_V3,000001,43357,510,512,0.104,0.070,3.538,0.362,3.176,48,FWD,RUN,0.087,0.276,0.075,0.279,0.385,0.113,3.399,52,0.325,539,2.634,21.6
DATA,MOTOR_BREAKIN_V3,000001,43457,510,510,0.104,0.123,3.566,0.306,3.260,48,FWD,RUN,0.113,0.370,0.088,0.752,0.385,0.113,3.399,52,0.325,540,2.639,21.6
DATA,MOTOR_BREAKIN_V3,000001,43557,510,512,0.104,0.070,3.427,0.474,2.953,48,FWD,RUN,0.087,0.257,0.088,0.864,0.385,0.113,3.399,52,0.325,540,2.639,21.6
DATA,MOTOR_BREAKIN_V3,000001,43657,512,513,0.051,0.000,3.761,0.167,3.594,48,FWD,RUN,0.026,0.092,0.075,0.864,0.385,0.113,3.399,52,0.325,540,2.639,21.6
DATA,MOTOR_BREAKIN_V3,000001,43757,510,513,0.104,0.000,3.510,0.334,3.176,48,FWD,RUN,0.052,0.165,0.075,0.529,0.385,0.113,3.399,52,0.325,540,2.639,21.6
DATA,MOTOR_BREAKIN_V3,000001,43857,511,512,0.078,0.070,3.733,0.223,3.510,48,FWD,RUN,0.074,0.259,0.048,0.446,0.385,0.113,3.399,52,0.325,539,2.634,21.6
DATA,MOTOR_BREAKIN_V3,000001,43957,511,512,0.078,0.070,3.510,0.279,3.232,48,FWD,RUN,0.074,0.238,0.035,0.474,0.385,0.113,3.399,52,0.325,540,2.639,21.6
DATA,MOTOR_BREAKIN_V3,000001,44057,510,511,0.104,0.096,3.761,0.084,3.677,48,FWD,RUN,0.100,0.368,0.048,0.529,0.385,0.113,3.399,52,0.325,540,2.639,21.6
DATA,MOTOR_BREAKIN_V3,000001,44157,510,513,0.104,0.000,3.399,0.334,3.065,48,FWD,RUN,0.052,0.159,0.061,0.613,0.385,0.113,3.399,52,0.325,540,2.639,21.6
DATA,MOTOR_BREAKIN_V3,000001,44257,510,511,0.104,0.096,3.482,0.306,3.176,48,FWD,RUN,0.100,0.318,0.061,0.362,0.385,0.113,3.399,52,0.325,540,2.639,21.6
DATA,MOTOR_BREAKIN_V3,000001,44357,510,512,0.104,0.070,3.510,0.279,3.232,48,FWD,RUN,0.087,0.281,0.026,0.390,0.385,0.113,3.399,52,0.325,540,2.639,21.6
DATA,MOTOR_BREAKIN_V3,000001,44457,511,512,0.078,0.070,3.845,0.306,3.538,48,FWD,RUN,0.074,0.261,0.100,0.696,0.385,0.113,3.399,52,0.325,540,2.639,21.6
DATA,MOTOR_BREAKIN_V3,000001,44557,511,513,0.078,0.000,3.538,0.362,3.176,48,FWD,RUN,0.039,0.123,0.087,0.585,0.385,0.113,3.399,52,0.325,540,2.639,21.6
DATA,MOTOR_BREAKIN_V3,000001,44657,512,512,0.051,0.070,3.817,0.139,3.677,48,FWD,RUN,0.061,0.223,0.075,0.641,0.385,0.113,3.399,52,0.325,540,2.639,21.6
DATA,MOTOR_BREAKIN_V3,000001,44757,510,513,0.104,0.000,3.455,0.306,3.148,48,FWD,RUN,0.052,0.164,0.075,0.669,0.385,0.113,3.399,52,0.325,540,2.639,21.6
DATA,MOTOR_BREAKIN_V3,000001,44857,511,512,0.078,0.070,3.343,0.251,3.092,48,FWD,RUN,0.074,0.228,0.035,0.641,0.385,0.113,3.399,52,0.325,540,2.639,21.6
DATA,MOTOR_BREAKIN_V3,000001,44957,510,512,0.104,0.070,3.594,0.306,3.287,48,FWD,RUN,0.087,0.286,0.061,0.585,0.385,0.113,3.399,52,0.325,540,2.639,21.6
DATA,MOTOR_BREAKIN_V3,000001,45057,510,512,0.104,0.070,3.455,0.501,2.953,48,FWD,RUN,0.087,0.257,0.061,0.724,0.385,0.113,3.399,52,0.325,540,2.639,21.6
DATA,MOTOR_BREAKIN_V3,000001,45157,511,512,0.078,0.070,3.622,0.334,3.287,48,FWD,RUN,0.074,0.242,0.075,0.724,0.385,0.113,3.399,52,0.325,540,2.639,21.6
DATA,MOTOR_BREAKIN_V3,000001,45257,511,512,0.078,0.070,3.482,0.279,3.204,48,FWD,RUN,0.074,0.236,0.061,0.613,0.385,0.113,3.399,52,0.325,540,2.639,21.6
DATA,MOTOR_BREAKIN_V3,000001,45357,511,512,0.078,0.070,3.510,0.223,3.287,48,FWD,RUN,0.074,0.242,0.026,0.557,0.385,0.113,3.399,52,0.325,540,2.639,21.6
DATA,MOTOR_BREAKIN_V3,000001,45457,510,511,0.104,0.096,3.566,0.306,3.260,48,FWD,RUN,0.100,0.326,0.040,0.585,0.385,0.113,3.399,52,0.325,540,2.639,21.6
DATA,MOTOR_BREAKIN_V3,000001,45557,510,512,0.104,0.070,3.482,0.334,3.148,48,FWD,RUN,0.087,0.274,0.040,0.585,0.385,0.113,3.399,52,0.325,540,2.639,21.6
DATA,MOTOR_BREAKIN_V3,000001,45656,510,513,0.104,0.000,3.733,0.223,3.510,48,FWD,RUN,0.052,0.182,0.061,0.808,0.385,0.113,3.399,52,0.325,540,2.639,21.6
DATA,MOTOR_BREAKIN_V3,000001,45757,510,512,0.104,0.070,3.482,0.279,3.204,48,FWD,RUN,0.087,0.279,0.075,0.752,0.385,0.113,3.399,52,0.325,540,2.639,21.6
DATA,MOTOR_BREAKIN_V3,000001,45857,511,513,0.078,0.000,3.510,0.279,3.232,48,FWD,RUN,0.039,0.125,0.061,0.529,0.385,0.113,3.399,52,0.325,540,2.639,21.6
DATA,MOTOR_BREAKIN_V3,000001,45957,510,511,0.104,0.096,3.622,0.251,3.371,48,FWD,RUN,0.100,0.338,0.061,0.752,0.385,0.113,3.399,52,0.325,540,2.639,21.6
DATA,MOTOR_BREAKIN_V3,000001,46057,510,513,0.104,0.000,3.538,0.139,3.399,48,FWD,RUN,0.052,0.177,0.075,0.752,0.385,0.113,3.399,52,0.325,540,2.639,21.6
DATA,MOTOR_BREAKIN_V3,000001,46157,512,513,0.051,0.000,3.872,0.084,3.789,48,FWD,RUN,0.026,0.097,0.075,0.585,0.385,0.113,3.399,52,0.325,540,2.639,21.6
DATA,MOTOR_BREAKIN_V3,000001,46257,510,512,0.104,0.070,3.427,0.223,3.204,48,FWD,RUN,0.087,0.279,0.075,0.641,0.385,0.113,3.399,52,0.325,540,2.639,21.6
DATA,MOTOR_BREAKIN_V3,000001,46357,510,512,0.104,0.070,3.594,0.251,3.343,48,FWD,RUN,0.087,0.291,0.061,0.613,0.385,0.113,3.399,52,0.325,540,2.639,21.6
DATA,MOTOR_BREAKIN_V3,000001,46457,510,512,0.104,0.070,3.594,0.251,3.343,48,FWD,RUN,0.087,0.291,0.061,0.613,0.385,0.113,3.399,52,0.325,539,2.634,21.6
DATA,MOTOR_BREAKIN_V3,000001,46557,510,513,0.104,0.000,3.677,0.251,3.427,48,FWD,RUN,0.052,0.178,0.061,0.641,0.385,0.113,3.399,52,0.325,539,2.634,21.6
DATA,MOTOR_BREAKIN_V3,000001,46657,510,512,0.104,0.070,3.538,0.279,3.260,48,FWD,RUN,0.087,0.283,0.061,0.669,0.385,0.113,3.399,52,0.325,540,2.639,21.6
DATA,MOTOR_BREAKIN_V3,000001,46757,510,511,0.104,0.096,3.482,0.306,3.176,48,FWD,RUN,0.100,0.318,0.075,0.446,0.385,0.113,3.399,52,0.325,540,2.639,21.6
DATA,MOTOR_BREAKIN_V3,000001,46857,510,513,0.104,0.000,3.482,0.334,3.148,48,FWD,RUN,0.052,0.164,0.061,0.390,0.385,0.113,3.399,52,0.325,540,2.639,21.6
DATA,MOTOR_BREAKIN_V3,000001,46957,513,513,0.000,0.000,3.872,0.056,3.817,48,FWD,RUN,0.000,0.000,0.087,0.864,0.385,0.113,3.399,52,0.325,540,2.639,21.6
DATA,MOTOR_BREAKIN_V3,000001,47057,511,512,0.078,0.070,3.482,0.334,3.148,48,FWD,RUN,0.074,0.232,0.087,0.919,0.385,0.113,3.399,52,0.325,540,2.639,21.6
DATA,MOTOR_BREAKIN_V3,000001,47157,510,512,0.104,0.070,3.566,0.306,3.260,48,FWD,RUN,0.087,0.283,0.048,0.808,0.385,0.113,3.399,52,0.325,540,2.639,21.6
DATA,MOTOR_BREAKIN_V3,000001,47257,510,512,0.104,0.070,3.594,0.223,3.371,48,FWD,RUN,0.087,0.293,0.048,0.641,0.385,0.113,3.399,52,0.325,540,2.639,21.6
DATA,MOTOR_BREAKIN_V3,000001,47357,510,513,0.104,0.000,3.427,0.669,2.758,48,FWD,RUN,0.052,0.143,0.088,1.031,0.385,0.113,3.399,52,0.325,540,2.639,21.6
DATA,MOTOR_BREAKIN_V3,000001,47457,511,512,0.078,0.070,3.733,0.139,3.594,48,FWD,RUN,0.074,0.265,0.088,0.947,0.385,0.113,3.399,52,0.325,540,2.639,21.6
DATA,MOTOR_BREAKIN_V3,000001,47557,511,513,0.078,0.000,3.482,0.334,3.148,48,FWD,RUN,0.039,0.122,0.035,0.585,0.385,0.113,3.399,52,0.325,540,2.639,21.6
DATA,MOTOR_BREAKIN_V3,000001,47657,510,512,0.104,0.070,3.594,0.334,3.260,48,FWD,RUN,0.087,0.283,0.048,0.613,0.385,0.113,3.399,52,0.325,540,2.639,21.6
DATA,MOTOR_BREAKIN_V3,000001,47757,510,512,0.104,0.070,3.566,0.362,3.204,48,FWD,RUN,0.087,0.279,0.061,0.613,0.385,0.113,3.399,52,0.325,540,2.639,21.6
DATA,MOTOR_BREAKIN_V3,000001,47857,510,512,0.104,0.070,3.510,0.306,3.204,48,FWD,RUN,0.087,0.279,0.075,0.585,0.385,0.113,3.399,52,0.325,540,2.639,21.6
DATA,MOTOR_BREAKIN_V3,000001,47957,511,512,0.078,0.070,3.510,0.251,3.260,48,FWD,RUN,0.074,0.240,0.061,0.585,0.385,0.113,3.399,52,0.325,540,2.639,21.6
DATA,MOTOR_BREAKIN_V3,000001,48057,510,513,0.104,0.000,3.427,0.195,3.232,48,FWD,RUN,0.052,0.168,0.035,0.446,0.385,0.113,3.399,52,0.325,540,2.639,21.6
DATA,MOTOR_BREAKIN_V3,000001,48157,510,511,0.104,0.096,3.566,0.306,3.260,48,FWD,RUN,0.100,0.326,0.048,0.585,0.385,0.113,3.399,52,0.325,540,2.639,21.6
DATA,MOTOR_BREAKIN_V3,000001,48257,510,512,0.104,0.070,3.427,0.418,3.009,48,FWD,RUN,0.087,0.262,0.075,0.752,0.385,0.113,3.399,52,0.325,540,2.639,21.6
DATA,MOTOR_BREAKIN_V3,000001,48357,511,512,0.078,0.070,3.761,0.000,3.761,48,FWD,RUN,0.074,0.277,0.075,0.752,0.385,0.113,3.399,52,0.325,540,2.639,21.6
DATA,MOTOR_BREAKIN_V3,000001,48457,510,512,0.104,0.070,3.510,0.223,3.287,48,FWD,RUN,0.087,0.286,0.075,0.641,0.385,0.113,3.399,52,0.325,540,2.639,21.6
DATA,MOTOR_BREAKIN_V3,000001,48557,511,512,0.078,0.070,3.733,0.223,3.510,48,FWD,RUN,0.074,0.259,0.075,0.724,0.385,0.113,3.399,52,0.325,540,2.639,21.6
DATA,MOTOR_BREAKIN_V3,000001,48657,511,512,0.078,0.070,3.817,0.000,3.817,48,FWD,RUN,0.074,0.281,0.048,0.864,0.385,0.113,3.399,52,0.325,540,2.639,21.6
DATA,MOTOR_BREAKIN_V3,000001,48757,511,512,0.078,0.070,3.622,0.223,3.399,48,FWD,RUN,0.074,0.251,0.048,0.724,0.385,0.113,3.399,52,0.325,540,2.639,21.6
DATA,MOTOR_BREAKIN_V3,000001,48856,510,510,0.104,0.123,3.566,0.334,3.232,48,FWD,RUN,0.113,0.366,0.088,0.446,0.385,0.113,3.399,52,0.325,540,2.639,21.5
DATA,MOTOR_BREAKIN_V3,000001,48957,510,512,0.104,0.070,3.510,0.334,3.176,48,FWD,RUN,0.087,0.276,0.088,0.529,0.385,0.113,3.399,52,0.325,540,2.639,21.6
DATA,MOTOR_BREAKIN_V3,000001,49057,510,512,0.104,0.070,3.510,0.362,3.148,48,FWD,RUN,0.087,0.274,0.048,0.696,0.385,0.113,3.399,52,0.325,540,2.639,21.6
DATA,MOTOR_BREAKIN_V3,000001,49157,512,512,0.051,0.070,3.789,0.111,3.677,48,FWD,RUN,0.061,0.223,0.048,0.808,0.385,0.113,3.399,52,0.325,540,2.639,21.6
DATA,MOTOR_BREAKIN_V3,000001,49257,512,513,0.051,0.000,3.538,0.223,3.315,48,FWD,RUN,0.026,0.085,0.061,0.808,0.385,0.113,3.399,52,0.325,540,2.639,21.6
DATA,MOTOR_BREAKIN_V3,000001,49357,510,511,0.104,0.096,3.427,0.334,3.092,48,FWD,RUN,0.100,0.310,0.075,0.696,0.385,0.113,3.399,52,0.325,540,2.639,21.6
DATA,MOTOR_BREAKIN_V3,000001,49457,510,512,0.104,0.070,3.538,0.306,3.232,48,FWD,RUN,0.087,0.281,0.075,0.669,0.385,0.113,3.399,52,0.325,540,2.639,21.6
DATA,MOTOR_BREAKIN_V3,000001,49557,510,511,0.104,0.096,3.594,0.334,3.260,48,FWD,RUN,0.100,0.326,0.075,0.696,0.385,0.113,3.399,52,0.325,540,2.639,21.6
DATA,MOTOR_BREAKIN_V3,000001,49657,512,512,0.051,0.070,3.677,0.167,3.510,48,FWD,RUN,0.061,0.212,0.075,0.752,0.385,0.113,3.399,52,0.325,540,2.639,21.6
DATA,MOTOR_BREAKIN_V3,000001,49757,510,512,0.104,0.070,3.455,0.279,3.176,48,FWD,RUN,0.087,0.276,0.061,0.501,0.385,0.113,3.399,52,0.325,540,2.639,21.6
DATA,MOTOR_BREAKIN_V3,000001,49857,510,512,0.104,0.070,3.482,0.251,3.232,48,FWD,RUN,0.087,0.281,0.061,0.613,0.385,0.113,3.399,52,0.325,540,2.639,21.6
DATA,MOTOR_BREAKIN_V3,000001,49957,510,512,0.104,0.070,3.455,0.474,2.981,48,FWD,RUN,0.087,0.259,0.061,0.724,0.385,0.113,3.399,52,0.325,540,2.639,21.5
DATA,MOTOR_BREAKIN_V3,000001,50057,511,512,0.078,0.070,3.594,0.390,3.204,48,FWD,RUN,0.074,0.236,0.061,0.696,0.385,0.113,3.399,52,0.325,540,2.639,21.6
DATA,MOTOR_BREAKIN_V3,000001,50157,512,512,0.051,0.070,3.789,0.111,3.677,48,FWD,RUN,0.061,0.223,0.061,0.585,0.385,0.113,3.399,52,0.325,540,2.639,21.5
DATA,MOTOR_BREAKIN_V3,000001,50257,510,512,0.104,0.070,3.482,0.195,3.287,48,FWD,RUN,0.087,0.286,0.061,0.585,0.385,0.113,3.399,52,0.325,540,2.639,21.6
DATA,MOTOR_BREAKIN_V3,000001,50357,510,512,0.104,0.070,3.510,0.251,3.260,48,FWD,RUN,0.087,0.283,0.061,0.390,0.385,0.113,3.399,52,0.325,540,2.639,21.5
DATA,MOTOR_BREAKIN_V3,000001,50457,512,511,0.051,0.096,3.538,0.223,3.315,48,FWD,RUN,0.074,0.244,0.048,0.418,0.385,0.113,3.399,52,0.325,540,2.639,21.6
DATA,MOTOR_BREAKIN_V3,000001,50557,511,513,0.078,0.000,3.482,0.167,3.315,48,FWD,RUN,0.039,0.129,0.061,0.418,0.385,0.113,3.399,52,0.325,540,2.639,21.6
DATA,MOTOR_BREAKIN_V3,000001,50657,511,511,0.078,0.096,3.510,0.362,3.148,48,FWD,RUN,0.087,0.274,0.061,0.418,0.385,0.113,3.399,52,0.325,540,2.639,21.5
DATA,MOTOR_BREAKIN_V3,000001,50757,510,512,0.104,0.070,3.399,0.306,3.092,48,FWD,RUN,0.087,0.269,0.061,0.390,0.385,0.113,3.399,52,0.325,540,2.639,21.6
DATA,MOTOR_BREAKIN_V3,000001,50857,510,513,0.104,0.000,3.566,0.334,3.232,48,FWD,RUN,0.052,0.168,0.075,0.390,0.385,0.113,3.399,52,0.325,540,2.639,21.5
DATA,MOTOR_BREAKIN_V3,000001,50957,510,512,0.104,0.070,3.566,0.418,3.148,48,FWD,RUN,0.087,0.274,0.075,0.418,0.385,0.113,3.399,52,0.325,540,2.639,21.6
DATA,MOTOR_BREAKIN_V3,000001,51057,510,511,0.104,0.096,3.622,0.279,3.343,48,FWD,RUN,0.100,0.335,0.061,0.306,0.385,0.113,3.399,52,0.325,540,2.639,21.5
DATA,MOTOR_BREAKIN_V3,000001,51157,510,512,0.104,0.070,3.594,0.251,3.343,48,FWD,RUN,0.087,0.291,0.075,0.390,0.385,0.113,3.399,52,0.325,540,2.639,21.5
DATA,MOTOR_BREAKIN_V3,000001,51257,512,512,0.051,0.070,3.789,0.167,3.622,48,FWD,RUN,0.061,0.219,0.075,0.947,0.385,0.113,3.399,52,0.325,540,2.639,21.5
DATA,MOTOR_BREAKIN_V3,000001,51357,510,512,0.104,0.070,3.455,0.306,3.148,48,FWD,RUN,0.087,0.274,0.075,0.947,0.385,0.113,3.399,52,0.325,540,2.639,21.5
DATA,MOTOR_BREAKIN_V3,000001,51457,511,512,0.078,0.070,3.455,0.279,3.176,48,FWD,RUN,0.074,0.234,0.061,0.334,0.385,0.113,3.399,52,0.325,540,2.639,21.5
DATA,MOTOR_BREAKIN_V3,000001,51557,510,511,0.104,0.096,3.594,0.251,3.343,48,FWD,RUN,0.100,0.335,0.061,0.251,0.385,0.113,3.399,52,0.325,540,2.639,21.5
DATA,MOTOR_BREAKIN_V3,000001,51657,511,512,0.078,0.070,3.510,0.223,3.287,48,FWD,RUN,0.074,0.242,0.048,0.279,0.385,0.113,3.399,52,0.325,540,2.639,21.6
DATA,MOTOR_BREAKIN_V3,000001,51757,510,512,0.104,0.070,3.482,0.334,3.148,48,FWD,RUN,0.087,0.274,0.061,0.362,0.385,0.113,3.399,52,0.325,540,2.639,21.6
DATA,MOTOR_BREAKIN_V3,000001,51857,511,513,0.078,0.000,3.845,0.000,3.845,48,FWD,RUN,0.039,0.149,0.075,0.752,0.385,0.113,3.399,52,0.325,540,2.639,21.5
DATA,MOTOR_BREAKIN_V3,000001,51957,510,512,0.104,0.070,3.566,0.390,3.176,48,FWD,RUN,0.087,0.276,0.075,0.724,0.385,0.113,3.399,52,0.325,540,2.639,21.5
DATA,MOTOR_BREAKIN_V3,000001,52056,511,513,0.078,0.000,3.761,0.000,3.761,48,FWD,RUN,0.039,0.146,0.075,0.752,0.385,0.113,3.399,52,0.325,540,2.639,21.5
DATA,MOTOR_BREAKIN_V3,000001,52157,511,513,0.078,0.000,3.733,0.167,3.566,48,FWD,RUN,0.039,0.138,0.075,0.752,0.385,0.113,3.399,52,0.325,540,2.639,21.5
DATA,MOTOR_BREAKIN_V3,000001,52257,510,511,0.104,0.096,3.455,0.223,3.232,48,FWD,RUN,0.100,0.324,0.061,0.362,0.385,0.113,3.399,52,0.325,540,2.639,21.5
DATA,MOTOR_BREAKIN_V3,000001,52357,510,512,0.104,0.070,3.594,0.279,3.315,48,FWD,RUN,0.087,0.288,0.075,0.474,0.385,0.113,3.399,52,0.325,540,2.639,21.5
DATA,MOTOR_BREAKIN_V3,000001,52457,511,512,0.078,0.070,3.510,0.251,3.260,48,FWD,RUN,0.074,0.240,0.075,0.501,0.385,0.113,3.399,52,0.325,540,2.639,21.5
DATA,MOTOR_BREAKIN_V3,000001,52557,510,512,0.104,0.070,3.622,0.251,3.371,48,FWD,RUN,0.087,0.293,0.061,0.279,0.385,0.113,3.399,52,0.325,540,2.639,21.5
DATA,MOTOR_BREAKIN_V3,000001,52657,511,513,0.078,0.000,3.650,0.000,3.650,48,FWD,RUN,0.039,0.142,0.048,0.446,0.385,0.113,3.399,52,0.325,540,2.639,21.5
DATA,MOTOR_BREAKIN_V3,000001,52757,511,511,0.078,0.096,3.455,0.139,3.315,48,FWD,RUN,0.087,0.288,0.048,0.557,0.385,0.113,3.399,52,0.325,540,2.639,21.6
DATA,MOTOR_BREAKIN_V3,000001,52857,510,511,0.104,0.096,3.566,0.306,3.260,48,FWD,RUN,0.100,0.326,0.075,0.557,0.385,0.113,3.399,52,0.325,540,2.639,21.5
DATA,MOTOR_BREAKIN_V3,000001,52957,510,512,0.104,0.070,3.482,0.334,3.148,48,FWD,RUN,0.087,0.274,0.075,0.529,0.385,0.113,3.399,52,0.325,540,2.639,21.5
DATA,MOTOR_BREAKIN_V3,000001,53057,510,513,0.104,0.000,3.705,0.223,3.482,48,FWD,RUN,0.052,0.181,0.048,0.501,0.385,0.113,3.399,52,0.325,540,2.639,21.5
DATA,MOTOR_BREAKIN_V3,000001,53157,510,512,0.104,0.070,3.510,0.195,3.315,48,FWD,RUN,0.087,0.288,0.048,0.557,0.385,0.113,3.399,52,0.325,540,2.639,21.6
DATA,MOTOR_BREAKIN_V3,000001,53257,511,513,0.078,0.000,3.510,0.251,3.260,48,FWD,RUN,0.039,0.126,0.075,0.557,0.385,0.113,3.399,52,0.325,540,2.639,21.5
DATA,MOTOR_BREAKIN_V3,000001,53357,509,511,0.130,0.096,3.455,0.251,3.204,48,FWD,RUN,0.113,0.363,0.088,0.529,0.385,0.113,3.399,52,0.325,540,2.639,21.6
DATA,MOTOR_BREAKIN_V3,000001,53457,510,511,0.104,0.096,3.594,0.251,3.343,48,FWD,RUN,0.100,0.335,0.088,0.585,0.385,0.113,3.399,52,0.325,540,2.639,21.5
DATA,MOTOR_BREAKIN_V3,000001,53557,510,511,0.104,0.096,3.594,0.362,3.232,48,FWD,RUN,0.100,0.324,0.075,0.585,0.385,0.113,3.399,52,0.325,540,2.639,21.5
DATA,MOTOR_BREAKIN_V3,000001,53657,510,512,0.104,0.070,3.650,0.334,3.315,48,FWD,RUN,0.087,0.288,0.061,0.613,0.385,0.113,3.399,52,0.325,540,2.639,21.5
DATA,MOTOR_BREAKIN_V3,000001,53757,510,512,0.104,0.070,3.622,0.306,3.315,48,FWD,RUN,0.087,0.288,0.061,0.641,0.385,0.113,3.399,52,0.325,540,2.639,21.5
DATA,MOTOR_BREAKIN_V3,000001,53857,510,512,0.104,0.070,3.538,0.279,3.260,48,FWD,RUN,0.087,0.283,0.061,0.501,0.385,0.113,3.399,52,0.325,540,2.639,21.5
DATA,MOTOR_BREAKIN_V3,000001,53957,511,512,0.078,0.070,3.482,0.306,3.176,48,FWD,RUN,0.074,0.234,0.048,0.474,0.385,0.113,3.399,52,0.325,540,2.639,21.5
DATA,MOTOR_BREAKIN_V3,000001,54057,511,511,0.078,0.096,3.650,0.279,3.371,48,FWD,RUN,0.087,0.293,0.061,0.501,0.385,0.113,3.399,52,0.325,540,2.639,21.5
DATA,MOTOR_BREAKIN_V3,000001,54157,510,511,0.104,0.096,3.538,0.279,3.260,48,FWD,RUN,0.100,0.326,0.075,0.669,0.385,0.113,3.399,52,0.325,540,2.639,21.5
DATA,MOTOR_BREAKIN_V3,000001,54257,512,513,0.051,0.000,3.817,0.084,3.733,48,FWD,RUN,0.026,0.095,0.075,0.641,0.385,0.113,3.399,52,0.325,540,2.639,21.5
DATA,MOTOR_BREAKIN_V3,000001,54357,511,513,0.078,0.000,3.705,0.251,3.455,48,FWD,RUN,0.039,0.134,0.061,0.613,0.385,0.113,3.399,52,0.325,540,2.639,21.5
DATA,MOTOR_BREAKIN_V3,000001,54457,510,512,0.104,0.070,3.650,0.223,3.427,48,FWD,RUN,0.087,0.298,0.061,0.529,0.385,0.113,3.399,52,0.325,540,2.639,21.5
DATA,MOTOR_BREAKIN_V3,000001,54557,511,513,0.078,0.000,3.594,0.362,3.232,48,FWD,RUN,0.039,0.125,0.075,0.251,0.385,0.113,3.399,52,0.325,540,2.639,21.5
DATA,MOTOR_BREAKIN_V3,000001,54657,513,513,0.000,0.000,4.095,0.000,4.095,48,FWD,RUN,0.000,0.000,0.100,0.919,0.385,0.113,3.399,52,0.325,540,2.639,21.5
DATA,MOTOR_BREAKIN_V3,000001,54757,510,513,0.104,0.000,3.482,0.195,3.287,48,FWD,RUN,0.052,0.171,0.100,0.919,0.385,0.113,3.399,52,0.325,540,2.639,21.5
DATA,MOTOR_BREAKIN_V3,000001,54857,510,512,0.104,0.070,3.594,0.056,3.538,48,FWD,RUN,0.087,0.308,0.088,0.808,0.385,0.113,3.399,52,0.325,540,2.639,21.5
DATA,MOTOR_BREAKIN_V3,000001,54957,510,512,0.104,0.070,3.594,0.334,3.260,48,FWD,RUN,0.087,0.283,0.075,0.585,0.385,0.113,3.399,52,0.325,540,2.639,21.5
DATA,MOTOR_BREAKIN_V3,000001,55057,511,512,0.078,0.070,3.455,0.306,3.148,48,FWD,RUN,0.074,0.232,0.061,0.669,0.385,0.113,3.399,52,0.325,540,2.639,21.5
DATA,MOTOR_BREAKIN_V3,000001,55157,511,513,0.078,0.000,3.761,0.111,3.650,48,FWD,RUN,0.039,0.142,0.061,0.669,0.385,0.113,3.399,52,0.325,540,2.639,21.5
DATA,MOTOR_BREAKIN_V3,000001,55256,509,512,0.130,0.070,3.482,0.334,3.148,48,FWD,RUN,0.100,0.315,0.061,0.641,0.385,0.113,3.399,52,0.325,540,2.639,21.5
DATA,MOTOR_BREAKIN_V3,000001,55357,510,512,0.104,0.070,3.622,0.306,3.315,48,FWD,RUN,0.087,0.288,0.075,0.641,0.385,0.113,3.399,52,0.325,540,2.639,21.5
DATA,MOTOR_BREAKIN_V3,000001,55457,511,512,0.078,0.070,3.594,0.334,3.260,48,FWD,RUN,0.074,0.240,0.061,0.808,0.385,0.113,3.399,52,0.325,540,2.639,21.4
DATA,MOTOR_BREAKIN_V3,000001,55557,511,512,0.078,0.070,3.566,0.223,3.343,48,FWD,RUN,0.074,0.247,0.087,0.724,0.385,0.113,3.399,52,0.325,540,2.639,21.5
DATA,MOTOR_BREAKIN_V3,000001,55657,512,512,0.051,0.070,3.482,0.306,3.176,48,FWD,RUN,0.061,0.192,0.087,0.669,0.385,0.113,3.399,52,0.325,540,2.639,21.5
DATA,MOTOR_BREAKIN_V3,000001,55757,510,512,0.104,0.070,3.566,0.223,3.343,48,FWD,RUN,0.087,0.291,0.061,0.613,0.385,0.113,3.399,52,0.325,540,2.639,21.5
DATA,MOTOR_BREAKIN_V3,000001,55857,510,512,0.104,0.070,3.455,0.251,3.204,48,FWD,RUN,0.087,0.279,0.061,0.557,0.385,0.113,3.399,52,0.325,540,2.639,21.4
DATA,MOTOR_BREAKIN_V3,000001,55957,510,512,0.104,0.070,3.622,0.279,3.343,48,FWD,RUN,0.087,0.291,0.061,0.696,0.385,0.113,3.399,52,0.325,540,2.639,21.4
DATA,MOTOR_BREAKIN_V3,000001,56057,511,511,0.078,0.096,3.538,0.362,3.176,48,FWD,RUN,0.087,0.276,0.061,0.724,0.385,0.113,3.399,52,0.325,540,2.639,21.5
DATA,MOTOR_BREAKIN_V3,000001,56157,510,512,0.104,0.070,3.455,0.306,3.148,48,FWD,RUN,0.087,0.274,0.061,0.696,0.385,0.113,3.399,52,0.325,540,2.639,21.4
DATA,MOTOR_BREAKIN_V3,000001,56257,511,512,0.078,0.070,3.538,0.279,3.260,48,FWD,RUN,0.074,0.240,0.061,0.752,0.385,0.113,3.399,52,0.325,540,2.639,21.5
DATA,MOTOR_BREAKIN_V3,000001,56357,511,513,0.078,0.000,3.872,0.000,3.872,48,FWD,RUN,0.039,0.150,0.048,0.780,0.385,0.113,3.399,52,0.325,540,2.639,21.5
DATA,MOTOR_BREAKIN_V3,000001,56457,510,511,0.104,0.096,3.510,0.251,3.260,48,FWD,RUN,0.100,0.326,0.075,0.724,0.385,0.113,3.399,52,0.325,540,2.639,21.4
DATA,MOTOR_BREAKIN_V3,000001,56557,510,513,0.104,0.000,3.761,0.279,3.482,48,FWD,RUN,0.052,0.181,0.075,0.641,0.385,0.113,3.399,52,0.325,540,2.639,21.4
DATA,MOTOR_BREAKIN_V3,000001,56657,511,511,0.078,0.096,3.510,0.279,3.232,48,FWD,RUN,0.087,0.281,0.075,0.362,0.385,0.113,3.399,52,0.325,540,2.639,21.4
DATA,MOTOR_BREAKIN_V3,000001,56757,511,513,0.078,0.000,3.817,0.084,3.733,48,FWD,RUN,0.039,0.145,0.061,0.669,0.385,0.113,3.399,52,0.325,540,2.639,21.4
DATA,MOTOR_BREAKIN_V3,000001,56857,510,513,0.104,0.000,3.482,0.306,3.176,48,FWD,RUN,0.052,0.165,0.048,0.669,0.385,0.113,3.399,52,0.325,540,2.639,21.4
DATA,MOTOR_BREAKIN_V3,000001,56957,510,512,0.104,0.070,3.427,0.390,3.037,48,FWD,RUN,0.087,0.264,0.048,0.696,0.385,0.113,3.399,52,0.325,540,2.639,21.4
DATA,MOTOR_BREAKIN_V3,000001,57057,510,512,0.104,0.070,3.622,0.223,3.399,48,FWD,RUN,0.087,0.296,0.048,0.501,0.385,0.113,3.399,52,0.325,540,2.639,21.4
DATA,MOTOR_BREAKIN_V3,000001,57157,512,513,0.051,0.000,3.928,0.000,3.928,48,FWD,RUN,0.026,0.100,0.075,0.808,0.385,0.113,3.399,52,0.325,540,2.639,21.4
DATA,MOTOR_BREAKIN_V3,000001,57257,511,512,0.078,0.070,3.622,0.139,3.482,48,FWD,RUN,0.074,0.257,0.075,0.724,0.385,0.113,3.399,52,0.325,540,2.639,21.4
DATA,MOTOR_BREAKIN_V3,000001,57357,511,512,0.078,0.070,3.566,0.362,3.204,48,FWD,RUN,0.074,0.236,0.075,0.669,0.385,0.113,3.399,52,0.325,540,2.639,21.4
DATA,MOTOR_BREAKIN_V3,000001,57457,510,512,0.104,0.070,3.650,0.279,3.371,48,FWD,RUN,0.087,0.293,0.075,0.669,0.385,0.113,3.399,52,0.325,540,2.639,21.4
DATA,MOTOR_BREAKIN_V3,000001,57557,511,512,0.078,0.070,3.482,0.334,3.148,48,FWD,RUN,0.074,0.232,0.061,0.780,0.385,0.113,3.399,52,0.325,540,2.639,21.4
DATA,MOTOR_BREAKIN_V3,000001,57657,510,512,0.104,0.070,3.594,0.279,3.315,48,FWD,RUN,0.087,0.288,0.075,0.696,0.385,0.113,3.399,52,0.325,540,2.639,21.4
DATA,MOTOR_BREAKIN_V3,000001,57757,510,512,0.104,0.070,3.566,0.279,3.287,48,FWD,RUN,0.087,0.286,0.075,0.808,0.385,0.113,3.399,52,0.325,540,2.639,21.4
DATA,MOTOR_BREAKIN_V3,000001,57857,511,511,0.078,0.096,3.538,0.362,3.176,48,FWD,RUN,0.087,0.276,0.061,0.669,0.385,0.113,3.399,52,0.325,540,2.639,21.4
DATA,MOTOR_BREAKIN_V3,000001,57957,510,513,0.104,0.000,3.566,0.362,3.204,48,FWD,RUN,0.052,0.167,0.061,0.501,0.385,0.113,3.399,52,0.325,540,2.639,21.4
DATA,MOTOR_BREAKIN_V3,000001,58057,510,512,0.104,0.070,3.510,0.306,3.204,48,FWD,RUN,0.087,0.279,0.048,0.474,0.385,0.113,3.399,52,0.325,540,2.639,21.4
DATA,MOTOR_BREAKIN_V3,000001,58157,511,513,0.078,0.000,3.789,0.139,3.650,48,FWD,RUN,0.039,0.142,0.048,0.446,0.385,0.113,3.399,52,0.325,540,2.639,21.4
DATA,MOTOR_BREAKIN_V3,000001,58257,510,513,0.104,0.000,3.566,0.279,3.287,48,FWD,RUN,0.052,0.171,0.075,0.446,0.385,0.113,3.399,52,0.325,540,2.639,21.4
DATA,MOTOR_BREAKIN_V3,000001,58357,510,513,0.104,0.000,3.482,0.334,3.148,48,FWD,RUN,0.052,0.164,0.075,0.864,0.385,0.113,3.399,52,0.325,540,2.639,21.4
DATA,MOTOR_BREAKIN_V3,000001,58456,512,513,0.051,0.000,3.900,0.000,3.900,48,FWD,RUN,0.026,0.100,0.075,0.864,0.385,0.113,3.399,52,0.325,540,2.639,21.4
DATA,MOTOR_BREAKIN_V3,000001,58557,512,512,0.051,0.070,3.677,0.223,3.455,48,FWD,RUN,0.061,0.209,0.075,0.752,0.385,0.113,3.399,52,0.325,540,2.639,21.4
DATA,MOTOR_BREAKIN_V3,000001,58657,511,512,0.078,0.070,3.677,0.279,3.399,48,FWD,RUN,0.074,0.251,0.048,0.390,0.385,0.113,3.399,52,0.325,540,2.639,21.4
DATA,MOTOR_BREAKIN_V3,000001,58757,511,512,0.078,0.070,3.510,0.223,3.287,48,FWD,RUN,0.074,0.242,0.048,0.362,0.385,0.113,3.399,52,0.325,540,2.639,21.4
DATA,MOTOR_BREAKIN_V3,000001,58857,511,512,0.078,0.070,3.566,0.306,3.260,48,FWD,RUN,0.074,0.240,0.035,0.613,0.385,0.113,3.399,52,0.325,539,2.634,21.4
DATA,MOTOR_BREAKIN_V3,000001,58957,511,512,0.078,0.070,3.650,0.251,3.399,48,FWD,RUN,0.074,0.251,0.013,0.613,0.385,0.113,3.399,52,0.325,540,2.639,21.4
DATA,MOTOR_BREAKIN_V3,000001,59057,510,512,0.104,0.070,3.510,0.334,3.176,48,FWD,RUN,0.087,0.276,0.048,0.446,0.385,0.113,3.399,52,0.325,540,2.639,21.4
DATA,MOTOR_BREAKIN_V3,000001,59157,510,512,0.104,0.070,3.538,0.251,3.287,48,FWD,RUN,0.087,0.286,0.061,0.446,0.385,0.113,3.399,52,0.325,540,2.639,21.4
DATA,MOTOR_BREAKIN_V3,000001,59257,511,512,0.078,0.070,3.538,0.390,3.148,48,FWD,RUN,0.074,0.232,0.048,0.836,0.385,0.113,3.399,52,0.325,540,2.639,21.4
DATA,MOTOR_BREAKIN_V3,000001,59357,511,513,0.078,0.000,3.566,0.306,3.260,48,FWD,RUN,0.039,0.126,0.048,0.864,0.385,0.113,3.399,52,0.325,540,2.639,21.4
DATA,MOTOR_BREAKIN_V3,000001,59457,512,512,0.051,0.070,3.761,0.139,3.622,48,FWD,RUN,0.061,0.219,0.061,0.501,0.385,0.113,3.399,52,0.325,540,2.639,21.4
DATA,MOTOR_BREAKIN_V3,000001,59557,511,513,0.078,0.000,3.510,0.195,3.315,48,FWD,RUN,0.039,0.129,0.075,0.919,0.385,0.113,3.399,52,0.325,540,2.639,21.4
DATA,MOTOR_BREAKIN_V3,000001,59657,511,512,0.078,0.070,3.566,0.167,3.399,48,FWD,RUN,0.074,0.251,0.075,0.919,0.385,0.113,3.399,52,0.325,540,2.639,21.4
DATA,MOTOR_BREAKIN_V3,000001,59757,511,511,0.078,0.096,3.482,0.529,2.953,48,FWD,RUN,0.087,0.257,0.061,0.724,0.385,0.113,3.399,52,0.325,540,2.639,21.4
DATA,MOTOR_BREAKIN_V3,000001,59857,511,513,0.078,0.000,3.845,0.000,3.845,48,FWD,RUN,0.039,0.149,0.048,0.891,0.385,0.113,3.399,52,0.325,540,2.639,21.3
DATA,MOTOR_BREAKIN_V3,000001,59957,512,513,0.051,0.000,3.845,0.084,3.761,48,FWD,RUN,0.026,0.096,0.075,0.641,0.385,0.113,3.399,52,0.325,540,2.639,21.4
DATA,MOTOR_BREAKIN_V3,000001,60057,510,511,0.104,0.096,3.510,0.223,3.287,48,FWD,RUN,0.100,0.329,0.075,0.613,0.385,0.113,3.399,52,0.325,540,2.639,21.4
DATA,MOTOR_BREAKIN_V3,000001,60157,511,512,0.078,0.070,3.594,0.362,3.232,48,FWD,RUN,0.074,0.238,0.075,0.613,0.385,0.113,3.399,52,0.325,540,2.639,21.4
DATA,MOTOR_BREAKIN_V3,000001,60257,510,513,0.104,0.000,3.510,0.334,3.176,48,FWD,RUN,0.052,0.165,0.075,0.585,0.385,0.113,3.399,52,0.325,540,2.639,21.4
DATA,MOTOR_BREAKIN_V3,000001,60357,511,513,0.078,0.000,3.872,0.000,3.872,48,FWD,RUN,0.039,0.150,0.075,0.696,0.385,0.113,3.399,52,0.325,540,2.639,21.4
DATA,MOTOR_BREAKIN_V3,000001,60457,510,512,0.104,0.070,3.538,0.251,3.287,48,FWD,RUN,0.087,0.286,0.061,0.752,0.385,0.113,3.399,52,0.325,540,2.639,21.4
DATA,MOTOR_BREAKIN_V3,000001,60557,511,512,0.078,0.070,3.566,0.223,3.343,48,FWD,RUN,0.074,0.247,0.061,0.975,0.385,0.113,3.399,52,0.325,540,2.639,21.4
DATA,MOTOR_BREAKIN_V3,000001,60657,509,513,0.130,0.000,3.566,0.279,3.287,48,FWD,RUN,0.065,0.214,0.061,1.031,0.385,0.113,3.399,52,0.325,540,2.639,21.4
DATA,MOTOR_BREAKIN_V3,000001,60757,511,512,0.078,0.070,3.455,0.306,3.148,48,FWD,RUN,0.074,0.232,0.061,0.669,0.385,0.113,3.399,52,0.325,540,2.639,21.4
DATA,MOTOR_BREAKIN_V3,000001,60857,511,514,0.078,0.000,3.622,0.223,3.399,48,FWD,RUN,0.039,0.132,0.075,1.226,0.385,0.113,3.399,52,0.325,540,2.639,21.4
DATA,MOTOR_BREAKIN_V3,000001,60957,511,513,0.078,0.000,3.455,0.223,3.232,48,FWD,RUN,0.039,0.125,0.075,1.226,0.385,0.113,3.399,52,0.325,540,2.639,21.4
DATA,MOTOR_BREAKIN_V3,000001,61057,510,512,0.104,0.070,3.566,0.195,3.371,48,FWD,RUN,0.087,0.293,0.075,0.641,0.385,0.113,3.399,52,0.325,540,2.639,21.4
DATA,MOTOR_BREAKIN_V3,000001,61157,511,513,0.078,0.000,3.594,0.167,3.427,48,FWD,RUN,0.039,0.133,0.061,0.641,0.385,0.113,3.399,52,0.325,540,2.639,21.4
DATA,MOTOR_BREAKIN_V3,000001,61257,510,513,0.104,0.000,3.510,0.251,3.260,48,FWD,RUN,0.052,0.169,0.048,0.501,0.385,0.113,3.399,52,0.325,540,2.639,21.4
DATA,MOTOR_BREAKIN_V3,000001,61357,510,513,0.104,0.000,3.566,0.195,3.371,48,FWD,RUN,0.052,0.175,0.048,0.585,0.385,0.113,3.399,52,0.325,540,2.639,21.4
DATA,MOTOR_BREAKIN_V3,000001,61457,510,512,0.104,0.070,3.482,0.306,3.176,48,FWD,RUN,0.087,0.276,0.061,0.808,0.385,0.113,3.399,52,0.325,540,2.639,21.4
DATA,MOTOR_BREAKIN_V3,000001,61557,510,512,0.104,0.070,3.566,0.279,3.287,48,FWD,RUN,0.087,0.286,0.061,0.696,0.385,0.113,3.399,52,0.325,540,2.639,21.4
DATA,MOTOR_BREAKIN_V3,000001,61656,510,513,0.104,0.000,3.455,0.334,3.120,48,FWD,RUN,0.052,0.162,0.061,0.696,0.385,0.113,3.399,52,0.325,540,2.639,21.4
DATA,MOTOR_BREAKIN_V3,000001,61757,510,512,0.104,0.070,3.733,0.195,3.538,48,FWD,RUN,0.087,0.308,0.061,0.696,0.385,0.113,3.399,52,0.325,540,2.639,21.3
DATA,MOTOR_BREAKIN_V3,000001,61857,510,512,0.104,0.070,3.650,0.306,3.343,48,FWD,RUN,0.087,0.291,0.061,0.390,0.385,0.113,3.399,52,0.325,540,2.639,21.4
DATA,MOTOR_BREAKIN_V3,000001,61957,511,512,0.078,0.070,3.650,0.139,3.510,48,FWD,RUN,0.074,0.259,0.061,0.362,0.385,0.113,3.399,52,0.325,540,2.639,21.4
DATA,MOTOR_BREAKIN_V3,000001,62057,511,512,0.078,0.070,3.455,0.362,3.092,48,FWD,RUN,0.074,0.228,0.061,0.752,0.385,0.113,3.399,52,0.325,540,2.639,21.4
DATA,MOTOR_BREAKIN_V3,000001,62157,511,512,0.078,0.070,3.566,0.279,3.287,48,FWD,RUN,0.074,0.242,0.075,0.752,0.385,0.113,3.399,52,0.325,540,2.639,21.4
OK
DATA,MOTOR_BREAKIN_V3,000001,62257,512,513,0.051,0.000,3.594,0.111,3.482,42,FWD,RUN,0.026,0.089,0.075,0.446,0.385,0.113,3.399,52,0.325,540,2.639,21.3
OK
DATA,MOTOR_BREAKIN_V3,000001,62357,511,513,0.078,0.000,3.455,0.195,3.260,35,FWD,RUN,0.039,0.126,0.048,0.724,0.385,0.113,3.399,52,0.325,540,2.639,21.3
DATA,MOTOR_BREAKIN_V3,000001,62457,512,513,0.051,0.000,3.260,0.167,3.092,35,FWD,RUN,0.026,0.079,0.074,0.891,0.385,0.113,3.399,52,0.325,540,2.639,21.3
DATA,MOTOR_BREAKIN_V3,000001,62557,511,513,0.078,0.000,3.176,0.195,2.981,35,FWD,RUN,0.039,0.116,0.061,0.306,0.385,0.113,3.399,52,0.325,540,2.639,21.3
DATA,MOTOR_BREAKIN_V3,000001,62657,512,513,0.051,0.000,3.176,0.111,3.065,35,FWD,RUN,0.026,0.078,0.026,0.195,0.385,0.113,3.399,52,0.325,540,2.639,21.3
DATA,MOTOR_BREAKIN_V3,000001,62757,512,514,0.051,0.000,2.925,0.167,2.758,35,FWD,RUN,0.026,0.071,0.035,0.418,0.385,0.113,3.399,52,0.325,540,2.639,21.3
OK
DATA,MOTOR_BREAKIN_V3,000001,62857,510,513,0.104,0.000,3.176,0.195,2.981,40,FWD,RUN,0.052,0.155,0.035,0.418,0.385,0.113,3.399,52,0.325,540,2.639,21.3
DATA,MOTOR_BREAKIN_V3,000001,62957,511,512,0.078,0.070,3.037,0.223,2.814,40,FWD,RUN,0.074,0.208,0.048,0.279,0.385,0.113,3.399,52,0.325,540,2.639,21.3
OK
DATA,MOTOR_BREAKIN_V3,000001,63057,510,513,0.104,0.000,3.176,0.279,2.897,44,FWD,RUN,0.052,0.151,0.048,0.334,0.385,0.113,3.399,52,0.325,540,2.639,21.3
OK
DATA,MOTOR_BREAKIN_V3,000001,63157,510,512,0.104,0.070,3.427,0.279,3.148,46,FWD,RUN,0.087,0.274,0.061,0.362,0.385,0.113,3.399,52,0.325,540,2.639,21.3
OK
DATA,MOTOR_BREAKIN_V3,000001,63257,511,512,0.078,0.070,3.287,0.418,2.870,43,FWD,RUN,0.074,0.212,0.035,0.334,0.385,0.113,3.399,52,0.325,540,2.639,21.3
DATA,MOTOR_BREAKIN_V3,000001,63357,511,512,0.078,0.070,3.287,0.362,2.925,43,FWD,RUN,0.074,0.216,0.061,0.474,0.385,0.113,3.399,52,0.325,540,2.639,21.3
OK
DATA,MOTOR_BREAKIN_V3,000001,63457,510,512,0.104,0.070,3.371,0.362,3.009,46,FWD,RUN,0.087,0.262,0.061,0.613,0.385,0.113,3.399,52,0.325,540,2.639,21.3
DATA,MOTOR_BREAKIN_V3,000001,63557,510,512,0.104,0.070,3.343,0.501,2.842,46,FWD,RUN,0.087,0.247,0.048,0.585,0.385,0.113,3.399,52,0.325,540,2.639,21.3
OK
DATA,MOTOR_BREAKIN_V3,000001,63657,510,512,0.104,0.070,3.510,0.306,3.204,49,FWD,RUN,0.087,0.279,0.061,0.724,0.385,0.113,3.399,52,0.325,540,2.639,21.3
OK
DATA,MOTOR_BREAKIN_V3,000001,63757,511,513,0.078,0.000,3.399,0.279,3.120,45,FWD,RUN,0.039,0.121,0.075,0.474,0.385,0.113,3.399,52,0.325,540,2.639,21.3
OK
DATA,MOTOR_BREAKIN_V3,000001,63857,511,513,0.078,0.000,3.287,0.306,2.981,43,FWD,RUN,0.039,0.116,0.075,0.585,0.385,0.113,3.399,52,0.325,540,2.639,21.6
DATA,MOTOR_BREAKIN_V3,000001,63957,511,512,0.078,0.070,3.399,0.139,3.260,43,FWD,RUN,0.074,0.240,0.048,0.501,0.385,0.113,3.399,52,0.325,540,2.639,21.3
OK
DATA,MOTOR_BREAKIN_V3,000001,64057,512,513,0.051,0.000,3.232,0.251,2.981,38,FWD,RUN,0.026,0.076,0.061,0.585,0.385,0.113,3.399,52,0.325,540,2.639,21.3
DATA,MOTOR_BREAKIN_V3,000001,64157,511,513,0.078,0.000,3.120,0.279,2.842,38,FWD,RUN,0.039,0.110,0.048,0.724,0.385,0.113,3.399,52,0.325,540,2.639,21.3
OK
DATA,MOTOR_BREAKIN_V3,000001,64257,512,513,0.051,0.000,3.287,0.279,3.009,41,FWD,RUN,0.026,0.077,0.074,0.418,0.385,0.113,3.399,52,0.325,540,2.639,21.3
DATA,MOTOR_BREAKIN_V3,000001,64357,512,512,0.051,0.070,3.120,0.279,2.842,41,FWD,RUN,0.061,0.172,0.087,0.418,0.385,0.113,3.399,52,0.325,540,2.639,21.3
DATA,MOTOR_BREAKIN_V3,000001,64457,510,513,0.104,0.000,3.232,0.223,3.009,41,FWD,RUN,0.052,0.156,0.061,0.418,0.385,0.113,3.399,52,0.325,540,2.639,21.3
DATA,MOTOR_BREAKIN_V3,000001,64557,510,513,0.104,0.000,3.232,0.306,2.925,41,FWD,RUN,0.052,0.152,0.048,0.446,0.385,0.113,3.399,52,0.325,540,2.639,21.3
OK
DATA,MOTOR_BREAKIN_V3,000001,64657,511,512,0.078,0.070,3.204,0.223,2.981,43,FWD,RUN,0.074,0.220,0.061,0.446,0.385,0.113,3.399,52,0.325,540,2.639,21.3
DATA,MOTOR_BREAKIN_V3,000001,64757,512,512,0.051,0.070,3.427,0.223,3.204,43,FWD,RUN,0.061,0.194,0.048,0.585,0.385,0.113,3.399,52,0.325,540,2.639,21.3
OK
DATA,MOTOR_BREAKIN_V3,000001,64856,512,513,0.051,0.000,3.204,0.279,2.925,39,FWD,RUN,0.026,0.075,0.048,0.613,0.385,0.113,3.399,52,0.325,540,2.639,21.3
OK
DATA,MOTOR_BREAKIN_V3,000001,64957,511,513,0.078,0.000,3.204,0.251,2.953,41,FWD,RUN,0.039,0.115,0.048,0.501,0.385,0.113,3.399,52,0.325,540,2.639,21.2
OK
DATA,MOTOR_BREAKIN_V3,000001,65057,511,513,0.078,0.000,3.176,0.306,2.870,42,FWD,RUN,0.039,0.111,0.035,0.251,0.385,0.113,3.399,52,0.325,540,2.639,21.2
OK
DATA,MOTOR_BREAKIN_V3,000001,65157,510,513,0.104,0.000,3.343,0.279,3.065,45,FWD,RUN,0.052,0.159,0.048,0.529,0.385,0.113,3.399,52,0.325,540,2.639,22.5
OK
DATA,MOTOR_BREAKIN_V3,000001,65257,513,513,0.000,0.000,3.594,0.084,3.510,44,FWD,RUN,0.000,0.000,0.100,0.669,0.385,0.113,3.399,52,0.325,540,2.639,21.3
DATA,MOTOR_BREAKIN_V3,000001,65357,510,512,0.104,0.070,3.315,0.251,3.065,44,FWD,RUN,0.087,0.266,0.100,0.669,0.385,0.113,3.399,52,0.325,540,2.639,21.2
OK
DATA,MOTOR_BREAKIN_V3,000001,65457,512,513,0.051,0.000,3.482,0.167,3.315,43,FWD,RUN,0.026,0.085,0.061,0.529,0.385,0.113,3.399,52,0.325,540,2.639,21.2
OK
DATA,MOTOR_BREAKIN_V3,000001,65557,511,513,0.078,0.000,3.092,0.167,2.925,37,FWD,RUN,0.039,0.113,0.061,0.613,0.385,0.113,3.399,52,0.325,540,2.639,21.3
OK
DATA,MOTOR_BREAKIN_V3,000001,65657,511,513,0.078,0.000,3.260,0.167,3.092,39,FWD,RUN,0.039,0.120,0.061,0.390,0.385,0.113,3.399,52,0.325,540,2.639,21.2
OK
DATA,MOTOR_BREAKIN_V3,000001,65757,512,513,0.051,0.000,3.009,0.195,2.814,37,FWD,RUN,0.026,0.072,0.048,0.446,0.385,0.113,3.399,52,0.325,540,2.639,21.2
OK
DATA,MOTOR_BREAKIN_V3,000001,65857,511,513,0.078,0.000,3.148,0.279,2.870,41,FWD,RUN,0.039,0.111,0.048,0.474,0.385,0.113,3.399,52,0.325,540,2.639,21.2
OK
DATA,MOTOR_BREAKIN_V3,000001,65957,511,513,0.078,0.000,3.455,0.028,3.427,44,FWD,RUN,0.039,0.133,0.061,0.669,0.385,0.113,3.399,52,0.325,540,2.639,21.2
OK
DATA,MOTOR_BREAKIN_V3,000001,66057,512,513,0.051,0.000,3.037,0.195,2.842,35,FWD,RUN,0.026,0.073,0.061,0.669,0.385,0.113,3.399,52,0.325,540,2.639,21.3
OK
DATA,MOTOR_BREAKIN_V3,000001,66157,512,513,0.051,0.000,3.092,0.167,2.925,38,FWD,RUN,0.026,0.075,0.061,0.529,0.385,0.113,3.399,52,0.325,540,2.639,21.3
DATA,MOTOR_BREAKIN_V3,000001,66257,511,514,0.078,0.000,3.120,0.167,2.953,38,FWD,RUN,0.039,0.115,0.048,0.418,0.385,0.113,3.399,52,0.325,540,2.639,21.2
OK
DATA,MOTOR_BREAKIN_V3,000001,66357,511,513,0.078,0.000,3.204,0.167,3.037,39,FWD,RUN,0.039,0.118,0.048,0.418,0.385,0.113,3.399,52,0.325,540,2.639,21.2
OK
DATA,MOTOR_BREAKIN_V3,000001,66457,511,512,0.078,0.070,2.981,0.195,2.786,38,FWD,RUN,0.074,0.205,0.048,0.362,0.385,0.113,3.399,52,0.325,540,2.639,21.2
OK
DATA,MOTOR_BREAKIN_V3,000001,66557,510,513,0.104,0.000,3.148,0.195,2.953,42,FWD,RUN,0.052,0.154,0.048,0.334,0.385,0.113,3.399,52,0.325,540,2.639,21.2
OK
DATA,MOTOR_BREAKIN_V3,000001,66657,512,513,0.051,0.000,3.287,0.223,3.065,43,FWD,RUN,0.026,0.078,0.048,0.362,0.385,0.113,3.399,52,0.325,540,2.639,22.4
OK
DATA,MOTOR_BREAKIN_V3,000001,66757,512,513,0.051,0.000,3.204,0.223,2.981,42,FWD,RUN,0.026,0.076,0.048,0.362,0.385,0.113,3.399,52,0.325,540,2.639,21.2
DATA,MOTOR_BREAKIN_V3,000001,66857,510,513,0.104,0.000,3.176,0.279,2.897,42,FWD,RUN,0.052,0.151,0.048,0.474,0.385,0.113,3.399,52,0.325,540,2.639,21.2
OK
DATA,MOTOR_BREAKIN_V3,000001,66957,511,513,0.078,0.000,3.120,0.306,2.814,44,FWD,RUN,0.039,0.109,0.035,0.474,0.385,0.113,3.399,52,0.325,540,2.639,21.2
OK
DATA,MOTOR_BREAKIN_V3,000001,67057,510,512,0.104,0.070,3.204,0.223,2.981,48,FWD,RUN,0.087,0.259,0.048,0.390,0.385,0.113,3.399,52,0.325,540,2.639,21.1
DATA,MOTOR_BREAKIN_V3,000001,67157,510,513,0.104,0.000,3.482,0.251,3.232,48,FWD,RUN,0.052,0.168,0.035,0.306,0.385,0.113,3.399,52,0.325,540,2.639,21.2
OK
DATA,MOTOR_BREAKIN_V3,000001,67257,510,512,0.104,0.070,3.176,0.279,2.897,43,FWD,RUN,0.087,0.252,0.035,0.334,0.385,0.113,3.399,52,0.325,540,2.639,21.2
OK
DATA,MOTOR_BREAKIN_V3,000001,67357,510,512,0.104,0.070,3.399,0.334,3.065,45,FWD,RUN,0.087,0.266,0.061,0.585,0.385,0.113,3.399,52,0.325,540,2.639,20.7
OK
DATA,MOTOR_BREAKIN_V3,000001,67457,510,513,0.104,0.000,3.232,0.195,3.037,44,FWD,RUN,0.052,0.158,0.061,0.557,0.385,0.113,3.399,52,0.325,540,2.639,21.2
OK
DATA,MOTOR_BREAKIN_V3,000001,67557,511,512,0.078,0.070,3.176,0.279,2.897,43,FWD,RUN,0.074,0.214,0.048,0.306,0.385,0.113,3.399,52,0.325,540,2.639,21.4
OK
DATA,MOTOR_BREAKIN_V3,000001,67657,511,513,0.078,0.000,3.399,0.251,3.148,45,FWD,RUN,0.039,0.122,0.048,0.529,0.385,0.113,3.399,52,0.325,540,2.639,20.9
OK
DATA,MOTOR_BREAKIN_V3,000001,67757,510,512,0.104,0.070,3.232,0.251,2.981,42,FWD,RUN,0.087,0.259,0.061,0.557,0.385,0.113,3.399,52,0.325,540,2.639,21.2
DATA,MOTOR_BREAKIN_V3,000001,67857,511,513,0.078,0.000,3.176,0.279,2.897,42,FWD,RUN,0.039,0.112,0.061,0.613,0.385,0.113,3.399,52,0.325,540,2.639,21.2
OK
DATA,MOTOR_BREAKIN_V3,000001,67957,511,513,0.078,0.000,3.427,0.028,3.399,44,FWD,RUN,0.039,0.132,0.048,0.585,0.385,0.113,3.399,52,0.325,540,2.639,21.2
DATA,MOTOR_BREAKIN_V3,000001,68056,510,512,0.104,0.070,3.204,0.223,2.981,44,FWD,RUN,0.087,0.259,0.048,0.446,0.385,0.113,3.399,52,0.325,540,2.639,21.2
DATA,MOTOR_BREAKIN_V3,000001,68157,512,513,0.051,0.000,3.538,0.195,3.343,44,FWD,RUN,0.026,0.085,0.075,0.390,0.385,0.113,3.399,52,0.325,540,2.639,21.2
OK
DATA,MOTOR_BREAKIN_V3,000001,68257,511,512,0.078,0.070,3.176,0.223,2.953,37,FWD,RUN,0.074,0.218,0.075,0.474,0.385,0.113,3.399,52,0.325,540,2.639,21.2
OK
DATA,MOTOR_BREAKIN_V3,000001,68357,511,513,0.078,0.000,3.204,0.195,3.009,38,FWD,RUN,0.039,0.117,0.061,0.334,0.385,0.113,3.399,52,0.325,540,2.639,21.2
DATA,MOTOR_BREAKIN_V3,000001,68457,511,513,0.078,0.000,2.981,0.251,2.730,38,FWD,RUN,0.039,0.106,0.048,0.557,0.385,0.113,3.399,52,0.325,540,2.639,21.2
OK
DATA,MOTOR_BREAKIN_V3,000001,68557,511,512,0.078,0.070,3.204,0.334,2.870,43,FWD,RUN,0.074,0.212,0.048,0.585,0.385,0.113,3.399,52,0.325,540,2.639,21.2
OK
DATA,MOTOR_BREAKIN_V3,000001,68657,511,512,0.078,0.070,3.232,0.334,2.897,46,FWD,RUN,0.074,0.214,0.048,0.474,0.385,0.113,3.399,52,0.325,540,2.639,21.2
OK
DATA,MOTOR_BREAKIN_V3,000001,68757,510,513,0.104,0.000,3.232,0.334,2.897,48,FWD,RUN,0.052,0.151,0.075,0.501,0.385,0.113,3.399,52,0.325,540,2.639,21.2
OK
DATA,MOTOR_BREAKIN_V3,000001,68857,510,511,0.104,0.096,3.371,0.362,3.009,50,FWD,RUN,0.100,0.301,0.061,0.334,0.385,0.113,3.399,52,0.325,540,2.639,21.2
DATA,MOTOR_BREAKIN_V3,000001,68957,510,512,0.104,0.070,3.622,0.334,3.287,50,FWD,RUN,0.087,0.286,0.061,0.334,0.385,0.113,3.399,52,0.325,540,2.639,21.2
OK
DATA,MOTOR_BREAKIN_V3,000001,69057,511,512,0.078,0.070,3.427,0.279,3.148,44,FWD,RUN,0.074,0.232,0.061,0.390,0.385,0.113,3.399,52,0.325,540,2.639,21.1
OK
DATA,MOTOR_BREAKIN_V3,000001,69157,510,511,0.104,0.096,3.343,0.279,3.065,41,FWD,RUN,0.100,0.307,0.061,0.390,0.385,0.113,3.399,52,0.325,540,2.639,21.1
OK
DATA,MOTOR_BREAKIN_V3,000001,69257,511,512,0.078,0.070,3.315,0.223,3.092,40,FWD,RUN,0.074,0.228,0.075,0.669,0.385,0.113,3.399,52,0.325,540,2.639,21.2
OK
DATA,MOTOR_BREAKIN_V3,000001,69357,512,512,0.051,0.070,3.204,0.251,2.953,38,FWD,RUN,0.061,0.179,0.048,0.669,0.385,0.113,3.399,52,0.325,540,2.639,21.2
OK
DATA,MOTOR_BREAKIN_V3,000001,69457,512,513,0.051,0.000,3.315,0.167,3.148,39,FWD,RUN,0.026,0.080,0.074,0.585,0.385,0.113,3.399,52,0.325,540,2.639,21.1
OK
DATA,MOTOR_BREAKIN_V3,000001,69557,512,513,0.051,0.000,2.953,0.223,2.730,36,FWD,RUN,0.026,0.070,0.039,0.613,0.385,0.113,3.399,52,0.325,540,2.639,21.1
OK
DATA,MOTOR_BREAKIN_V3,000001,69657,512,512,0.051,0.070,3.287,0.306,2.981,41,FWD,RUN,0.061,0.180,0.035,0.306,0.385,0.113,3.399,52,0.325,540,2.639,21.1
DATA,MOTOR_BREAKIN_V3,000001,69757,510,513,0.104,0.000,3.204,0.251,2.953,41,FWD,RUN,0.052,0.154,0.048,0.279,0.385,0.113,3.399,52,0.325,540,2.639,21.1
DATA,MOTOR_BREAKIN_V3,000001,69857,511,512,0.078,0.070,3.148,0.279,2.870,41,FWD,RUN,0.074,0.212,0.048,0.334,0.385,0.113,3.399,52,0.325,540,2.639,21.1
OK
DATA,MOTOR_BREAKIN_V3,000001,69957,511,512,0.078,0.070,3.204,0.306,2.897,44,FWD,RUN,0.074,0.214,0.061,0.334,0.385,0.113,3.399,52,0.325,540,2.639,21.1
OK
DATA,MOTOR_BREAKIN_V3,000001,70057,512,513,0.051,0.000,3.482,0.139,3.343,46,FWD,RUN,0.026,0.085,0.061,0.474,0.385,0.113,3.399,52,0.325,540,2.639,21.1
OK
DATA,MOTOR_BREAKIN_V3,000001,70157,511,512,0.078,0.070,3.176,0.279,2.897,39,FWD,RUN,0.074,0.214,0.061,0.446,0.385,0.113,3.399,52,0.325,540,2.639,21.1
OK
DATA,MOTOR_BREAKIN_V3,000001,70257,512,513,0.051,0.000,3.204,0.279,2.925,41,FWD,RUN,0.026,0.075,0.061,0.501,0.385,0.113,3.399,52,0.325,540,2.639,21.2
OK
DATA,MOTOR_BREAKIN_V3,000001,70357,510,511,0.104,0.096,3.260,0.362,2.897,43,FWD,RUN,0.100,0.290,0.075,0.195,0.385,0.113,3.399,52,0.325,540,2.639,20.6
OK
DATA,MOTOR_BREAKIN_V3,000001,70457,510,512,0.104,0.070,3.204,0.390,2.814,45,FWD,RUN,0.087,0.245,0.075,0.251,0.385,0.113,3.399,52,0.325,540,2.639,20.7
OK
DATA,MOTOR_BREAKIN_V3,000001,70557,510,513,0.104,0.000,3.622,0.195,3.427,49,FWD,RUN,0.052,0.178,0.061,0.613,0.385,0.113,3.399,52,0.325,540,2.639,21.2
OK
DATA,MOTOR_BREAKIN_V3,000001,70657,510,512,0.104,0.070,3.482,0.306,3.176,40,FWD,RUN,0.087,0.276,0.061,0.474,0.385,0.113,3.399,52,0.325,540,2.639,21.2
DATA,MOTOR_BREAKIN_V3,000001,70757,511,513,0.078,0.000,3.260,0.279,2.981,40,FWD,RUN,0.039,0.116,0.061,0.641,0.385,0.113,3.399,52,0.325,540,2.639,21.1
DATA,MOTOR_BREAKIN_V3,000001,70857,512,513,0.051,0.000,3.455,0.084,3.371,40,FWD,RUN,0.026,0.086,0.061,0.641,0.385,0.113,3.399,52,0.325,540,2.639,21.0
OK
DATA,MOTOR_BREAKIN_V3,000001,70957,512,513,0.051,0.000,3.037,0.167,2.870,35,FWD,RUN,0.026,0.073,0.048,0.585,0.385,0.113,3.399,52,0.325,540,2.639,21.1
OK
DATA,MOTOR_BREAKIN_V3,000001,71057,511,514,0.078,0.000,3.120,0.223,2.897,38,FWD,RUN,0.039,0.112,0.048,0.418,0.385,0.113,3.399,52,0.325,540,2.639,21.1
OK
DATA,MOTOR_BREAKIN_V3,000001,71157,511,512,0.078,0.070,3.204,0.223,2.981,40,FWD,RUN,0.074,0.220,0.048,0.362,0.385,0.113,3.399,52,0.325,541,2.644,21.1
DATA,MOTOR_BREAKIN_V3,000001,71256,511,513,0.078,0.000,3.232,0.000,3.232,40,FWD,RUN,0.039,0.125,0.048,0.529,0.385,0.113,3.399,52,0.325,540,2.639,21.1
OK
DATA,MOTOR_BREAKIN_V3,000001,71357,511,513,0.078,0.000,3.065,0.195,2.870,35,FWD,RUN,0.039,0.111,0.048,0.529,0.385,0.113,3.399,52,0.325,540,2.639,21.1
OK
DATA,MOTOR_BREAKIN_V3,000001,71457,512,513,0.051,0.000,3.148,0.167,2.981,38,FWD,RUN,0.026,0.076,0.061,0.418,0.385,0.113,3.399,52,0.325,540,2.639,21.1
DATA,MOTOR_BREAKIN_V3,000001,71557,511,513,0.078,0.000,2.981,0.279,2.702,38,FWD,RUN,0.039,0.105,0.061,0.306,0.385,0.113,3.399,52,0.325,540,2.639,21.1
DATA,MOTOR_BREAKIN_V3,000001,71657,511,512,0.078,0.070,2.953,0.334,2.619,38,FWD,RUN,0.074,0.193,0.048,0.474,0.385,0.113,3.399,52,0.325,540,2.639,21.1
OK
DATA,MOTOR_BREAKIN_V3,000001,71757,510,512,0.104,0.070,3.232,0.390,2.842,46,FWD,RUN,0.087,0.247,0.061,0.474,0.385,0.113,3.399,52,0.325,540,2.639,21.1
OK
DATA,MOTOR_BREAKIN_V3,000001,71857,510,512,0.104,0.070,3.427,0.362,3.065,49,FWD,RUN,0.087,0.266,0.040,0.418,0.385,0.113,3.399,52,0.325,540,2.639,21.1
OK
DATA,MOTOR_BREAKIN_V3,000001,71957,510,512,0.104,0.070,3.399,0.334,3.065,48,FWD,RUN,0.087,0.266,0.075,0.724,0.385,0.113,3.399,52,0.325,540,2.639,21.1
OK
DATA,MOTOR_BREAKIN_V3,000001,72057,511,513,0.078,0.000,3.455,0.334,3.120,47,FWD,RUN,0.039,0.121,0.075,0.696,0.385,0.113,3.399,52,0.325,540,2.639,21.1
OK
DATA,MOTOR_BREAKIN_V3,000001,72157,510,512,0.104,0.070,3.343,0.251,3.092,45,FWD,RUN,0.087,0.269,0.048,0.641,0.385,0.113,3.399,52,0.325,540,2.639,21.1
OK
DATA,MOTOR_BREAKIN_V3,000001,72257,510,513,0.104,0.000,3.371,0.306,3.065,43,FWD,RUN,0.052,0.159,0.061,0.696,0.385,0.113,3.399,52,0.325,540,2.639,21.1
OK
DATA,MOTOR_BREAKIN_V3,000001,72357,511,513,0.078,0.000,3.371,0.167,3.204,44,FWD,RUN,0.039,0.124,0.048,0.696,0.385,0.113,3.399,52,0.325,539,2.634,21.1
DATA,MOTOR_BREAKIN_V3,000001,72457,511,513,0.078,0.000,3.287,0.279,3.009,44,FWD,RUN,0.039,0.117,0.048,0.752,0.385,0.113,3.399,52,0.325,540,2.639,21.1
DATA,MOTOR_BREAKIN_V3,000001,72557,511,512,0.078,0.070,3.343,0.334,3.009,44,FWD,RUN,0.074,0.222,0.061,0.752,0.385,0.113,3.399,52,0.325,540,2.639,21.1
DATA,MOTOR_BREAKIN_V3,000001,72657,510,513,0.104,0.000,3.343,0.279,3.065,44,FWD,RUN,0.052,0.159,0.087,0.641,0.385,0.113,3.399,52,0.325,540,2.639,21.1
DATA,MOTOR_BREAKIN_V3,000001,72757,511,513,0.078,0.000,3.371,0.139,3.232,44,FWD,RUN,0.039,0.125,0.087,0.752,0.385,0.113,3.399,52,0.325,540,2.639,21.1
DATA,MOTOR_BREAKIN_V3,000001,72857,510,513,0.104,0.000,3.510,0.223,3.287,44,FWD,RUN,0.052,0.171,0.061,0.696,0.385,0.113,3.399,52,0.325,540,2.639,21.1
DATA,MOTOR_BREAKIN_V3,000001,72957,511,513,0.078,0.000,3.287,0.334,2.953,44,FWD,RUN,0.039,0.115,0.075,0.613,0.385,0.113,3.399,52,0.325,539,2.634,21.1
DATA,MOTOR_BREAKIN_V3,000001,73057,512,513,0.051,0.000,3.427,0.306,3.120,44,FWD,RUN,0.026,0.080,0.075,0.529,0.385,0.113,3.399,52,0.325,540,2.639,21.3
DATA,MOTOR_BREAKIN_V3,000001,73157,511,512,0.078,0.070,3.260,0.306,2.953,44,FWD,RUN,0.074,0.218,0.061,0.362,0.385,0.113,3.399,52,0.325,540,2.639,21.1
DATA,MOTOR_BREAKIN_V3,000001,73257,512,513,0.051,0.000,3.594,0.000,3.594,44,FWD,RUN,0.026,0.092,0.061,0.696,0.385,0.113,3.399,52,0.325,540,2.639,21.1
DATA,MOTOR_BREAKIN_V3,000001,73357,510,513,0.104,0.000,3.315,0.529,2.786,44,FWD,RUN,0.052,0.145,0.048,0.919,0.385,0.113,3.399,52,0.325,540,2.639,21.1
DATA,MOTOR_BREAKIN_V3,000001,73457,511,513,0.078,0.000,3.399,0.084,3.315,44,FWD,RUN,0.039,0.129,0.035,0.752,0.385,0.113,3.399,52,0.325,540,2.639,21.1
DATA,MOTOR_BREAKIN_V3,000001,73557,510,512,0.104,0.070,3.343,0.251,3.092,44,FWD,RUN,0.087,0.269,0.048,0.613,0.385,0.113,3.399,52,0.325,540,2.639,21.1
DATA,MOTOR_BREAKIN_V3,000001,73657,512,512,0.051,0.070,3.371,0.306,3.065,44,FWD,RUN,0.061,0.186,0.035,0.557,0.385,0.113,3.399,52,0.325,540,2.639,21.1
DATA,MOTOR_BREAKIN_V3,000001,73757,511,513,0.078,0.000,3.260,0.279,2.981,44,FWD,RUN,0.039,0.116,0.061,0.641,0.385,0.113,3.399,52,0.325,540,2.639,21.0
DATA,MOTOR_BREAKIN_V3,000001,73857,511,512,0.078,0.070,3.260,0.279,2.981,44,FWD,RUN,0.074,0.220,0.075,0.808,0.385,0.113,3.399,52,0.325,540,2.639,21.0
DATA,MOTOR_BREAKIN_V3,000001,73957,510,513,0.104,0.000,3.455,0.306,3.148,44,FWD,RUN,0.052,0.164,0.061,0.613,0.385,0.113,3.399,52,0.325,540,2.639,21.0
DATA,MOTOR_BREAKIN_V3,000001,74057,512,512,0.051,0.070,3.622,0.111,3.510,44,FWD,RUN,0.061,0.212,0.035,0.557,0.385,0.113,3.399,52,0.325,540,2.639,21.1
DATA,MOTOR_BREAKIN_V3,000001,74157,511,512,0.078,0.070,3.315,0.501,2.814,44,FWD,RUN,0.074,0.208,0.061,0.696,0.385,0.113,3.399,52,0.325,540,2.639,21.0
DATA,MOTOR_BREAKIN_V3,000001,74257,510,512,0.104,0.070,3.399,0.334,3.065,44,FWD,RUN,0.087,0.266,0.061,0.864,0.385,0.113,3.399,52,0.325,540,2.639,21.0
DATA,MOTOR_BREAKIN_V3,000001,74357,509,512,0.130,0.070,3.399,0.306,3.092,44,FWD,RUN,0.100,0.310,0.061,0.696,0.385,0.113,3.399,52,0.325,540,2.639,21.0
DATA,MOTOR_BREAKIN_V3,000001,74456,510,511,0.104,0.096,3.343,0.223,3.120,44,FWD,RUN,0.100,0.313,0.061,0.864,0.385,0.113,3.399,52,0.325,540,2.639,21.0
DATA,MOTOR_BREAKIN_V3,000001,74557,511,512,0.078,0.070,3.315,0.251,3.065,44,FWD,RUN,0.074,0.226,0.075,0.669,0.385,0.113,3.399,52,0.325,540,2.639,21.1
DATA,MOTOR_BREAKIN_V3,000001,74657,510,512,0.104,0.070,3.315,0.223,3.092,44,FWD,RUN,0.087,0.269,0.061,0.501,0.385,0.113,3.399,52,0.325,540,2.639,21.0
DATA,MOTOR_BREAKIN_V3,000001,74757,511,512,0.078,0.070,3.482,0.195,3.287,44,FWD,RUN,0.074,0.242,0.061,0.613,0.385,0.113,3.399,52,0.325,540,2.639,21.1
DATA,MOTOR_BREAKIN_V3,000001,74857,512,513,0.051,0.000,3.538,0.223,3.315,44,FWD,RUN,0.026,0.085,0.061,0.557,0.385,0.113,3.399,52,0.325,540,2.639,21.1
DATA,MOTOR_BREAKIN_V3,000001,74957,511,512,0.078,0.070,3.260,0.279,2.981,44,FWD,RUN,0.074,0.220,0.061,0.529,0.385,0.113,3.399,52,0.325,540,2.639,21.1
DATA,MOTOR_BREAKIN_V3,000001,75057,512,512,0.051,0.070,3.315,0.334,2.981,44,FWD,RUN,0.061,0.180,0.048,0.669,0.385,0.113,3.399,52,0.325,540,2.639,21.0
DATA,MOTOR_BREAKIN_V3,000001,75157,510,512,0.104,0.070,3.371,0.306,3.065,44,FWD,RUN,0.087,0.266,0.061,0.641,0.385,0.113,3.399,52,0.325,540,2.639,21.1
DATA,MOTOR_BREAKIN_V3,000001,75257,511,513,0.078,0.000,3.399,0.306,3.092,44,FWD,RUN,0.039,0.120,0.075,0.501,0.385,0.113,3.399,52,0.325,540,2.639,21.0
DATA,MOTOR_BREAKIN_V3,000001,75357,511,513,0.078,0.000,3.232,0.279,2.953,44,FWD,RUN,0.039,0.115,0.061,0.557,0.385,0.113,3.399,52,0.325,540,2.639,21.0
DATA,MOTOR_BREAKIN_V3,000001,75457,511,512,0.078,0.070,3.287,0.251,3.037,44,FWD,RUN,0.074,0.224,0.061,0.752,0.385,0.113,3.399,52,0.325,540,2.639,21.0
DATA,MOTOR_BREAKIN_V3,000001,75557,510,512,0.104,0.070,3.287,0.279,3.009,44,FWD,RUN,0.087,0.262,0.061,0.752,0.385,0.113,3.399,52,0.325,540,2.639,21.0
DATA,MOTOR_BREAKIN_V3,000001,75657,511,512,0.078,0.070,3.482,0.000,3.482,44,FWD,RUN,0.074,0.257,0.061,0.474,0.385,0.113,3.399,52,0.325,540,2.639,21.1
DATA,MOTOR_BREAKIN_V3,000001,75757,510,513,0.104,0.000,3.315,0.557,2.758,44,FWD,RUN,0.052,0.143,0.048,0.724,0.385,0.113,3.399,52,0.325,540,2.639,21.0
DATA,MOTOR_BREAKIN_V3,000001,75857,510,512,0.104,0.070,3.371,0.139,3.232,44,FWD,RUN,0.087,0.281,0.061,0.808,0.385,0.113,3.399,52,0.325,540,2.639,21.0
DATA,MOTOR_BREAKIN_V3,000001,75957,510,513,0.104,0.000,3.427,0.306,3.120,44,FWD,RUN,0.052,0.162,0.061,0.613,0.385,0.113,3.399,52,0.325,540,2.639,21.1
DATA,MOTOR_BREAKIN_V3,000001,76057,510,512,0.104,0.070,3.399,0.306,3.092,44,FWD,RUN,0.087,0.269,0.061,0.446,0.385,0.113,3.399,52,0.325,540,2.639,21.0
DATA,MOTOR_BREAKIN_V3,000001,76157,511,512,0.078,0.070,3.343,0.334,3.009,44,FWD,RUN,0.074,0.222,0.061,0.418,0.385,0.113,3.399,52,0.325,540,2.639,21.1
DATA,MOTOR_BREAKIN_V3,000001,76257,510,512,0.104,0.070,3.204,0.306,2.897,44,FWD,RUN,0.087,0.252,0.061,0.529,0.385,0.113,3.399,52,0.325,540,2.639,21.0
DATA,MOTOR_BREAKIN_V3,000001,76357,511,512,0.078,0.070,3.287,0.279,3.009,44,FWD,RUN,0.074,0.222,0.048,0.474,0.385,0.113,3.399,52,0.325,540,2.639,21.0
DATA,MOTOR_BREAKIN_V3,000001,76457,510,512,0.104,0.070,3.399,0.223,3.176,44,FWD,RUN,0.087,0.276,0.048,0.418,0.385,0.113,3.399,52,0.325,540,2.639,21.1
DATA,MOTOR_BREAKIN_V3,000001,76557,512,514,0.051,0.000,3.622,0.084,3.538,44,FWD,RUN,0.026,0.090,0.061,0.613,0.385,0.113,3.399,52,0.325,540,2.639,21.0
DATA,MOTOR_BREAKIN_V3,000001,76657,510,511,0.104,0.096,3.343,0.306,3.037,44,FWD,RUN,0.100,0.304,0.075,0.585,0.385,0.113,3.399,52,0.325,540,2.639,21.0
DATA,MOTOR_BREAKIN_V3,000001,76757,511,513,0.078,0.000,3.399,0.334,3.065,44,FWD,RUN,0.039,0.119,0.061,0.724,0.385,0.113,3.399,52,0.325,540,2.639,21.0
DATA,MOTOR_BREAKIN_V3,000001,76857,510,512,0.104,0.070,3.427,0.195,3.232,44,FWD,RUN,0.087,0.281,0.048,0.724,0.385,0.113,3.399,52,0.325,540,2.639,21.0
DATA,MOTOR_BREAKIN_V3,000001,76957,511,512,0.078,0.070,3.427,0.306,3.120,44,FWD,RUN,0.074,0.230,0.061,0.362,0.385,0.113,3.399,52,0.325,540,2.639,21.0
DATA,MOTOR_BREAKIN_V3,000001,77057,510,512,0.104,0.070,3.287,0.306,2.981,44,FWD,RUN,0.087,0.259,0.061,0.418,0.385,0.113,3.399,52,0.325,540,2.639,21.0
DATA,MOTOR_BREAKIN_V3,000001,77157,512,513,0.051,0.000,3.566,0.195,3.371,44,FWD,RUN,0.026,0.086,0.061,0.501,0.385,0.113,3.399,52,0.325,540,2.639,21.0
DATA,MOTOR_BREAKIN_V3,000001,77257,510,513,0.104,0.000,3.343,0.418,2.925,44,FWD,RUN,0.052,0.152,0.075,0.474,0.385,0.113,3.399,52,0.325,540,2.639,21.0
DATA,MOTOR_BREAKIN_V3,000001,77357,511,512,0.078,0.070,3.343,0.334,3.009,44,FWD,RUN,0.074,0.222,0.048,0.306,0.385,0.113,3.399,52,0.325,540,2.639,21.0
DATA,MOTOR_BREAKIN_V3,000001,77457,510,512,0.104,0.070,3.399,0.251,3.148,44,FWD,RUN,0.087,0.274,0.061,0.251,0.385,0.113,3.399,52,0.325,540,2.639,21.0
DATA,MOTOR_BREAKIN_V3,000001,77557,510,512,0.104,0.070,3.538,0.195,3.343,44,FWD,RUN,0.087,0.291,0.087,0.474,0.385,0.113,3.399,52,0.325,540,2.639,21.0
DATA,MOTOR_BREAKIN_V3,000001,77656,512,513,0.051,0.000,3.650,0.000,3.650,44,FWD,RUN,0.026,0.093,0.087,0.696,0.385,0.113,3.399,52,0.325,535,2.615,21.0
DATA,MOTOR_BREAKIN_V3,000001,77757,510,512,0.104,0.070,3.482,0.028,3.455,44,FWD,RUN,0.087,0.300,0.087,0.864,0.385,0.113,3.399,52,0.325,540,2.639,21.0
DATA,MOTOR_BREAKIN_V3,000001,77857,510,512,0.104,0.070,3.427,0.334,3.092,44,FWD,RUN,0.087,0.269,0.061,0.669,0.385,0.113,3.399,52,0.325,540,2.639,21.0
DATA,MOTOR_BREAKIN_V3,000001,77957,510,512,0.104,0.070,3.343,0.334,3.009,44,FWD,RUN,0.087,0.262,0.061,0.195,0.385,0.113,3.399,52,0.325,540,2.639,21.0
DATA,MOTOR_BREAKIN_V3,000001,78057,512,512,0.051,0.070,3.287,0.251,3.037,44,FWD,RUN,0.061,0.184,0.061,0.223,0.385,0.113,3.399,52,0.325,540,2.639,21.0
DATA,MOTOR_BREAKIN_V3,000001,78157,511,513,0.078,0.000,3.566,0.251,3.315,44,FWD,RUN,0.039,0.129,0.048,0.390,0.385,0.113,3.399,52,0.325,540,2.639,21.0
DATA,MOTOR_BREAKIN_V3,000001,78257,511,513,0.078,0.000,3.538,0.167,3.371,44,FWD,RUN,0.039,0.131,0.048,0.641,0.385,0.113,3.399,52,0.325,540,2.639,21.0
DATA,MOTOR_BREAKIN_V3,000001,78357,510,512,0.104,0.070,3.371,0.334,3.037,44,FWD,RUN,0.087,0.264,0.048,0.752,0.385,0.113,3.399,52,0.325,540,2.639,21.0
DATA,MOTOR_BREAKIN_V3,000001,78457,512,512,0.051,0.070,3.399,0.223,3.176,44,FWD,RUN,0.061,0.192,0.048,0.752,0.385,0.113,3.399,52,0.325,540,2.639,21.0
DATA,MOTOR_BREAKIN_V3,000001,78557,511,511,0.078,0.096,3.371,0.251,3.120,44,FWD,RUN,0.087,0.271,0.048,1.003,0.385,0.113,3.399,52,0.325,540,2.639,21.0
DATA,MOTOR_BREAKIN_V3,000001,78657,510,511,0.104,0.096,3.343,0.223,3.120,44,FWD,RUN,0.100,0.313,0.061,0.808,0.385,0.113,3.399,52,0.325,540,2.639,21.0
DATA,MOTOR_BREAKIN_V3,000001,78757,510,513,0.104,0.000,3.343,0.223,3.120,44,FWD,RUN,0.052,0.162,0.075,0.195,0.385,0.113,3.399,52,0.325,540,2.639,21.0
DATA,MOTOR_BREAKIN_V3,000001,78857,510,513,0.104,0.000,3.232,0.306,2.925,44,FWD,RUN,0.052,0.152,0.061,0.251,0.385,0.113,3.399,52,0.325,540,2.639,21.0
DATA,MOTOR_BREAKIN_V3,000001,78957,510,512,0.104,0.070,3.371,0.195,3.176,44,FWD,RUN,0.087,0.276,0.061,0.251,0.385,0.113,3.399,52,0.325,540,2.639,21.0
DATA,MOTOR_BREAKIN_V3,000001,79057,510,512,0.104,0.070,3.427,0.279,3.148,44,FWD,RUN,0.087,0.274,0.061,0.195,0.385,0.113,3.399,52,0.325,540,2.639,21.0
DATA,MOTOR_BREAKIN_V3,000001,79157,511,512,0.078,0.070,3.343,0.585,2.758,44,FWD,RUN,0.074,0.203,0.048,0.474,0.385,0.113,3.399,52,0.325,540,2.639,21.0
DATA,MOTOR_BREAKIN_V3,000001,79257,512,514,0.051,0.000,3.510,0.139,3.371,44,FWD,RUN,0.026,0.086,0.061,0.613,0.385,0.113,3.399,52,0.325,540,2.639,21.0
DATA,MOTOR_BREAKIN_V3,000001,79357,511,512,0.078,0.070,3.371,0.195,3.176,44,FWD,RUN,0.074,0.234,0.061,0.641,0.385,0.113,3.399,52,0.325,540,2.639,21.0
DATA,MOTOR_BREAKIN_V3,000001,79457,511,512,0.078,0.070,3.287,0.251,3.037,44,FWD,RUN,0.074,0.224,0.048,0.585,0.385,0.113,3.399,52,0.325,540,2.639,21.0
DATA,MOTOR_BREAKIN_V3,000001,79557,510,513,0.104,0.000,3.427,0.167,3.260,44,FWD,RUN,0.052,0.169,0.061,0.279,0.385,0.113,3.399,52,0.325,540,2.639,21.1
DATA,MOTOR_BREAKIN_V3,000001,79657,511,512,0.078,0.070,3.538,0.223,3.315,44,FWD,RUN,0.074,0.244,0.048,0.362,0.385,0.113,3.399,52,0.325,540,2.639,21.0
DATA,MOTOR_BREAKIN_V3,000001,79757,510,512,0.104,0.070,3.287,0.195,3.092,44,FWD,RUN,0.087,0.269,0.048,0.390,0.385,0.113,3.399,52,0.325,540,2.639,21.0
DATA,MOTOR_BREAKIN_V3,000001,79857,511,512,0.078,0.070,3.399,0.390,3.009,44,FWD,RUN,0.074,0.222,0.048,0.446,0.385,0.113,3.399,52,0.325,540,2.639,21.0
DATA,MOTOR_BREAKIN_V3,000001,79957,511,513,0.078,0.000,3.622,0.111,3.510,44,FWD,RUN,0.039,0.136,0.048,0.501,0.385,0.113,3.399,52,0.325,540,2.639,21.0
DATA,MOTOR_BREAKIN_V3,000001,80057,510,513,0.104,0.000,3.343,0.334,3.009,44,FWD,RUN,0.052,0.156,0.048,0.501,0.385,0.113,3.399,52,0.325,540,2.639,21.0
DATA,MOTOR_BREAKIN_V3,000001,80157,511,514,0.078,0.000,3.538,0.223,3.315,44,FWD,RUN,0.039,0.129,0.048,0.613,0.385,0.113,3.399,52,0.325,540,2.639,21.0
DATA,MOTOR_BREAKIN_V3,000001,80257,511,513,0.078,0.000,3.315,0.390,2.925,44,FWD,RUN,0.039,0.113,0.048,0.446,0.385,0.113,3.399,52,0.325,540,2.639,21.0
DATA,MOTOR_BREAKIN_V3,000001,80357,510,512,0.104,0.070,3.204,0.306,2.897,44,FWD,RUN,0.087,0.252,0.061,0.808,0.385,0.113,3.399,52,0.325,540,2.639,21.0
DATA,MOTOR_BREAKIN_V3,000001,80457,511,512,0.078,0.070,3.510,0.111,3.399,44,FWD,RUN,0.074,0.251,0.061,0.808,0.385,0.113,3.399,52,0.325,540,2.639,21.0
DATA,MOTOR_BREAKIN_V3,000001,80557,511,512,0.078,0.070,3.232,0.306,2.925,44,FWD,RUN,0.074,0.216,0.048,0.557,0.385,0.113,3.399,52,0.325,540,2.639,21.0
DATA,MOTOR_BREAKIN_V3,000001,80657,510,511,0.104,0.096,3.343,0.334,3.009,44,FWD,RUN,0.100,0.301,0.075,0.557,0.385,0.113,3.399,52,0.325,540,2.639,21.0
DATA,MOTOR_BREAKIN_V3,000001,80757,511,512,0.078,0.070,3.482,0.195,3.287,44,FWD,RUN,0.074,0.242,0.075,0.557,0.385,0.113,3.399,52,0.325,540,2.639,21.0
DATA,MOTOR_BREAKIN_V3,000001,80856,510,512,0.104,0.070,3.427,0.279,3.148,44,FWD,RUN,0.087,0.274,0.061,0.557,0.385,0.113,3.399,52,0.325,540,2.639,21.0
DATA,MOTOR_BREAKIN_V3,000001,80957,510,512,0.104,0.070,3.399,0.167,3.232,44,FWD,RUN,0.087,0.281,0.061,0.167,0.385,0.113,3.399,52,0.325,540,2.639,21.0
DATA,MOTOR_BREAKIN_V3,000001,81057,511,512,0.078,0.070,3.315,0.279,3.037,44,FWD,RUN,0.074,0.224,0.075,0.585,0.385,0.113,3.399,52,0.325,540,2.639,21.0
DATA,MOTOR_BREAKIN_V3,000001,81157,510,512,0.104,0.070,3.427,0.306,3.120,44,FWD,RUN,0.087,0.271,0.061,0.585,0.385,0.113,3.399,52,0.325,540,2.639,21.0
DATA,MOTOR_BREAKIN_V3,000001,81257,510,512,0.104,0.070,3.455,0.139,3.315,44,FWD,RUN,0.087,0.288,0.061,0.306,0.385,0.113,3.399,52,0.325,540,2.639,21.0
DATA,MOTOR_BREAKIN_V3,000001,81357,510,512,0.104,0.070,3.566,0.167,3.399,44,FWD,RUN,0.087,0.296,0.075,0.613,0.385,0.113,3.399,52,0.325,540,2.639,21.0
DATA,MOTOR_BREAKIN_V3,000001,81457,511,512,0.078,0.070,3.232,0.306,2.925,44,FWD,RUN,0.074,0.216,0.061,0.752,0.385,0.113,3.399,52,0.325,540,2.639,21.0
DATA,MOTOR_BREAKIN_V3,000001,81557,510,512,0.104,0.070,3.343,0.167,3.176,44,FWD,RUN,0.087,0.276,0.075,0.334,0.385,0.113,3.399,52,0.325,540,2.639,21.0
DATA,MOTOR_BREAKIN_V3,000001,81657,510,511,0.104,0.096,3.427,0.306,3.120,44,FWD,RUN,0.100,0.313,0.061,0.251,0.385,0.113,3.399,52,0.325,540,2.639,21.0
DATA,MOTOR_BREAKIN_V3,000001,81757,511,512,0.078,0.070,3.315,0.334,2.981,44,FWD,RUN,0.074,0.220,0.048,0.251,0.385,0.113,3.399,52,0.325,540,2.639,21.0
DATA,MOTOR_BREAKIN_V3,000001,81857,510,512,0.104,0.070,3.343,0.501,2.842,44,FWD,RUN,0.087,0.247,0.035,0.418,0.385,0.113,3.399,52,0.325,540,2.639,21.0
DATA,MOTOR_BREAKIN_V3,000001,81957,510,512,0.104,0.070,3.371,0.418,2.953,44,FWD,RUN,0.087,0.257,0.035,0.418,0.385,0.113,3.399,52,0.325,540,2.639,20.9
DATA,MOTOR_BREAKIN_V3,000001,82057,510,513,0.104,0.000,3.399,0.334,3.065,44,FWD,RUN,0.052,0.159,0.048,0.139,0.385,0.113,3.399,52,0.325,540,2.639,21.0
DATA,MOTOR_BREAKIN_V3,000001,82157,511,512,0.078,0.070,3.287,0.334,2.953,44,FWD,RUN,0.074,0.218,0.048,0.418,0.385,0.113,3.399,52,0.325,540,2.639,21.0
DATA,MOTOR_BREAKIN_V3,000001,82257,510,512,0.104,0.070,3.371,0.195,3.176,44,FWD,RUN,0.087,0.276,0.061,0.557,0.385,0.113,3.399,52,0.325,540,2.639,20.9
DATA,MOTOR_BREAKIN_V3,000001,82357,511,513,0.078,0.000,3.427,0.139,3.287,44,FWD,RUN,0.039,0.127,0.061,0.696,0.385,0.113,3.399,52,0.325,540,2.639,20.9
DATA,MOTOR_BREAKIN_V3,000001,82457,510,513,0.104,0.000,3.538,0.167,3.371,44,FWD,RUN,0.052,0.175,0.048,0.724,0.385,0.113,3.399,52,0.325,540,2.639,21.0
DATA,MOTOR_BREAKIN_V3,000001,82557,511,512,0.078,0.070,3.287,0.251,3.037,44,FWD,RUN,0.074,0.224,0.048,0.557,0.385,0.113,3.399,52,0.325,540,2.639,21.0
DATA,MOTOR_BREAKIN_V3,000001,82657,510,512,0.104,0.070,3.427,0.251,3.176,44,FWD,RUN,0.087,0.276,0.048,0.362,0.385,0.113,3.399,52,0.325,540,2.639,21.0
DATA,MOTOR_BREAKIN_V3,000001,82757,511,512,0.078,0.070,3.427,0.167,3.260,44,FWD,RUN,0.074,0.240,0.048,0.334,0.385,0.113,3.399,52,0.325,540,2.639,21.0
DATA,MOTOR_BREAKIN_V3,000001,82857,511,512,0.078,0.070,3.510,0.223,3.287,44,FWD,RUN,0.074,0.242,0.061,0.669,0.385,0.113,3.399,52,0.325,540,2.639,21.0
DATA,MOTOR_BREAKIN_V3,000001,82957,511,512,0.078,0.070,3.427,0.167,3.260,44,FWD,RUN,0.074,0.240,0.061,0.613,0.385,0.113,3.399,52,0.325,540,2.639,21.0
DATA,MOTOR_BREAKIN_V3,000001,83057,510,512,0.104,0.070,3.287,0.306,2.981,44,FWD,RUN,0.087,0.259,0.061,0.474,0.385,0.113,3.399,52,0.325,540,2.639,21.0
DATA,MOTOR_BREAKIN_V3,000001,83157,510,513,0.104,0.000,3.260,0.334,2.925,44,FWD,RUN,0.052,0.152,0.061,0.279,0.385,0.113,3.399,52,0.325,540,2.639,21.0
DATA,MOTOR_BREAKIN_V3,000001,83257,511,512,0.078,0.070,3.399,0.306,3.092,44,FWD,RUN,0.074,0.228,0.048,0.334,0.385,0.113,3.399,52,0.325,540,2.639,21.0
DATA,MOTOR_BREAKIN_V3,000001,83357,511,512,0.078,0.070,3.566,0.056,3.510,44,FWD,RUN,0.074,0.259,0.026,0.585,0.385,0.113,3.399,52,0.325,539,2.634,21.0
DATA,MOTOR_BREAKIN_V3,000001,83457,511,513,0.078,0.000,3.260,0.306,2.953,44,FWD,RUN,0.039,0.115,0.075,0.585,0.385,0.113,3.399,52,0.325,540,2.639,21.0
DATA,MOTOR_BREAKIN_V3,000001,83557,510,513,0.104,0.000,3.371,0.251,3.120,44,FWD,RUN,0.052,0.162,0.061,0.501,0.385,0.113,3.399,52,0.325,540,2.639,21.0
DATA,MOTOR_BREAKIN_V3,000001,83657,511,512,0.078,0.070,3.287,0.279,3.009,44,FWD,RUN,0.074,0.222,0.048,0.418,0.385,0.113,3.399,52,0.325,540,2.639,20.9
DATA,MOTOR_BREAKIN_V3,000001,83757,511,513,0.078,0.000,3.594,0.167,3.427,44,FWD,RUN,0.039,0.133,0.061,0.446,0.385,0.113,3.399,52,0.325,551,2.693,20.9
DATA,MOTOR_BREAKIN_V3,000001,83857,510,512,0.104,0.070,3.399,0.251,3.148,44,FWD,RUN,0.087,0.274,0.061,0.474,0.385,0.113,3.399,52,0.325,540,2.639,20.9
DATA,MOTOR_BREAKIN_V3,000001,83957,511,512,0.078,0.070,3.510,0.195,3.315,44,FWD,RUN,0.074,0.244,0.075,0.752,0.385,0.113,3.399,52,0.325,540,2.639,20.9
DATA,MOTOR_BREAKIN_V3,000001,84056,510,512,0.104,0.070,3.455,0.279,3.176,44,FWD,RUN,0.087,0.276,0.075,0.752,0.385,0.113,3.399,52,0.325,540,2.639,21.0
DATA,MOTOR_BREAKIN_V3,000001,84157,510,512,0.104,0.070,3.371,0.334,3.037,44,FWD,RUN,0.087,0.264,0.048,0.418,0.385,0.113,3.399,52,0.325,540,2.639,21.0
DATA,MOTOR_BREAKIN_V3,000001,84257,511,512,0.078,0.070,3.427,0.167,3.260,44,FWD,RUN,0.074,0.240,0.061,0.362,0.385,0.113,3.399,52,0.325,540,2.639,21.0
DATA,MOTOR_BREAKIN_V3,000001,84357,511,512,0.078,0.070,3.510,0.195,3.315,44,FWD,RUN,0.074,0.244,0.061,0.418,0.385,0.113,3.399,52,0.325,540,2.639,20.9
DATA,MOTOR_BREAKIN_V3,000001,84457,511,513,0.078,0.000,3.594,0.000,3.594,44,FWD,RUN,0.039,0.139,0.061,0.696,0.385,0.113,3.399,52,0.325,540,2.639,21.0
DATA,MOTOR_BREAKIN_V3,000001,84557,512,513,0.051,0.000,3.622,0.223,3.399,44,FWD,RUN,0.026,0.087,0.048,0.501,0.385,0.113,3.399,52,0.325,540,2.639,20.9
DATA,MOTOR_BREAKIN_V3,000001,84657,511,512,0.078,0.070,3.232,0.279,2.953,44,FWD,RUN,0.074,0.218,0.048,0.641,0.385,0.113,3.399,52,0.325,540,2.639,20.9
DATA,MOTOR_BREAKIN_V3,000001,84757,511,513,0.078,0.000,3.343,0.334,3.009,44,FWD,RUN,0.039,0.117,0.048,0.669,0.385,0.113,3.399,52,0.325,540,2.639,20.9
DATA,MOTOR_BREAKIN_V3,000001,84857,511,513,0.078,0.000,3.371,0.418,2.953,44,FWD,RUN,0.039,0.115,0.048,0.167,0.385,0.113,3.399,52,0.325,540,2.639,21.0
DATA,MOTOR_BREAKIN_V3,000001,84957,510,512,0.104,0.070,3.371,0.251,3.120,44,FWD,RUN,0.087,0.271,0.113,0.390,0.385,0.113,3.399,52,0.325,540,2.639,20.9
DATA,MOTOR_BREAKIN_V3,000001,85057,512,513,0.051,0.000,3.677,0.056,3.622,44,FWD,RUN,0.026,0.093,0.113,0.501,0.385,0.113,3.399,52,0.325,540,2.639,20.9
DATA,MOTOR_BREAKIN_V3,000001,85157,510,513,0.104,0.000,3.287,0.251,3.037,44,FWD,RUN,0.052,0.158,0.048,0.585,0.385,0.113,3.399,52,0.325,540,2.639,20.9
DATA,MOTOR_BREAKIN_V3,000001,85257,511,513,0.078,0.000,3.287,0.279,3.009,44,FWD,RUN,0.039,0.117,0.048,0.557,0.385,0.113,3.399,52,0.325,540,2.639,20.9
DATA,MOTOR_BREAKIN_V3,000001,85357,510,512,0.104,0.070,3.371,0.223,3.148,44,FWD,RUN,0.087,0.274,0.048,0.195,0.385,0.113,3.399,52,0.325,540,2.639,20.9
DATA,MOTOR_BREAKIN_V3,000001,85457,510,512,0.104,0.070,3.455,0.251,3.204,44,FWD,RUN,0.087,0.279,0.048,0.195,0.385,0.113,3.399,52,0.325,540,2.639,20.9
DATA,MOTOR_BREAKIN_V3,000001,85557,510,513,0.104,0.000,3.399,0.334,3.065,44,FWD,RUN,0.052,0.159,0.035,0.390,0.385,0.113,3.399,52,0.325,540,2.639,20.9
DATA,MOTOR_BREAKIN_V3,000001,85657,511,512,0.078,0.070,3.343,0.251,3.092,44,FWD,RUN,0.074,0.228,0.048,0.334,0.385,0.113,3.399,52,0.325,540,2.639,20.9
DATA,MOTOR_BREAKIN_V3,000001,85757,512,513,0.051,0.000,3.510,0.223,3.287,44,FWD,RUN,0.026,0.084,0.061,0.613,0.385,0.113,3.399,52,0.325,540,2.639,20.9
DATA,MOTOR_BREAKIN_V3,000001,85857,511,512,0.078,0.070,3.343,0.195,3.148,44,FWD,RUN,0.074,0.232,0.061,0.669,0.385,0.113,3.399,52,0.325,540,2.639,20.9
DATA,MOTOR_BREAKIN_V3,000001,85957,510,513,0.104,0.000,3.566,0.111,3.455,44,FWD,RUN,0.052,0.180,0.061,0.501,0.385,0.113,3.399,52,0.325,540,2.639,20.9
DATA,MOTOR_BREAKIN_V3,000001,86057,511,512,0.078,0.070,3.399,0.306,3.092,44,FWD,RUN,0.074,0.228,0.061,0.501,0.385,0.113,3.399,52,0.325,540,2.639,20.9
DATA,MOTOR_BREAKIN_V3,000001,86157,511,512,0.078,0.070,3.482,0.251,3.232,44,FWD,RUN,0.074,0.238,0.061,0.501,0.385,0.113,3.399,52,0.325,540,2.639,20.9
DATA,MOTOR_BREAKIN_V3,000001,86257,510,512,0.104,0.070,3.427,0.306,3.120,44,FWD,RUN,0.087,0.271,0.061,0.529,0.385,0.113,3.399,52,0.325,540,2.639,20.9
DATA,MOTOR_BREAKIN_V3,000001,86357,512,512,0.051,0.070,3.232,0.251,2.981,44,FWD,RUN,0.061,0.180,0.061,0.446,0.385,0.113,3.399,52,0.325,540,2.639,20.9
DATA,MOTOR_BREAKIN_V3,000001,86457,511,513,0.078,0.000,3.482,0.223,3.260,44,FWD,RUN,0.039,0.126,0.061,0.418,0.385,0.113,3.399,52,0.325,540,2.639,20.9
DATA,MOTOR_BREAKIN_V3,000001,86557,511,512,0.078,0.070,3.371,0.279,3.092,44,FWD,RUN,0.074,0.228,0.061,0.195,0.385,0.113,3.399,52,0.325,540,2.639,20.9
DATA,MOTOR_BREAKIN_V3,000001,86657,511,512,0.078,0.070,3.455,0.306,3.148,44,FWD,RUN,0.074,0.232,0.061,0.474,0.385,0.113,3.399,52,0.325,540,2.639,20.9
DATA,MOTOR_BREAKIN_V3,000001,86757,511,512,0.078,0.070,3.287,0.251,3.037,44,FWD,RUN,0.074,0.224,0.048,0.474,0.385,0.113,3.399,52,0.325,540,2.639,20.9
DATA,MOTOR_BREAKIN_V3,000001,86857,511,512,0.078,0.070,3.399,0.279,3.120,44,FWD,RUN,0.074,0.230,0.087,0.418,0.385,0.113,3.399,52,0.325,540,2.639,20.9
DATA,MOTOR_BREAKIN_V3,000001,86957,511,512,0.078,0.070,3.594,0.111,3.482,44,FWD,RUN,0.074,0.257,0.087,0.501,0.385,0.113,3.399,52,0.325,540,2.639,20.9
DATA,MOTOR_BREAKIN_V3,000001,87057,511,512,0.078,0.070,3.343,0.306,3.037,44,FWD,RUN,0.074,0.224,0.035,0.557,0.385,0.113,3.399,52,0.325,540,2.639,20.9
DATA,MOTOR_BREAKIN_V3,000001,87157,510,512,0.104,0.070,3.315,0.501,2.814,44,FWD,RUN,0.087,0.245,0.052,0.724,0.385,0.113,3.399,52,0.325,540,2.639,20.9
DATA,MOTOR_BREAKIN_V3,000001,87256,512,512,0.051,0.070,3.260,0.306,2.953,44,FWD,RUN,0.061,0.179,0.052,0.696,0.385,0.113,3.399,52,0.325,539,2.634,20.9
DATA,MOTOR_BREAKIN_V3,000001,87357,510,512,0.104,0.070,3.427,0.279,3.148,44,FWD,RUN,0.087,0.274,0.100,0.474,0.385,0.113,3.399,52,0.325,540,2.639,20.9
DATA,MOTOR_BREAKIN_V3,000001,87457,511,512,0.078,0.070,3.510,0.195,3.315,44,FWD,RUN,0.074,0.244,0.100,0.696,0.385,0.113,3.399,52,0.325,540,2.639,20.9
DATA,MOTOR_BREAKIN_V3,000001,87557,511,512,0.078,0.070,3.482,0.279,3.204,44,FWD,RUN,0.074,0.236,0.061,0.724,0.385,0.113,3.399,52,0.325,540,2.639,20.8
DATA,MOTOR_BREAKIN_V3,000001,87657,511,512,0.078,0.070,3.427,0.251,3.176,44,FWD,RUN,0.074,0.234,0.061,0.306,0.385,0.113,3.399,52,0.325,540,2.639,20.9
DATA,MOTOR_BREAKIN_V3,000001,87757,512,513,0.051,0.000,3.232,0.251,2.981,44,FWD,RUN,0.026,0.076,0.061,0.306,0.385,0.113,3.399,52,0.325,540,2.639,20.9
DATA,MOTOR_BREAKIN_V3,000001,87857,510,513,0.104,0.000,3.510,0.557,2.953,44,FWD,RUN,0.052,0.154,0.061,0.334,0.385,0.113,3.399,52,0.325,540,2.639,20.9
DATA,MOTOR_BREAKIN_V3,000001,87957,511,512,0.078,0.070,3.399,0.223,3.176,44,FWD,RUN,0.074,0.234,0.061,0.557,0.385,0.113,3.399,52,0.325,540,2.639,20.8
DATA,MOTOR_BREAKIN_V3,000001,88057,511,512,0.078,0.070,3.371,0.334,3.037,44,FWD,RUN,0.074,0.224,0.061,0.613,0.385,0.113,3.399,52,0.325,540,2.639,20.9
DATA,MOTOR_BREAKIN_V3,000001,88157,510,513,0.104,0.000,3.371,0.501,2.870,44,FWD,RUN,0.052,0.149,0.048,0.334,0.385,0.113,3.399,52,0.325,540,2.639,20.9
DATA,MOTOR_BREAKIN_V3,000001,88257,511,512,0.078,0.070,3.343,0.223,3.120,44,FWD,RUN,0.074,0.230,0.048,0.780,0.385,0.113,3.399,52,0.325,540,2.639,20.8
DATA,MOTOR_BREAKIN_V3,000001,88357,510,512,0.104,0.070,3.399,0.334,3.065,44,FWD,RUN,0.087,0.266,0.061,0.724,0.385,0.113,3.399,52,0.325,540,2.639,20.8
DATA,MOTOR_BREAKIN_V3,000001,88457,511,512,0.078,0.070,3.260,0.334,2.925,44,FWD,RUN,0.074,0.216,0.075,0.223,0.385,0.113,3.399,52,0.325,540,2.639,20.9
DATA,MOTOR_BREAKIN_V3,000001,88557,511,512,0.078,0.070,3.594,0.111,3.482,44,FWD,RUN,0.074,0.257,0.075,0.557,0.385,0.113,3.399,52,0.325,540,2.639,20.8
DATA,MOTOR_BREAKIN_V3,000001,88657,511,512,0.078,0.070,3.232,0.223,3.009,44,FWD,RUN,0.074,0.222,0.061,0.474,0.385,0.113,3.399,52,0.325,540,2.639,20.9
DATA,MOTOR_BREAKIN_V3,000001,88757,510,512,0.104,0.070,3.371,0.251,3.120,44,FWD,RUN,0.087,0.271,0.035,0.306,0.385,0.113,3.399,52,0.325,540,2.639,20.9
DATA,MOTOR_BREAKIN_V3,000001,88857,511,513,0.078,0.000,3.343,0.334,3.009,44,FWD,RUN,0.039,0.117,0.048,0.195,0.385,0.113,3.399,52,0.325,540,2.639,20.9
DATA,MOTOR_BREAKIN_V3,000001,88957,511,512,0.078,0.070,3.566,0.139,3.427,44,FWD,RUN,0.074,0.253,0.048,0.474,0.385,0.113,3.399,52,0.325,540,2.639,20.8
DATA,MOTOR_BREAKIN_V3,000001,89057,511,512,0.078,0.070,3.315,0.251,3.065,44,FWD,RUN,0.074,0.226,0.048,0.501,0.385,0.113,3.399,52,0.325,540,2.639,20.8
DATA,MOTOR_BREAKIN_V3,000001,89157,510,513,0.104,0.000,3.315,0.223,3.092,44,FWD,RUN,0.052,0.161,0.061,0.501,0.385,0.113,3.399,52,0.325,540,2.639,20.9
DATA,MOTOR_BREAKIN_V3,000001,89257,512,512,0.051,0.070,3.427,0.251,3.176,44,FWD,RUN,0.061,0.192,0.061,0.223,0.385,0.113,3.399,52,0.325,540,2.639,20.9
DATA,MOTOR_BREAKIN_V3,000001,89357,511,511,0.078,0.096,3.371,0.334,3.037,44,FWD,RUN,0.087,0.264,0.061,0.223,0.385,0.113,3.399,52,0.325,540,2.639,20.9
DATA,MOTOR_BREAKIN_V3,000001,89457,512,513,0.051,0.000,3.455,0.251,3.204,44,FWD,RUN,0.026,0.082,0.061,0.501,0.385,0.113,3.399,52,0.325,540,2.639,20.9
DATA,MOTOR_BREAKIN_V3,000001,89557,511,512,0.078,0.070,3.343,0.279,3.065,44,FWD,RUN,0.074,0.226,0.087,0.780,0.385,0.113,3.399,52,0.325,540,2.639,20.9
DATA,MOTOR_BREAKIN_V3,000001,89657,510,511,0.104,0.096,3.371,0.223,3.148,44,FWD,RUN,0.100,0.315,0.100,0.613,0.385,0.113,3.399,52,0.325,540,2.639,20.8
DATA,MOTOR_BREAKIN_V3,000001,89757,511,513,0.078,0.000,3.371,0.279,3.092,44,FWD,RUN,0.039,0.120,0.061,0.279,0.385,0.113,3.399,52,0.325,540,2.639,20.9
DATA,MOTOR_BREAKIN_V3,000001,89857,511,512,0.078,0.070,3.455,0.084,3.371,44,FWD,RUN,0.074,0.249,0.061,0.780,0.385,0.113,3.399,52,0.325,540,2.639,20.9
DATA,MOTOR_BREAKIN_V3,000001,89957,512,513,0.051,0.000,3.343,0.195,3.148,44,FWD,RUN,0.026,0.080,0.061,0.864,0.385,0.113,3.399,52,0.325,540,2.639,20.8
DATA,MOTOR_BREAKIN_V3,000001,90057,511,512,0.078,0.070,3.343,0.251,3.092,44,FWD,RUN,0.074,0.228,0.061,0.641,0.385,0.113,3.399,52,0.325,540,2.639,20.9
DATA,MOTOR_BREAKIN_V3,000001,90157,510,511,0.104,0.096,3.399,0.390,3.009,44,FWD,RUN,0.100,0.301,0.061,0.223,0.385,0.113,3.399,52,0.325,540,2.639,20.8
DATA,MOTOR_BREAKIN_V3,000001,90257,511,512,0.078,0.070,3.427,0.279,3.148,44,FWD,RUN,0.074,0.232,0.061,0.167,0.385,0.113,3.399,52,0.325,539,2.634,20.8
DATA,MOTOR_BREAKIN_V3,000001,90357,510,512,0.104,0.070,3.343,0.251,3.092,44,FWD,RUN,0.087,0.269,0.061,0.167,0.385,0.113,3.399,52,0.325,540,2.639,20.8
DATA,MOTOR_BREAKIN_V3,000001,90456,511,512,0.078,0.070,3.287,0.279,3.009,44,FWD,RUN,0.074,0.222,0.048,0.251,0.385,0.113,3.399,52,0.325,540,2.639,20.8
DATA,MOTOR_BREAKIN_V3,000001,90557,511,513,0.078,0.000,3.455,0.223,3.232,44,FWD,RUN,0.039,0.125,0.048,0.362,0.385,0.113,3.399,52,0.325,540,2.639,20.8
DATA,MOTOR_BREAKIN_V3,000001,90657,512,512,0.051,0.070,3.427,0.195,3.232,44,FWD,RUN,0.061,0.196,0.061,0.474,0.385,0.113,3.399,52,0.325,540,2.639,20.8
DATA,MOTOR_BREAKIN_V3,000001,90757,510,512,0.104,0.070,3.260,0.306,2.953,44,FWD,RUN,0.087,0.257,0.061,0.474,0.385,0.113,3.399,52,0.325,540,2.639,20.8
DATA,MOTOR_BREAKIN_V3,000001,90857,510,512,0.104,0.070,3.371,0.251,3.120,44,FWD,RUN,0.087,0.271,0.048,0.501,0.385,0.113,3.399,52,0.325,540,2.639,20.7
DATA,MOTOR_BREAKIN_V3,000001,90957,512,514,0.051,0.000,3.566,0.111,3.455,44,FWD,RUN,0.026,0.088,0.061,0.501,0.385,0.113,3.399,52,0.325,540,2.639,20.8
DATA,MOTOR_BREAKIN_V3,000001,91057,512,513,0.051,0.000,3.343,0.251,3.092,44,FWD,RUN,0.026,0.079,0.061,0.557,0.385,0.113,3.399,52,0.325,539,2.634,20.8
DATA,MOTOR_BREAKIN_V3,000001,91157,511,512,0.078,0.070,3.427,0.195,3.232,44,FWD,RUN,0.074,0.238,0.061,0.501,0.385,0.113,3.399,52,0.325,540,2.639,20.8
DATA,MOTOR_BREAKIN_V3,000001,91257,511,512,0.078,0.070,3.510,0.251,3.260,44,FWD,RUN,0.074,0.240,0.061,0.669,0.385,0.113,3.399,52,0.325,540,2.639,20.8
DATA,MOTOR_BREAKIN_V3,000001,91357,512,513,0.051,0.000,3.399,0.306,3.092,44,FWD,RUN,0.026,0.079,0.075,0.752,0.385,0.113,3.399,52,0.325,539,2.634,20.8
DATA,MOTOR_BREAKIN_V3,000001,91457,512,512,0.051,0.070,3.343,0.167,3.176,44,FWD,RUN,0.061,0.192,0.048,0.474,0.385,0.113,3.399,52,0.325,539,2.634,20.8
DATA,MOTOR_BREAKIN_V3,000001,91557,511,513,0.078,0.000,3.371,0.223,3.148,44,FWD,RUN,0.039,0.122,0.074,0.891,0.385,0.113,3.399,52,0.325,540,2.639,20.8
DATA,MOTOR_BREAKIN_V3,000001,91657,511,512,0.078,0.070,3.399,0.418,2.981,44,FWD,RUN,0.074,0.220,0.074,0.613,0.385,0.113,3.399,52,0.325,540,2.639,20.8
DATA,MOTOR_BREAKIN_V3,000001,91757,511,512,0.078,0.070,3.427,0.223,3.204,44,FWD,RUN,0.074,0.236,0.035,0.529,0.385,0.113,3.399,52,0.325,540,2.639,20.8
DATA,MOTOR_BREAKIN_V3,000001,91857,511,513,0.078,0.000,3.482,0.251,3.232,44,FWD,RUN,0.039,0.125,0.061,0.557,0.385,0.113,3.399,52,0.325,540,2.639,20.8
DATA,MOTOR_BREAKIN_V3,000001,91957,511,512,0.078,0.070,3.371,0.251,3.120,44,FWD,RUN,0.074,0.230,0.061,0.418,0.385,0.113,3.399,52,0.325,539,2.634,20.8
DATA,MOTOR_BREAKIN_V3,000001,92057,511,513,0.078,0.000,3.399,0.167,3.232,44,FWD,RUN,0.039,0.125,0.061,0.418,0.385,0.113,3.399,52,0.325,540,2.639,20.8
DATA,MOTOR_BREAKIN_V3,000001,92157,511,512,0.078,0.070,3.427,0.167,3.260,44,FWD,RUN,0.074,0.240,0.048,0.557,0.385,0.113,3.399,52,0.325,540,2.639,20.7
DATA,MOTOR_BREAKIN_V3,000001,92257,512,513,0.051,0.000,3.287,0.223,3.065,44,FWD,RUN,0.026,0.078,0.061,0.752,0.385,0.113,3.399,52,0.325,540,2.639,20.7
DATA,MOTOR_BREAKIN_V3,000001,92357,511,512,0.078,0.070,3.315,0.223,3.092,44,FWD,RUN,0.074,0.228,0.061,0.306,0.385,0.113,3.399,52,0.325,540,2.639,20.8
DATA,MOTOR_BREAKIN_V3,000001,92457,512,512,0.051,0.070,3.287,0.223,3.065,44,FWD,RUN,0.061,0.186,0.048,0.223,0.385,0.113,3.399,52,0.325,540,2.639,20.7
DATA,MOTOR_BREAKIN_V3,000001,92557,512,513,0.051,0.000,3.650,0.028,3.622,44,FWD,RUN,0.026,0.093,0.061,0.641,0.385,0.113,3.399,52,0.325,540,2.639,20.7
DATA,MOTOR_BREAKIN_V3,000001,92657,512,512,0.051,0.070,3.650,0.084,3.566,44,FWD,RUN,0.061,0.216,0.075,0.585,0.385,0.113,3.399,52,0.325,540,2.639,20.7
DATA,MOTOR_BREAKIN_V3,000001,92757,512,513,0.051,0.000,3.677,0.028,3.650,44,FWD,RUN,0.026,0.093,0.100,0.390,0.385,0.113,3.399,52,0.325,540,2.639,20.7
DATA,MOTOR_BREAKIN_V3,000001,92857,512,512,0.051,0.070,3.622,0.111,3.510,44,FWD,RUN,0.061,0.212,0.087,0.474,0.385,0.113,3.399,52,0.325,540,2.639,20.7
DATA,MOTOR_BREAKIN_V3,000001,92957,512,513,0.051,0.000,3.315,0.251,3.065,44,FWD,RUN,0.026,0.078,0.074,0.446,0.385,0.113,3.399,52,0.325,540,2.639,20.8
DATA,MOTOR_BREAKIN_V3,000001,93057,511,513,0.078,0.000,3.232,0.279,2.953,44,FWD,RUN,0.039,0.115,0.048,0.279,0.385,0.113,3.399,52,0.325,540,2.639,20.7
DATA,MOTOR_BREAKIN_V3,000001,93157,512,512,0.051,0.070,3.260,0.251,3.009,44,FWD,RUN,0.061,0.182,0.048,0.223,0.385,0.113,3.399,52,0.325,540,2.639,20.7
DATA,MOTOR_BREAKIN_V3,000001,93257,511,512,0.078,0.070,3.260,0.279,2.981,44,FWD,RUN,0.074,0.220,0.061,0.306,0.385,0.113,3.399,52,0.325,540,2.639,20.7
DATA,MOTOR_BREAKIN_V3,000001,93357,511,513,0.078,0.000,3.594,0.084,3.510,44,FWD,RUN,0.039,0.136,0.061,0.529,0.385,0.113,3.399,52,0.325,540,2.639,20.8
DATA,MOTOR_BREAKIN_V3,000001,93457,512,511,0.051,0.096,3.399,0.334,3.065,44,FWD,RUN,0.074,0.226,0.087,0.501,0.385,0.113,3.399,52,0.325,540,2.639,20.7
DATA,MOTOR_BREAKIN_V3,000001,93557,511,512,0.078,0.070,3.287,0.306,2.981,44,FWD,RUN,0.074,0.220,0.087,0.696,0.385,0.113,3.399,52,0.325,540,2.639,20.7
DATA,MOTOR_BREAKIN_V3,000001,93656,511,512,0.078,0.070,3.427,0.279,3.148,44,FWD,RUN,0.074,0.232,0.061,0.641,0.385,0.113,3.399,52,0.325,540,2.639,20.7
DATA,MOTOR_BREAKIN_V3,000001,93757,512,513,0.051,0.000,3.232,0.279,2.953,44,FWD,RUN,0.026,0.075,0.061,0.223,0.385,0.113,3.399,52,0.325,540,2.639,20.7
DATA,MOTOR_BREAKIN_V3,000001,93857,510,513,0.104,0.000,3.260,0.279,2.981,44,FWD,RUN,0.052,0.155,0.061,0.195,0.385,0.113,3.399,52,0.325,540,2.639,20.7
DATA,MOTOR_BREAKIN_V3,000001,93957,512,512,0.051,0.070,3.260,0.251,3.009,44,FWD,RUN,0.061,0.182,0.061,0.334,0.385,0.113,3.399,52,0.325,540,2.639,20.8
DATA,MOTOR_BREAKIN_V3,000001,94057,512,513,0.051,0.000,3.622,0.000,3.622,44,FWD,RUN,0.026,0.093,0.048,0.669,0.385,0.113,3.399,52,0.325,540,2.639,20.7
DATA,MOTOR_BREAKIN_V3,000001,94157,510,513,0.104,0.000,3.343,0.418,2.925,44,FWD,RUN,0.052,0.152,0.048,0.752,0.385,0.113,3.399,52,0.325,540,2.639,20.7
DATA,MOTOR_BREAKIN_V3,000001,94257,511,513,0.078,0.000,3.343,0.251,3.092,44,FWD,RUN,0.039,0.120,0.061,0.752,0.385,0.113,3.399,52,0.325,539,2.634,20.7
DATA,MOTOR_BREAKIN_V3,000001,94357,511,513,0.078,0.000,3.371,0.362,3.009,44,FWD,RUN,0.039,0.117,0.061,0.390,0.385,0.113,3.399,52,0.325,540,2.639,20.8
DATA,MOTOR_BREAKIN_V3,000001,94457,512,512,0.051,0.070,3.204,0.279,2.925,44,FWD,RUN,0.061,0.177,0.048,0.418,0.385,0.113,3.399,52,0.325,540,2.639,20.7
DATA,MOTOR_BREAKIN_V3,000001,94557,510,513,0.104,0.000,3.315,0.362,2.953,44,FWD,RUN,0.052,0.154,0.035,0.474,0.385,0.113,3.399,52,0.325,540,2.639,20.7
DATA,MOTOR_BREAKIN_V3,000001,94657,511,512,0.078,0.070,3.343,0.195,3.148,44,FWD,RUN,0.074,0.232,0.061,0.446,0.385,0.113,3.399,52,0.325,540,2.639,20.7
DATA,MOTOR_BREAKIN_V3,000001,94757,511,512,0.078,0.070,3.315,0.279,3.037,44,FWD,RUN,0.074,0.224,0.048,0.306,0.385,0.113,3.399,52,0.325,540,2.639,20.7
DATA,MOTOR_BREAKIN_V3,000001,94857,512,513,0.051,0.000,3.705,0.028,3.677,44,FWD,RUN,0.026,0.094,0.075,0.780,0.385,0.113,3.399,52,0.325,540,2.639,20.8
DATA,MOTOR_BREAKIN_V3,000001,94957,511,513,0.078,0.000,3.371,0.223,3.148,44,FWD,RUN,0.039,0.122,0.075,0.529,0.385,0.113,3.399,52,0.325,540,2.639,20.7
DATA,MOTOR_BREAKIN_V3,000001,95057,512,513,0.051,0.000,3.315,0.306,3.009,44,FWD,RUN,0.026,0.077,0.061,0.390,0.385,0.113,3.399,52,0.325,540,2.639,20.7
DATA,MOTOR_BREAKIN_V3,000001,95157,510,512,0.104,0.070,3.287,0.334,2.953,44,FWD,RUN,0.087,0.257,0.061,0.167,0.385,0.113,3.399,52,0.325,540,2.639,20.7
DATA,MOTOR_BREAKIN_V3,000001,95257,511,512,0.078,0.070,3.482,0.306,3.176,44,FWD,RUN,0.074,0.234,0.048,0.223,0.385,0.113,3.399,52,0.325,540,2.639,20.7
DATA,MOTOR_BREAKIN_V3,000001,95357,511,513,0.078,0.000,3.538,0.000,3.538,44,FWD,RUN,0.039,0.137,0.048,1.226,0.385,0.113,3.399,52,0.325,540,2.639,20.7
DATA,MOTOR_BREAKIN_V3,000001,95457,511,512,0.078,0.070,3.399,0.306,3.092,44,FWD,RUN,0.074,0.228,0.061,1.226,0.385,0.113,3.399,52,0.325,540,2.639,20.7
DATA,MOTOR_BREAKIN_V3,000001,95557,511,512,0.078,0.070,3.427,0.306,3.120,44,FWD,RUN,0.074,0.230,0.061,0.557,0.385,0.113,3.399,52,0.325,540,2.639,20.7
DATA,MOTOR_BREAKIN_V3,000001,95657,511,512,0.078,0.070,3.343,0.334,3.009,44,FWD,RUN,0.074,0.222,0.061,0.557,0.385,0.113,3.399,52,0.325,540,2.639,20.7
DATA,MOTOR_BREAKIN_V3,000001,95757,511,513,0.078,0.000,3.399,0.279,3.120,44,FWD,RUN,0.039,0.121,0.048,0.223,0.385,0.113,3.399,52,0.325,540,2.639,20.7
DATA,MOTOR_BREAKIN_V3,000001,95857,511,512,0.078,0.070,3.260,0.251,3.009,44,FWD,RUN,0.074,0.222,0.048,0.362,0.385,0.113,3.399,52,0.325,540,2.639,20.7
DATA,MOTOR_BREAKIN_V3,000001,95957,512,513,0.051,0.000,3.510,0.000,3.510,44,FWD,RUN,0.026,0.090,0.061,0.724,0.385,0.113,3.399,52,0.325,540,2.639,20.7
DATA,MOTOR_BREAKIN_V3,000001,96057,511,513,0.078,0.000,3.260,0.279,2.981,44,FWD,RUN,0.039,0.116,0.061,0.724,0.385,0.113,3.399,52,0.325,540,2.639,20.7
DATA,MOTOR_BREAKIN_V3,000001,96157,511,513,0.078,0.000,3.482,0.111,3.371,44,FWD,RUN,0.039,0.131,0.048,0.696,0.385,0.113,3.399,52,0.325,540,2.639,20.7
DATA,MOTOR_BREAKIN_V3,000001,96257,511,512,0.078,0.070,3.371,0.251,3.120,44,FWD,RUN,0.074,0.230,0.061,0.696,0.385,0.113,3.399,52,0.325,540,2.639,20.7
DATA,MOTOR_BREAKIN_V3,000001,96357,510,513,0.104,0.000,3.399,0.167,3.232,44,FWD,RUN,0.052,0.168,0.061,0.752,0.385,0.113,3.399,52,0.325,540,2.639,20.7
DATA,MOTOR_BREAKIN_V3,000001,96457,510,512,0.104,0.070,3.343,0.279,3.065,44,FWD,RUN,0.087,0.266,0.061,0.752,0.385,0.113,3.399,52,0.325,540,2.639,20.6
DATA,MOTOR_BREAKIN_V3,000001,96557,511,513,0.078,0.000,3.482,0.279,3.204,44,FWD,RUN,0.039,0.124,0.048,0.251,0.385,0.113,3.399,52,0.325,540,2.639,20.7
DATA,MOTOR_BREAKIN_V3,000001,96657,511,512,0.078,0.070,3.287,0.306,2.981,44,FWD,RUN,0.074,0.220,0.048,0.836,0.385,0.113,3.399,52,0.325,540,2.639,20.7
DATA,MOTOR_BREAKIN_V3,000001,96757,511,512,0.078,0.070,3.287,0.279,3.009,44,FWD,RUN,0.074,0.222,0.048,0.836,0.385,0.113,3.399,52,0.325,539,2.634,20.6
DATA,MOTOR_BREAKIN_V3,000001,96856,512,512,0.051,0.070,3.677,0.084,3.594,44,FWD,RUN,0.061,0.218,0.061,0.780,0.385,0.113,3.399,52,0.325,540,2.639,20.7
DATA,MOTOR_BREAKIN_V3,000001,96957,511,512,0.078,0.070,3.315,0.306,3.009,44,FWD,RUN,0.074,0.222,0.061,0.724,0.385,0.113,3.399,52,0.325,540,2.639,20.7
DATA,MOTOR_BREAKIN_V3,000001,97057,510,511,0.104,0.096,3.315,0.557,2.758,44,FWD,RUN,0.100,0.276,0.061,0.696,0.385,0.113,3.399,52,0.325,540,2.639,20.7
DATA,MOTOR_BREAKIN_V3,000001,97157,510,512,0.104,0.070,3.315,0.334,2.981,44,FWD,RUN,0.087,0.259,0.040,0.696,0.385,0.113,3.399,52,0.325,540,2.639,20.6
DATA,MOTOR_BREAKIN_V3,000001,97257,511,512,0.078,0.070,3.371,0.334,3.037,44,FWD,RUN,0.074,0.224,0.026,0.195,0.385,0.113,3.399,52,0.325,539,2.634,20.7
DATA,MOTOR_BREAKIN_V3,000001,97357,511,512,0.078,0.070,3.315,0.279,3.037,44,FWD,RUN,0.074,0.224,0.048,0.195,0.385,0.113,3.399,52,0.325,540,2.639,20.6
DATA,MOTOR_BREAKIN_V3,000001,97457,512,512,0.051,0.070,3.260,0.306,2.953,44,FWD,RUN,0.061,0.179,0.052,1.087,0.385,0.113,3.399,52,0.325,540,2.639,20.6
DATA,MOTOR_BREAKIN_V3,000001,97557,510,512,0.104,0.070,3.315,0.223,3.092,44,FWD,RUN,0.087,0.269,0.052,1.087,0.385,0.113,3.399,52,0.325,540,2.639,20.7
DATA,MOTOR_BREAKIN_V3,000001,97657,512,512,0.051,0.070,3.287,0.446,2.842,44,FWD,RUN,0.061,0.172,0.048,0.891,0.385,0.113,3.399,52,0.325,540,2.639,20.6
DATA,MOTOR_BREAKIN_V3,000001,97757,510,512,0.104,0.070,3.371,0.251,3.120,44,FWD,RUN,0.087,0.271,0.048,0.891,0.385,0.113,3.399,52,0.325,540,2.639,20.6
DATA,MOTOR_BREAKIN_V3,000001,97857,510,512,0.104,0.070,3.343,0.306,3.037,44,FWD,RUN,0.087,0.264,0.100,0.752,0.385,0.113,3.399,52,0.325,540,2.639,20.6
DATA,MOTOR_BREAKIN_V3,000001,97957,512,512,0.051,0.070,3.343,0.195,3.148,44,FWD,RUN,0.061,0.191,0.100,0.557,0.385,0.113,3.399,52,0.325,540,2.639,20.7
DATA,MOTOR_BREAKIN_V3,000001,98057,510,512,0.104,0.070,3.427,0.334,3.092,44,FWD,RUN,0.087,0.269,0.100,0.724,0.385,0.113,3.399,52,0.325,540,2.639,20.6
DATA,MOTOR_BREAKIN_V3,000001,98157,511,512,0.078,0.070,3.399,0.223,3.176,44,FWD,RUN,0.074,0.234,0.100,0.780,0.385,0.113,3.399,52,0.325,540,2.639,20.6
DATA,MOTOR_BREAKIN_V3,000001,98257,511,513,0.078,0.000,3.315,0.306,3.009,44,FWD,RUN,0.039,0.117,0.061,0.891,0.385,0.113,3.399,52,0.325,540,2.639,20.7
DATA,MOTOR_BREAKIN_V3,000001,98357,511,512,0.078,0.070,3.315,0.334,2.981,44,FWD,RUN,0.074,0.220,0.061,0.891,0.385,0.113,3.399,52,0.325,539,2.634,20.6
DATA,MOTOR_BREAKIN_V3,000001,98457,512,513,0.051,0.000,3.287,0.251,3.037,44,FWD,RUN,0.026,0.078,0.061,0.223,0.385,0.113,3.399,52,0.325,540,2.639,20.6
DATA,MOTOR_BREAKIN_V3,000001,98557,511,512,0.078,0.070,3.343,0.334,3.009,44,FWD,RUN,0.074,0.222,0.061,0.223,0.385,0.113,3.399,52,0.325,540,2.639,20.6
DATA,MOTOR_BREAKIN_V3,000001,98657,511,512,0.078,0.070,3.427,0.279,3.148,44,FWD,RUN,0.074,0.232,0.026,0.167,0.385,0.113,3.399,52,0.325,540,2.639,20.6
DATA,MOTOR_BREAKIN_V3,000001,98757,511,512,0.078,0.070,3.399,0.306,3.092,44,FWD,RUN,0.074,0.228,0.026,0.223,0.385,0.113,3.399,52,0.325,540,2.639,20.6
DATA,MOTOR_BREAKIN_V3,000001,98857,510,512,0.104,0.070,3.343,0.279,3.065,44,FWD,RUN,0.087,0.266,0.087,0.334,0.385,0.113,3.399,52,0.325,540,2.639,20.7
DATA,MOTOR_BREAKIN_V3,000001,98957,513,512,0.000,0.070,3.677,0.056,3.622,44,FWD,RUN,0.035,0.127,0.087,0.641,0.385,0.113,3.399,52,0.325,540,2.639,20.6
DATA,MOTOR_BREAKIN_V3,000001,99057,512,512,0.051,0.070,3.287,0.279,3.009,44,FWD,RUN,0.061,0.182,0.087,0.724,0.385,0.113,3.399,52,0.325,540,2.639,20.6
DATA,MOTOR_BREAKIN_V3,000001,99157,510,512,0.104,0.070,3.427,0.334,3.092,44,FWD,RUN,0.087,0.269,0.087,0.724,0.385,0.113,3.399,52,0.325,540,2.639,20.6
DATA,MOTOR_BREAKIN_V3,000001,99257,512,513,0.051,0.000,3.510,0.279,3.232,44,FWD,RUN,0.026,0.083,0.061,0.195,0.385,0.113,3.399,52,0.325,540,2.639,20.6
DATA,MOTOR_BREAKIN_V3,000001,99357,511,512,0.078,0.070,3.232,0.279,2.953,44,FWD,RUN,0.074,0.218,0.048,0.780,0.385,0.113,3.399,52,0.325,540,2.639,20.6
DATA,MOTOR_BREAKIN_V3,000001,99457,511,513,0.078,0.000,3.427,0.306,3.120,44,FWD,RUN,0.039,0.121,0.061,0.780,0.385,0.113,3.399,52,0.325,540,2.639,20.6
DATA,MOTOR_BREAKIN_V3,000001,99557,511,512,0.078,0.070,3.343,0.334,3.009,44,FWD,RUN,0.074,0.222,0.061,0.279,0.385,0.113,3.399,52,0.325,540,2.639,20.6
DATA,MOTOR_BREAKIN_V3,000001,99657,511,512,0.078,0.070,3.566,0.139,3.427,44,FWD,RUN,0.074,0.253,0.061,0.696,0.385,0.113,3.399,52,0.325,540,2.639,20.6
DATA,MOTOR_BREAKIN_V3,000001,99757,510,512,0.104,0.070,3.427,0.251,3.176,44,FWD,RUN,0.087,0.276,0.061,0.752,0.385,0.113,3.399,52,0.325,540,2.639,20.6
DATA,MOTOR_BREAKIN_V3,000001,99857,512,513,0.051,0.000,3.510,0.167,3.343,44,FWD,RUN,0.026,0.085,0.061,0.474,0.385,0.113,3.399,52,0.325,540,2.639,20.6
DATA,MOTOR_BREAKIN_V3,000001,99957,510,513,0.104,0.000,3.427,0.306,3.120,44,FWD,RUN,0.052,0.162,0.061,0.474,0.385,0.113,3.399,52,0.325,540,2.639,20.6
DATA,MOTOR_BREAKIN_V3,000001,100056,512,512,0.051,0.070,3.232,0.223,3.009,44,FWD,RUN,0.061,0.182,0.048,0.474,0.385,0.113,3.399,52,0.325,540,2.639,20.6
DATA,MOTOR_BREAKIN_V3,000001,100157,512,513,0.051,0.000,3.650,0.000,3.650,44,FWD,RUN,0.026,0.093,0.061,0.919,0.385,0.113,3.399,52,0.325,540,2.639,20.6
DATA,MOTOR_BREAKIN_V3,000001,100257,510,512,0.104,0.070,3.315,0.306,3.009,44,FWD,RUN,0.087,0.262,0.061,0.641,0.385,0.113,3.399,52,0.325,540,2.639,20.6
DATA,MOTOR_BREAKIN_V3,000001,100357,511,512,0.078,0.070,3.232,0.279,2.953,44,FWD,RUN,0.074,0.218,0.048,0.641,0.385,0.113,3.399,52,0.325,540,2.639,20.6
DATA,MOTOR_BREAKIN_V3,000001,100457,511,512,0.078,0.070,3.343,0.557,2.786,44,FWD,RUN,0.074,0.205,0.048,0.752,0.385,0.113,3.399,52,0.325,539,2.634,20.5
DATA,MOTOR_BREAKIN_V3,000001,100557,511,512,0.078,0.070,3.455,0.306,3.148,44,FWD,RUN,0.074,0.232,0.061,0.696,0.385,0.113,3.399,52,0.325,539,2.634,20.6
DATA,MOTOR_BREAKIN_V3,000001,100657,511,513,0.078,0.000,3.371,0.195,3.176,44,FWD,RUN,0.039,0.123,0.061,1.087,0.385,0.113,3.399,52,0.325,540,2.639,20.6
DATA,MOTOR_BREAKIN_V3,000001,100757,510,512,0.104,0.070,3.343,0.306,3.037,44,FWD,RUN,0.087,0.264,0.061,1.087,0.385,0.113,3.399,52,0.325,540,2.639,20.5
DATA,MOTOR_BREAKIN_V3,000001,100857,511,512,0.078,0.070,3.343,0.279,3.065,44,FWD,RUN,0.074,0.226,0.061,0.808,0.385,0.113,3.399,52,0.325,540,2.639,20.6
DATA,MOTOR_BREAKIN_V3,000001,100957,511,512,0.078,0.070,3.538,0.167,3.371,44,FWD,RUN,0.074,0.249,0.061,0.808,0.385,0.113,3.399,52,0.325,540,2.639,20.6
DATA,MOTOR_BREAKIN_V3,000001,101057,510,513,0.104,0.000,3.482,0.362,3.120,44,FWD,RUN,0.052,0.162,0.035,0.418,0.385,0.113,3.399,52,0.325,540,2.639,20.5
DATA,MOTOR_BREAKIN_V3,000001,101157,512,513,0.051,0.000,3.566,0.139,3.427,44,FWD,RUN,0.026,0.088,0.075,0.446,0.385,0.113,3.399,52,0.325,540,2.639,20.5
DATA,MOTOR_BREAKIN_V3,000001,101257,512,512,0.051,0.070,3.594,0.139,3.455,44,FWD,RUN,0.061,0.209,0.075,0.585,0.385,0.113,3.399,52,0.325,539,2.634,20.5
DATA,MOTOR_BREAKIN_V3,000001,101357,512,513,0.051,0.000,3.538,0.167,3.371,44,FWD,RUN,0.026,0.086,0.061,0.669,0.385,0.113,3.399,52,0.325,540,2.639,20.5
DATA,MOTOR_BREAKIN_V3,000001,101457,511,513,0.078,0.000,3.677,0.056,3.622,44,FWD,RUN,0.039,0.140,0.061,0.752,0.385,0.113,3.399,52,0.325,540,2.639,20.6
DATA,MOTOR_BREAKIN_V3,000001,101557,510,512,0.104,0.070,3.287,0.251,3.037,44,FWD,RUN,0.087,0.264,0.061,0.696,0.385,0.113,3.399,52,0.325,540,2.639,20.5
DATA,MOTOR_BREAKIN_V3,000001,101657,511,512,0.078,0.070,3.455,0.056,3.399,44,FWD,RUN,0.074,0.251,0.061,0.641,0.385,0.113,3.399,52,0.325,540,2.639,20.6
DATA,MOTOR_BREAKIN_V3,000001,101757,511,513,0.078,0.000,3.510,0.195,3.315,44,FWD,RUN,0.039,0.129,0.061,0.557,0.385,0.113,3.399,52,0.325,540,2.639,20.5
DATA,MOTOR_BREAKIN_V3,000001,101857,511,513,0.078,0.000,3.399,0.306,3.092,44,FWD,RUN,0.039,0.120,0.061,0.334,0.385,0.113,3.399,52,0.325,540,2.639,20.5
DATA,MOTOR_BREAKIN_V3,000001,101957,510,512,0.104,0.070,3.482,0.251,3.232,44,FWD,RUN,0.087,0.281,0.061,0.306,0.385,0.113,3.399,52,0.325,540,2.639,20.5
DATA,MOTOR_BREAKIN_V3,000001,102057,511,512,0.078,0.070,3.371,0.306,3.065,44,FWD,RUN,0.074,0.226,0.061,0.557,0.385,0.113,3.399,52,0.325,539,2.634,20.5
DATA,MOTOR_BREAKIN_V3,000001,102157,511,512,0.078,0.070,3.427,0.251,3.176,44,FWD,RUN,0.074,0.234,0.061,0.669,0.385,0.113,3.399,52,0.325,540,2.639,20.5
DATA,MOTOR_BREAKIN_V3,000001,102257,513,512,0.000,0.070,3.622,0.084,3.538,44,FWD,RUN,0.035,0.124,0.061,0.613,0.385,0.113,3.399,52,0.325,540,2.639,20.5
OK
DATA,MOTOR_BREAKIN_V3,000001,102357,512,512,0.051,0.070,3.427,0.223,3.204,35,FWD,RUN,0.061,0.194,0.052,0.585,0.385,0.113,3.399,52,0.325,540,2.639,20.6
DATA,MOTOR_BREAKIN_V3,000001,102457,512,513,0.051,0.000,2.981,0.167,2.814,35,FWD,RUN,0.026,0.072,0.035,0.585,0.385,0.113,3.399,52,0.325,539,2.634,20.6
OK
DATA,MOTOR_BREAKIN_V3,000001,102557,510,512,0.104,0.070,3.204,0.251,2.953,39,FWD,RUN,0.087,0.257,0.061,0.585,0.385,0.113,3.399,52,0.325,540,2.639,20.5
OK
DATA,MOTOR_BREAKIN_V3,000001,102657,511,512,0.078,0.070,3.120,0.251,2.870,40,FWD,RUN,0.074,0.212,0.061,0.474,0.385,0.113,3.399,52,0.325,540,2.639,20.5
OK
DATA,MOTOR_BREAKIN_V3,000001,102757,511,512,0.078,0.070,3.455,0.139,3.315,43,FWD,RUN,0.074,0.244,0.048,0.501,0.385,0.113,3.399,52,0.325,539,2.634,20.4
OK
DATA,MOTOR_BREAKIN_V3,000001,102857,510,513,0.104,0.000,3.120,0.223,2.897,37,FWD,RUN,0.052,0.151,0.035,0.529,0.385,0.113,3.399,52,0.325,540,2.639,20.6
OK
DATA,MOTOR_BREAKIN_V3,000001,102957,511,513,0.078,0.000,3.176,0.223,2.953,39,FWD,RUN,0.039,0.115,0.035,0.501,0.385,0.113,3.399,52,0.325,540,2.639,20.5
OK
DATA,MOTOR_BREAKIN_V3,000001,103057,511,513,0.078,0.000,3.232,0.279,2.953,40,FWD,RUN,0.039,0.115,0.035,0.306,0.385,0.113,3.399,52,0.325,540,2.639,20.5
OK
DATA,MOTOR_BREAKIN_V3,000001,103157,510,511,0.104,0.096,3.204,0.251,2.953,41,FWD,RUN,0.100,0.296,0.061,0.111,0.385,0.113,3.399,52,0.325,540,2.639,20.5
OK
DATA,MOTOR_BREAKIN_V3,000001,103256,511,512,0.078,0.070,3.260,0.279,2.981,42,FWD,RUN,0.074,0.220,0.061,0.111,0.385,0.113,3.399,52,0.325,540,2.639,20.5
DATA,MOTOR_BREAKIN_V3,000001,103357,511,512,0.078,0.070,3.260,0.334,2.925,42,FWD,RUN,0.074,0.216,0.048,0.613,0.385,0.113,3.399,52,0.325,540,2.639,20.5
OK
DATA,MOTOR_BREAKIN_V3,000001,103457,511,512,0.078,0.070,3.510,0.139,3.371,44,FWD,RUN,0.074,0.249,0.061,0.613,0.385,0.113,3.399,52,0.325,540,2.639,20.5
OK
DATA,MOTOR_BREAKIN_V3,000001,103557,511,512,0.078,0.070,3.120,0.195,2.925,37,FWD,RUN,0.074,0.216,0.061,0.501,0.385,0.113,3.399,52,0.325,540,2.639,20.5
OK
DATA,MOTOR_BREAKIN_V3,000001,103657,510,512,0.104,0.070,3.092,0.251,2.842,39,FWD,RUN,0.087,0.247,0.087,0.362,0.385,0.113,3.399,52,0.325,540,2.639,20.5
OK
DATA,MOTOR_BREAKIN_V3,000001,103757,511,513,0.078,0.000,3.148,0.279,2.870,42,FWD,RUN,0.039,0.111,0.087,0.418,0.385,0.113,3.399,52,0.325,540,2.639,20.5
OK
DATA,MOTOR_BREAKIN_V3,000001,103857,510,513,0.104,0.000,3.260,0.306,2.953,45,FWD,RUN,0.052,0.154,0.048,0.223,0.385,0.113,3.399,52,0.325,540,2.639,20.0
OK
DATA,MOTOR_BREAKIN_V3,000001,103957,510,512,0.104,0.070,3.315,0.334,2.981,46,FWD,RUN,0.087,0.259,0.061,0.780,0.385,0.113,3.399,52,0.325,540,2.639,20.5
DATA,MOTOR_BREAKIN_V3,000001,104057,511,512,0.078,0.070,3.455,0.334,3.120,46,FWD,RUN,0.074,0.230,0.061,0.752,0.385,0.113,3.399,52,0.325,540,2.639,20.5
OK
DATA,MOTOR_BREAKIN_V3,000001,104157,510,512,0.104,0.070,3.399,0.279,3.120,44,FWD,RUN,0.087,0.271,0.061,0.557,0.385,0.113,3.399,52,0.325,539,2.634,20.5
DATA,MOTOR_BREAKIN_V3,000001,104257,511,512,0.078,0.070,3.482,0.195,3.287,44,FWD,RUN,0.074,0.242,0.061,0.474,0.385,0.113,3.399,52,0.325,540,2.639,20.5
OK
DATA,MOTOR_BREAKIN_V3,000001,104357,512,514,0.051,0.000,3.120,0.195,2.925,38,FWD,RUN,0.026,0.075,0.048,0.529,0.385,0.113,3.399,52,0.325,540,2.639,20.5
OK
DATA,MOTOR_BREAKIN_V3,000001,104457,513,513,0.000,0.000,3.176,0.167,3.009,40,FWD,RUN,0.000,0.000,0.074,0.641,0.385,0.113,3.399,52,0.325,540,2.639,20.5
DATA,MOTOR_BREAKIN_V3,000001,104557,510,513,0.104,0.000,3.204,0.279,2.925,40,FWD,RUN,0.052,0.152,0.074,0.696,0.385,0.113,3.399,52,0.325,540,2.639,20.5
OK
DATA,MOTOR_BREAKIN_V3,000001,104657,511,512,0.078,0.070,3.176,0.279,2.897,42,FWD,RUN,0.074,0.214,0.048,0.446,0.385,0.113,3.399,52,0.325,540,2.639,20.4
OK
DATA,MOTOR_BREAKIN_V3,000001,104757,511,512,0.078,0.070,3.204,0.279,2.925,44,FWD,RUN,0.074,0.216,0.061,0.585,0.385,0.113,3.399,52,0.325,540,2.639,20.5
OK
DATA,MOTOR_BREAKIN_V3,000001,104857,510,512,0.104,0.070,3.343,0.279,3.065,46,FWD,RUN,0.087,0.266,0.048,0.585,0.385,0.113,3.399,52,0.325,539,2.634,20.5
DATA,MOTOR_BREAKIN_V3,000001,104957,510,512,0.104,0.070,3.427,0.334,3.092,46,FWD,RUN,0.087,0.269,0.048,0.585,0.385,0.113,3.399,52,0.325,540,2.639,20.5
OK
DATA,MOTOR_BREAKIN_V3,000001,105057,511,512,0.078,0.070,3.371,0.279,3.092,45,FWD,RUN,0.074,0.228,0.075,0.613,0.385,0.113,3.399,52,0.325,540,2.639,20.4
OK
DATA,MOTOR_BREAKIN_V3,000001,105157,511,512,0.078,0.070,3.594,0.000,3.594,43,FWD,RUN,0.074,0.265,0.075,0.724,0.385,0.113,3.399,52,0.325,540,2.639,20.5
OK
DATA,MOTOR_BREAKIN_V3,000001,105257,511,512,0.078,0.070,3.315,0.000,3.315,35,FWD,RUN,0.074,0.244,0.013,0.752,0.385,0.113,3.399,52,0.325,540,2.639,20.5
DATA,MOTOR_BREAKIN_V3,000001,105357,511,513,0.078,0.000,3.092,0.223,2.870,35,FWD,RUN,0.039,0.111,0.048,0.613,0.385,0.113,3.399,52,0.325,540,2.639,20.5
OK
DATA,MOTOR_BREAKIN_V3,000001,105457,511,514,0.078,0.000,2.981,0.251,2.730,38,FWD,RUN,0.039,0.106,0.074,0.390,0.385,0.113,3.399,52,0.325,540,2.639,20.5
OK
DATA,MOTOR_BREAKIN_V3,000001,105557,512,512,0.051,0.070,3.092,0.306,2.786,43,FWD,RUN,0.061,0.169,0.074,0.418,0.385,0.113,3.399,52,0.325,540,2.639,20.4
OK
DATA,MOTOR_BREAKIN_V3,000001,105657,510,512,0.104,0.070,3.315,0.306,3.009,47,FWD,RUN,0.087,0.262,0.061,0.501,0.385,0.113,3.399,52,0.325,540,2.639,20.5
DATA,MOTOR_BREAKIN_V3,000001,105757,512,513,0.051,0.000,3.705,0.000,3.705,47,FWD,RUN,0.026,0.095,0.061,0.808,0.385,0.113,3.399,52,0.325,540,2.639,20.5
OK
DATA,MOTOR_BREAKIN_V3,000001,105857,512,512,0.051,0.070,3.065,0.223,2.842,35,FWD,RUN,0.061,0.172,0.075,0.864,0.385,0.113,3.399,52,0.325,540,2.639,20.4
DATA,MOTOR_BREAKIN_V3,000001,105957,512,513,0.051,0.000,3.065,0.167,2.897,35,FWD,RUN,0.026,0.074,0.075,0.529,0.385,0.113,3.399,52,0.325,540,2.639,20.5
OK
DATA,MOTOR_BREAKIN_V3,000001,106057,512,513,0.051,0.000,3.092,0.223,2.870,37,FWD,RUN,0.026,0.073,0.035,0.446,0.385,0.113,3.399,52,0.325,540,2.639,20.4
OK
DATA,MOTOR_BREAKIN_V3,000001,106157,511,513,0.078,0.000,3.176,0.334,2.842,40,FWD,RUN,0.039,0.110,0.074,0.501,0.385,0.113,3.399,52,0.325,540,2.639,20.4
OK
DATA,MOTOR_BREAKIN_V3,000001,106257,510,512,0.104,0.070,3.120,0.306,2.814,43,FWD,RUN,0.087,0.245,0.100,0.585,0.385,0.113,3.399,52,0.325,540,2.639,20.4
OK
DATA,MOTOR_BREAKIN_V3,000001,106357,510,512,0.104,0.070,3.343,0.306,3.037,47,FWD,RUN,0.087,0.264,0.075,0.306,0.385,0.113,3.399,52,0.325,540,2.639,20.5
OK
DATA,MOTOR_BREAKIN_V3,000001,106456,511,512,0.078,0.070,3.455,0.362,3.092,46,FWD,RUN,0.074,0.228,0.075,0.501,0.385,0.113,3.399,52,0.325,540,2.639,20.5
OK
DATA,MOTOR_BREAKIN_V3,000001,106557,511,513,0.078,0.000,3.538,0.167,3.371,44,FWD,RUN,0.039,0.131,0.061,0.279,0.385,0.113,3.399,52,0.325,540,2.639,20.5
OK
DATA,MOTOR_BREAKIN_V3,000001,106657,511,513,0.078,0.000,3.148,0.279,2.870,37,FWD,RUN,0.039,0.111,0.048,0.501,0.385,0.113,3.399,52,0.325,540,2.639,20.4
OK
DATA,MOTOR_BREAKIN_V3,000001,106757,512,513,0.051,0.000,3.092,0.056,3.037,40,FWD,RUN,0.026,0.078,0.061,0.557,0.385,0.113,3.399,52,0.325,540,2.639,20.4
DATA,MOTOR_BREAKIN_V3,000001,106857,511,513,0.078,0.000,3.287,0.195,3.092,40,FWD,RUN,0.039,0.120,0.048,0.557,0.385,0.113,3.399,52,0.325,540,2.639,20.4
OK
DATA,MOTOR_BREAKIN_V3,000001,106957,511,513,0.078,0.000,3.009,0.223,2.786,38,FWD,RUN,0.039,0.108,0.048,0.418,0.385,0.113,3.399,52,0.325,539,2.634,20.4
OK
DATA,MOTOR_BREAKIN_V3,000001,107057,511,513,0.078,0.000,3.260,0.474,2.786,42,FWD,RUN,0.039,0.108,0.061,0.418,0.385,0.113,3.399,52,0.325,540,2.639,20.4
OK
DATA,MOTOR_BREAKIN_V3,000001,107157,510,512,0.104,0.070,3.287,0.390,2.897,46,FWD,RUN,0.087,0.252,0.061,0.418,0.385,0.113,3.399,52,0.325,540,2.639,20.4
OK
DATA,MOTOR_BREAKIN_V3,000001,107257,511,513,0.078,0.000,3.705,0.084,3.622,48,FWD,RUN,0.039,0.140,0.048,0.752,0.385,0.113,3.399,52,0.325,540,2.639,20.4
OK
DATA,MOTOR_BREAKIN_V3,000001,107357,512,513,0.051,0.000,3.204,0.195,3.009,36,FWD,RUN,0.026,0.077,0.061,0.669,0.385,0.113,3.399,52,0.325,540,2.639,20.4
DATA,MOTOR_BREAKIN_V3,000001,107457,511,513,0.078,0.000,3.260,0.139,3.120,36,FWD,RUN,0.039,0.121,0.061,0.390,0.385,0.113,3.399,52,0.325,540,2.639,20.4
OK
DATA,MOTOR_BREAKIN_V3,000001,107557,512,513,0.051,0.000,3.037,0.167,2.870,35,FWD,RUN,0.026,0.073,0.061,0.334,0.385,0.113,3.399,52,0.325,540,2.639,20.4
OK
DATA,MOTOR_BREAKIN_V3,000001,107657,512,513,0.051,0.000,3.037,0.195,2.842,38,FWD,RUN,0.026,0.073,0.061,0.167,0.385,0.113,3.399,52,0.325,540,2.639,20.4
DATA,MOTOR_BREAKIN_V3,000001,107757,512,512,0.051,0.070,3.065,0.279,2.786,38,FWD,RUN,0.061,0.169,0.048,0.223,0.385,0.113,3.399,52,0.325,540,2.639,20.4
OK
DATA,MOTOR_BREAKIN_V3,000001,107857,511,513,0.078,0.000,3.176,0.279,2.897,42,FWD,RUN,0.039,0.112,0.048,0.306,0.385,0.113,3.399,52,0.325,540,2.639,20.4
OK
DATA,MOTOR_BREAKIN_V3,000001,107957,510,511,0.104,0.096,3.092,0.334,2.758,44,FWD,RUN,0.100,0.276,0.075,0.418,0.385,0.113,3.399,52,0.325,540,2.639,20.4
OK
DATA,MOTOR_BREAKIN_V3,000001,108057,510,512,0.104,0.070,3.482,0.223,3.260,49,FWD,RUN,0.087,0.283,0.075,0.501,0.385,0.113,3.399,52,0.325,540,2.639,20.4
OK
DATA,MOTOR_BREAKIN_V3,000001,108157,510,512,0.104,0.070,3.343,0.306,3.037,44,FWD,RUN,0.087,0.264,0.075,0.696,0.385,0.113,3.399,52,0.325,540,2.639,20.4
OK
DATA,MOTOR_BREAKIN_V3,000001,108257,512,513,0.051,0.000,3.343,0.223,3.120,43,FWD,RUN,0.026,0.080,0.061,0.780,0.385,0.113,3.399,52,0.325,540,2.639,20.3
OK
DATA,MOTOR_BREAKIN_V3,000001,108357,510,513,0.104,0.000,3.232,0.223,3.009,41,FWD,RUN,0.052,0.156,0.061,0.696,0.385,0.113,3.399,52,0.325,540,2.639,20.4
DATA,MOTOR_BREAKIN_V3,000001,108457,512,512,0.051,0.070,3.065,0.279,2.786,41,FWD,RUN,0.061,0.169,0.048,0.557,0.385,0.113,3.399,52,0.325,539,2.634,20.4
OK
DATA,MOTOR_BREAKIN_V3,000001,108557,512,512,0.051,0.070,3.092,0.195,2.897,45,FWD,RUN,0.061,0.175,0.061,0.641,0.385,0.113,3.399,52,0.325,540,2.639,20.4
DATA,MOTOR_BREAKIN_V3,000001,108657,510,511,0.104,0.096,3.343,0.251,3.092,45,FWD,RUN,0.100,0.310,0.075,0.669,0.385,0.113,3.399,52,0.325,540,2.639,19.9
OK
DATA,MOTOR_BREAKIN_V3,000001,108757,510,513,0.104,0.000,3.287,0.306,2.981,43,FWD,RUN,0.052,0.155,0.075,0.585,0.385,0.113,3.399,52,0.325,540,2.639,22.2
DATA,MOTOR_BREAKIN_V3,000001,108857,510,512,0.104,0.070,3.343,0.139,3.204,43,FWD,RUN,0.087,0.279,0.061,0.418,0.385,0.113,3.399,52,0.325,540,2.639,20.3
OK
DATA,MOTOR_BREAKIN_V3,000001,108957,511,513,0.078,0.000,3.176,0.167,3.009,39,FWD,RUN,0.039,0.117,0.061,0.501,0.385,0.113,3.399,52,0.325,540,2.639,20.4
DATA,MOTOR_BREAKIN_V3,000001,109057,510,513,0.104,0.000,3.148,0.362,2.786,39,FWD,RUN,0.052,0.145,0.061,0.418,0.385,0.113,3.399,52,0.325,539,2.634,20.3
OK
DATA,MOTOR_BREAKIN_V3,000001,109157,510,512,0.104,0.070,3.065,0.251,2.814,43,FWD,RUN,0.087,0.245,0.061,0.446,0.385,0.113,3.399,52,0.325,540,2.639,20.3
OK
DATA,MOTOR_BREAKIN_V3,000001,109257,510,512,0.104,0.070,3.232,0.334,2.897,47,FWD,RUN,0.087,0.252,0.061,0.279,0.385,0.113,3.399,52,0.325,540,2.639,20.4
OK
DATA,MOTOR_BREAKIN_V3,000001,109357,512,512,0.051,0.070,3.510,0.167,3.343,49,FWD,RUN,0.061,0.202,0.061,0.696,0.385,0.113,3.399,52,0.325,540,2.639,20.4
OK
DATA,MOTOR_BREAKIN_V3,000001,109457,511,511,0.078,0.096,3.371,0.362,3.009,42,FWD,RUN,0.087,0.262,0.075,0.585,0.385,0.113,3.399,52,0.325,539,2.634,20.4
DATA,MOTOR_BREAKIN_V3,000001,109557,511,512,0.078,0.070,3.232,0.167,3.065,42,FWD,RUN,0.074,0.226,0.075,0.557,0.385,0.113,3.399,52,0.325,540,2.639,20.3
OK
DATA,MOTOR_BREAKIN_V3,000001,109656,511,512,0.078,0.070,3.232,0.279,2.953,41,FWD,RUN,0.074,0.218,0.048,0.557,0.385,0.113,3.399,52,0.325,540,2.639,20.3
OK
DATA,MOTOR_BREAKIN_V3,000001,109757,512,512,0.051,0.070,3.427,0.111,3.315,42,FWD,RUN,0.061,0.201,0.061,0.501,0.385,0.113,3.399,52,0.325,540,2.639,20.3
OK
DATA,MOTOR_BREAKIN_V3,000001,109857,512,513,0.051,0.000,3.315,0.000,3.315,36,FWD,RUN,0.026,0.085,0.061,0.501,0.385,0.113,3.399,52,0.325,540,2.639,20.4
OK
DATA,MOTOR_BREAKIN_V3,000001,109957,512,512,0.051,0.070,2.953,0.223,2.730,35,FWD,RUN,0.061,0.165,0.087,0.585,0.385,0.113,3.399,52,0.325,539,2.634,20.3
OK
DATA,MOTOR_BREAKIN_V3,000001,110057,511,513,0.078,0.000,3.260,0.251,3.009,40,FWD,RUN,0.039,0.117,0.074,0.585,0.385,0.113,3.399,52,0.325,540,2.639,20.3
DATA,MOTOR_BREAKIN_V3,000001,110157,511,512,0.078,0.070,3.065,0.195,2.870,40,FWD,RUN,0.074,0.212,0.048,0.474,0.385,0.113,3.399,52,0.325,540,2.639,20.3
OK
DATA,MOTOR_BREAKIN_V3,000001,110257,511,512,0.078,0.070,3.204,0.279,2.925,43,FWD,RUN,0.074,0.216,0.048,0.474,0.385,0.113,3.399,52,0.325,540,2.639,20.3
OK
DATA,MOTOR_BREAKIN_V3,000001,110357,511,512,0.078,0.070,3.315,0.306,3.009,45,FWD,RUN,0.074,0.222,0.048,0.390,0.385,0.113,3.399,52,0.325,540,2.639,22.0
DATA,MOTOR_BREAKIN_V3,000001,110457,511,512,0.078,0.070,3.176,0.334,2.842,45,FWD,RUN,0.074,0.210,0.061,0.501,0.385,0.113,3.399,52,0.325,540,2.639,20.3
OK
DATA,MOTOR_BREAKIN_V3,000001,110557,511,512,0.078,0.070,3.315,0.362,2.953,48,FWD,RUN,0.074,0.218,0.048,0.585,0.385,0.113,3.399,52,0.325,539,2.634,20.3
OK
DATA,MOTOR_BREAKIN_V3,000001,110657,511,512,0.078,0.070,3.650,0.223,3.427,49,FWD,RUN,0.074,0.253,0.061,0.780,0.385,0.113,3.399,52,0.325,540,2.639,20.3
OK
DATA,MOTOR_BREAKIN_V3,000001,110757,512,513,0.051,0.000,3.260,0.279,2.981,40,FWD,RUN,0.026,0.076,0.061,0.808,0.385,0.113,3.399,52,0.325,540,2.639,20.3
DATA,MOTOR_BREAKIN_V3,000001,110857,512,512,0.051,0.070,3.092,0.251,2.842,40,FWD,RUN,0.061,0.172,0.061,0.613,0.385,0.113,3.399,52,0.325,540,2.639,20.3
OK
DATA,MOTOR_BREAKIN_V3,000001,110957,510,512,0.104,0.070,3.399,0.167,3.232,43,FWD,RUN,0.087,0.281,0.061,0.418,0.385,0.113,3.399,52,0.325,540,2.639,20.3
OK
DATA,MOTOR_BREAKIN_V3,000001,111057,511,512,0.078,0.070,3.120,0.139,2.981,38,FWD,RUN,0.074,0.220,0.087,0.501,0.385,0.113,3.399,52,0.325,540,2.639,20.3
DATA,MOTOR_BREAKIN_V3,000001,111157,511,512,0.078,0.070,3.287,0.056,3.232,38,FWD,RUN,0.074,0.238,0.074,0.752,0.385,0.113,3.399,52,0.325,540,2.639,20.3
OK
DATA,MOTOR_BREAKIN_V3,000001,111257,511,513,0.078,0.000,3.092,0.139,2.953,35,FWD,RUN,0.039,0.115,0.048,0.669,0.385,0.113,3.399,52,0.325,539,2.634,20.3
DATA,MOTOR_BREAKIN_V3,000001,111357,512,513,0.051,0.000,3.009,0.223,2.786,35,FWD,RUN,0.026,0.071,0.074,0.474,0.385,0.113,3.399,52,0.325,540,2.639,20.3
OK
DATA,MOTOR_BREAKIN_V3,000001,111457,511,512,0.078,0.070,3.092,0.279,2.814,39,FWD,RUN,0.074,0.208,0.074,0.418,0.385,0.113,3.399,52,0.325,540,2.639,20.3
OK
DATA,MOTOR_BREAKIN_V3,000001,111557,511,512,0.078,0.070,3.120,0.306,2.814,43,FWD,RUN,0.074,0.208,0.087,0.334,0.385,0.113,3.399,52,0.325,540,2.639,19.9
OK
DATA,MOTOR_BREAKIN_V3,000001,111657,511,512,0.078,0.070,3.287,0.334,2.953,47,FWD,RUN,0.074,0.218,0.088,0.474,0.385,0.113,3.399,52,0.325,540,2.639,20.3
OK
DATA,MOTOR_BREAKIN_V3,000001,111757,510,512,0.104,0.070,3.455,0.446,3.009,48,FWD,RUN,0.087,0.262,0.088,0.529,0.385,0.113,3.399,52,0.325,540,2.639,20.3
DATA,MOTOR_BREAKIN_V3,000001,111857,512,513,0.051,0.000,3.622,0.111,3.510,48,FWD,RUN,0.026,0.090,0.075,0.724,0.385,0.113,3.399,52,0.325,540,2.639,20.3
OK
DATA,MOTOR_BREAKIN_V3,000001,111957,511,513,0.078,0.000,3.594,0.000,3.594,38,FWD,RUN,0.039,0.139,0.075,1.755,0.385,0.113,3.399,52,0.325,540,2.639,20.3
OK
DATA,MOTOR_BREAKIN_V3,000001,112057,511,513,0.078,0.000,3.204,0.084,3.120,35,FWD,RUN,0.039,0.121,0.061,1.755,0.385,0.113,3.399,52,0.325,540,2.639,20.3
DATA,MOTOR_BREAKIN_V3,000001,112157,512,512,0.051,0.070,3.009,0.223,2.786,35,FWD,RUN,0.061,0.169,0.035,0.975,0.385,0.113,3.399,52,0.325,540,2.639,20.3
DATA,MOTOR_BREAKIN_V3,000001,112257,512,512,0.051,0.070,2.897,0.223,2.674,35,FWD,RUN,0.061,0.162,0.035,0.752,0.385,0.113,3.399,52,0.325,539,2.634,20.3
