OK
DATA,MOTOR_BREAKIN_V3,000001,30702,510,511,0.051,0.052,3.120,0.279,2.842,39,FWD,RUN,0.052,0.147,0.039,0.390,0.460,0.131,3.510,61,0.818,533,2.605,22.7
OK
STOP,FWD
DATA,MOTOR_BREAKIN_V3,000001,30744,510,512,0.051,0.000,3.120,0.306,2.814,0,FWD,STOP,0.026,0.072,0.039,0.390,0.460,0.131,3.510,61,0.818,533,2.605,22.7
OK
RUN,FWD
OK
OK
OK
DATA,MOTOR_BREAKIN_V3,000001,51,505,509,0.183,0.105,2.006,1.393,0.613,64,FWD,RUN,0.144,0.088,0.144,0.613,0.000,0.000,0.000,0,0.818,533,2.605,22.7
OK
DATA,MOTOR_BREAKIN_V3,000001,151,481,498,0.818,0.395,3.176,1.672,1.504,112,FWD,RUN,0.606,0.912,0.606,1.504,0.000,0.000,0.000,0,0.818,533,2.605,22.7
DATA,MOTOR_BREAKIN_V3,000001,251,480,496,0.844,0.448,4.123,1.254,2.870,112,FWD,RUN,0.646,1.854,0.568,2.089,0.000,0.000,0.000,0,0.818,533,2.605,22.7
OK
DATA,MOTOR_BREAKIN_V3,000001,351,482,497,0.791,0.422,5.126,1.142,3.984,115,FWD,RUN,0.606,2.416,0.106,2.535,0.000,0.000,0.000,0,0.818,533,2.605,22.7
OK
DATA,MOTOR_BREAKIN_V3,000001,451,502,509,0.263,0.105,5.265,0.557,4.708,95,FWD,RUN,0.184,0.865,0.581,1.894,0.000,0.000,0.000,0,0.818,533,2.605,22.7
OK
DATA,MOTOR_BREAKIN_V3,000001,551,507,510,0.131,0.078,4.262,0.362,3.900,61,FWD,RUN,0.104,0.408,0.528,1.170,0.000,0.000,0.000,0,0.818,533,2.605,22.7
OK
DATA,MOTOR_BREAKIN_V3,000001,651,510,512,0.051,0.000,3.928,0.000,3.928,43,FWD,RUN,0.026,0.101,0.264,1.282,0.000,0.000,0.000,0,0.818,533,2.605,22.7
OK
DATA,MOTOR_BREAKIN_V3,000001,751,511,513,0.000,0.000,3.594,0.028,3.566,35,FWD,RUN,0.000,0.000,0.052,1.031,0.000,0.000,0.000,0,0.818,533,2.605,22.7
DATA,MOTOR_BREAKIN_V3,000001,851,510,512,0.051,0.000,3.315,0.223,3.092,35,FWD,RUN,0.026,0.079,0.039,0.641,0.000,0.000,0.000,0,0.818,533,2.605,22.7
DATA,MOTOR_BREAKIN_V3,000001,951,510,512,0.051,0.000,3.232,0.195,3.037,35,FWD,RUN,0.026,0.078,0.026,0.362,0.000,0.000,0.000,0,0.818,533,2.605,22.7
DATA,MOTOR_BREAKIN_V3,000001,1051,510,512,0.051,0.000,3.287,0.111,3.176,35,FWD,RUN,0.026,0.082,0.052,0.334,0.000,0.000,0.000,0,0.818,533,2.605,22.7
DATA,MOTOR_BREAKIN_V3,000001,1151,510,512,0.051,0.000,3.037,0.251,2.786,35,FWD,RUN,0.026,0.072,0.026,0.390,0.000,0.000,0.000,0,0.818,533,2.605,22.7
DATA,MOTOR_BREAKIN_V3,000001,1251,510,512,0.051,0.000,3.037,0.251,2.786,35,FWD,RUN,0.026,0.072,0.000,0.223,0.000,0.000,0.000,0,0.818,533,2.605,22.7
OK
DATA,MOTOR_BREAKIN_V3,000001,1351,510,513,0.051,0.000,3.065,0.334,2.730,39,FWD,RUN,0.026,0.070,0.013,0.251,0.000,0.000,0.000,0,0.818,533,2.605,22.7
OK
DATA,MOTOR_BREAKIN_V3,000001,1451,509,512,0.078,0.000,3.148,0.418,2.730,44,FWD,RUN,0.039,0.106,0.026,0.167,0.000,0.000,0.000,0,0.818,533,2.605,22.7
OK
DATA,MOTOR_BREAKIN_V3,000001,1551,508,511,0.104,0.052,3.287,0.474,2.814,49,FWD,RUN,0.078,0.220,0.066,0.139,0.000,0.000,0.000,0,0.818,533,2.605,22.7
OK
DATA,MOTOR_BREAKIN_V3,000001,1651,508,510,0.104,0.078,3.482,0.501,2.981,53,FWD,RUN,0.091,0.272,0.066,0.585,0.000,0.000,0.000,0,0.818,533,2.605,22.7
DATA,MOTOR_BREAKIN_V3,000001,1751,509,512,0.078,0.000,3.677,0.390,3.287,53,FWD,RUN,0.039,0.128,0.052,0.669,0.000,0.000,0.000,0,0.818,533,2.605,22.7
OK
DATA,MOTOR_BREAKIN_V3,000001,1851,508,511,0.104,0.052,3.510,0.390,3.120,47,FWD,RUN,0.078,0.244,0.066,0.641,0.000,0.000,0.000,0,0.818,533,2.605,22.7
OK
DATA,MOTOR_BREAKIN_V3,000001,1951,509,512,0.078,0.000,3.371,0.306,3.065,45,FWD,RUN,0.039,0.119,0.052,0.446,0.000,0.000,0.000,0,0.818,533,2.605,22.2
OK
DATA,MOTOR_BREAKIN_V3,000001,2051,508,511,0.104,0.052,3.455,0.306,3.148,44,FWD,RUN,0.078,0.246,0.052,0.474,0.000,0.000,0.000,0,0.818,533,2.605,22.7
DATA,MOTOR_BREAKIN_V3,000001,2151,508,511,0.104,0.052,3.371,0.306,3.065,44,FWD,RUN,0.078,0.239,0.052,0.474,0.000,0.000,0.000,0,0.818,533,2.605,22.7
OK
DATA,MOTOR_BREAKIN_V3,000001,2251,509,511,0.078,0.052,3.287,0.362,2.925,43,FWD,RUN,0.065,0.190,0.052,0.557,0.000,0.000,0.000,0,0.818,533,2.605,22.7
OK
DATA,MOTOR_BREAKIN_V3,000001,2351,509,512,0.078,0.000,3.343,0.390,2.953,45,FWD,RUN,0.039,0.115,0.026,0.390,0.000,0.000,0.000,0,0.818,533,2.605,22.0
OK
DATA,MOTOR_BREAKIN_V3,000001,2451,509,512,0.078,0.000,3.510,0.334,3.176,46,FWD,RUN,0.039,0.124,0.039,0.529,0.000,0.000,0.000,0,0.818,533,2.605,22.7
OK
DATA,MOTOR_BREAKIN_V3,000001,2551,509,511,0.078,0.052,3.538,0.223,3.315,42,FWD,RUN,0.065,0.215,0.039,0.696,0.000,0.000,0.000,0,0.818,533,2.605,22.7
OK
DATA,MOTOR_BREAKIN_V3,000001,2651,510,512,0.051,0.000,3.315,0.195,3.120,36,FWD,RUN,0.026,0.080,0.039,0.724,0.000,0.000,0.000,0,0.818,533,2.605,22.7
OK
DATA,MOTOR_BREAKIN_V3,000001,2751,510,512,0.051,0.000,3.148,0.167,2.981,35,FWD,RUN,0.026,0.077,0.026,0.864,0.000,0.000,0.000,0,0.818,533,2.605,22.7
DATA,MOTOR_BREAKIN_V3,000001,2851,510,512,0.051,0.000,3.148,0.111,3.037,35,FWD,RUN,0.026,0.078,0.039,0.251,0.000,0.000,0.000,0,0.818,533,2.605,22.7
DATA,MOTOR_BREAKIN_V3,000001,2950,510,512,0.051,0.000,3.037,0.167,2.870,35,FWD,RUN,0.026,0.074,0.026,0.529,0.000,0.000,0.000,0,0.818,533,2.605,22.7
OK
DATA,MOTOR_BREAKIN_V3,000001,3051,510,512,0.051,0.000,3.009,0.306,2.702,38,FWD,RUN,0.026,0.069,0.065,0.585,0.000,0.000,0.000,0,0.818,533,2.605,22.7
OK
DATA,MOTOR_BREAKIN_V3,000001,3151,509,510,0.078,0.078,3.148,0.390,2.758,44,FWD,RUN,0.078,0.215,0.052,0.362,0.215,0.078,2.758,44,0.818,533,2.605,22.7
OK
DATA,MOTOR_BREAKIN_V3,000001,3251,509,511,0.078,0.052,3.287,0.446,2.842,49,FWD,RUN,0.065,0.184,0.052,0.418,0.215,0.078,2.758,44,0.818,533,2.605,22.7
OK
DATA,MOTOR_BREAKIN_V3,000001,3351,508,510,0.104,0.078,3.566,0.390,3.176,52,FWD,RUN,0.091,0.290,0.066,0.362,0.290,0.091,3.176,52,0.818,533,2.605,22.7
OK
DATA,MOTOR_BREAKIN_V3,000001,3451,509,512,0.078,0.000,3.622,0.362,3.260,48,FWD,RUN,0.039,0.127,0.052,0.362,0.290,0.091,3.176,52,0.818,533,2.605,22.7
OK
DATA,MOTOR_BREAKIN_V3,000001,3551,509,512,0.078,0.000,3.455,0.306,3.148,43,FWD,RUN,0.039,0.122,0.039,0.334,0.290,0.091,3.176,52,0.818,533,2.605,22.7
OK
DATA,MOTOR_BREAKIN_V3,000001,3651,510,512,0.051,0.000,3.343,0.306,3.037,40,FWD,RUN,0.026,0.078,0.039,0.251,0.290,0.091,3.176,52,0.818,533,2.605,22.7
DATA,MOTOR_BREAKIN_V3,000001,3751,510,512,0.051,0.000,3.315,0.390,2.925,40,FWD,RUN,0.026,0.075,0.052,0.669,0.290,0.091,3.176,52,0.818,534,2.610,22.7
OK
DATA,MOTOR_BREAKIN_V3,000001,3851,509,512,0.078,0.000,3.260,0.251,3.009,42,FWD,RUN,0.039,0.117,0.052,0.696,0.290,0.091,3.176,52,0.818,533,2.605,22.6
DATA,MOTOR_BREAKIN_V3,000001,3951,508,511,0.104,0.052,3.287,0.251,3.037,42,FWD,RUN,0.078,0.237,0.052,0.557,0.290,0.091,3.176,52,0.818,533,2.605,22.6
OK
DATA,MOTOR_BREAKIN_V3,000001,4051,509,512,0.078,0.000,3.176,0.251,2.925,41,FWD,RUN,0.039,0.114,0.052,0.529,0.290,0.091,3.176,52,0.818,533,2.605,22.7
OK
DATA,MOTOR_BREAKIN_V3,000001,4151,509,512,0.078,0.000,3.260,0.306,2.953,43,FWD,RUN,0.039,0.115,0.026,0.669,0.290,0.091,3.176,52,0.818,533,2.605,22.7
OK
DATA,MOTOR_BREAKIN_V3,000001,4251,509,511,0.078,0.052,3.287,0.418,2.870,44,FWD,RUN,0.065,0.186,0.039,0.446,0.290,0.091,3.176,52,0.818,533,2.605,22.7
OK
DATA,MOTOR_BREAKIN_V3,000001,4351,509,511,0.078,0.052,3.399,0.362,3.037,47,FWD,RUN,0.065,0.197,0.039,0.474,0.290,0.091,3.176,52,0.818,533,2.605,22.7
OK
DATA,MOTOR_BREAKIN_V3,000001,4451,509,513,0.078,0.000,3.510,0.251,3.260,46,FWD,RUN,0.039,0.127,0.052,0.418,0.290,0.091,3.176,52,0.818,533,2.605,22.7
OK
DATA,MOTOR_BREAKIN_V3,000001,4551,509,512,0.078,0.000,3.287,0.334,2.953,41,FWD,RUN,0.039,0.115,0.039,0.390,0.290,0.091,3.176,52,0.818,533,2.605,22.7
DATA,MOTOR_BREAKIN_V3,000001,4651,509,513,0.078,0.000,3.315,0.251,3.065,41,FWD,RUN,0.039,0.119,0.026,0.334,0.290,0.091,3.176,52,0.818,533,2.605,22.7
OK
DATA,MOTOR_BREAKIN_V3,000001,4751,510,512,0.051,0.000,3.092,0.306,2.786,40,FWD,RUN,0.026,0.072,0.039,0.279,0.290,0.091,3.176,52,0.818,533,2.605,22.7
OK
DATA,MOTOR_BREAKIN_V3,000001,4851,509,512,0.078,0.000,3.399,0.223,3.176,44,FWD,RUN,0.039,0.124,0.052,0.390,0.290,0.091,3.176,52,0.818,533,2.605,22.7
OK
DATA,MOTOR_BREAKIN_V3,000001,4951,509,512,0.078,0.000,3.204,0.334,2.870,40,FWD,RUN,0.039,0.112,0.039,0.418,0.290,0.091,3.176,52,0.818,533,2.605,22.7
OK
DATA,MOTOR_BREAKIN_V3,000001,5051,509,512,0.078,0.000,3.260,0.362,2.897,43,FWD,RUN,0.039,0.113,0.039,0.474,0.290,0.091,3.176,52,0.818,533,2.605,22.2
OK
DATA,MOTOR_BREAKIN_V3,000001,5151,509,512,0.078,0.000,3.260,0.362,2.897,45,FWD,RUN,0.039,0.113,0.039,0.501,0.290,0.091,3.176,52,0.818,533,2.605,22.1
OK
DATA,MOTOR_BREAKIN_V3,000001,5251,508,512,0.104,0.000,3.371,0.418,2.953,47,FWD,RUN,0.052,0.154,0.026,0.501,0.290,0.091,3.176,52,0.818,533,2.605,22.7
OK
DATA,MOTOR_BREAKIN_V3,000001,5351,510,512,0.051,0.000,3.510,0.306,3.204,48,FWD,RUN,0.026,0.082,0.039,0.418,0.290,0.091,3.176,52,0.818,533,2.605,22.7
OK
DATA,MOTOR_BREAKIN_V3,000001,5451,508,512,0.104,0.000,3.427,0.279,3.148,44,FWD,RUN,0.052,0.164,0.039,0.390,0.290,0.091,3.176,52,0.818,533,2.605,22.7
DATA,MOTOR_BREAKIN_V3,000001,5551,510,513,0.051,0.000,3.622,0.139,3.482,44,FWD,RUN,0.026,0.089,0.052,0.557,0.290,0.091,3.176,52,0.818,533,2.605,22.6
OK
DATA,MOTOR_BREAKIN_V3,000001,5651,510,512,0.051,0.000,3.092,0.223,2.870,35,FWD,RUN,0.026,0.074,0.039,0.613,0.290,0.091,3.176,52,0.818,533,2.605,22.7
OK
DATA,MOTOR_BREAKIN_V3,000001,5751,510,513,0.051,0.000,3.232,0.306,2.925,38,FWD,RUN,0.026,0.075,0.013,0.362,0.290,0.091,3.176,52,0.818,533,2.605,22.7
OK
DATA,MOTOR_BREAKIN_V3,000001,5851,509,512,0.078,0.000,3.120,0.306,2.814,40,FWD,RUN,0.039,0.109,0.013,0.362,0.290,0.091,3.176,52,0.818,533,2.605,22.7
OK
DATA,MOTOR_BREAKIN_V3,000001,5951,510,512,0.051,0.000,3.482,0.000,3.482,44,FWD,RUN,0.026,0.089,0.026,0.752,0.290,0.091,3.176,52,0.818,533,2.605,22.7
OK
DATA,MOTOR_BREAKIN_V3,000001,6051,510,512,0.051,0.000,3.176,0.111,3.065,35,FWD,RUN,0.026,0.079,0.039,0.752,0.290,0.091,3.176,52,0.818,533,2.605,22.7
DATA,MOTOR_BREAKIN_V3,000001,6150,510,514,0.051,0.000,2.953,0.251,2.702,35,FWD,RUN,0.026,0.069,0.039,0.446,0.290,0.091,3.176,52,0.818,533,2.605,22.7
OK
DATA,MOTOR_BREAKIN_V3,000001,6251,509,512,0.078,0.000,3.092,0.390,2.702,41,FWD,RUN,0.039,0.105,0.039,0.362,0.290,0.091,3.176,52,0.818,533,2.605,22.7
DATA,MOTOR_BREAKIN_V3,000001,6351,510,512,0.051,0.000,3.037,0.334,2.702,41,FWD,RUN,0.026,0.069,0.039,0.223,0.290,0.091,3.176,52,0.818,533,2.605,22.7
OK
DATA,MOTOR_BREAKIN_V3,000001,6451,509,512,0.078,0.000,3.232,0.390,2.842,47,FWD,RUN,0.039,0.111,0.052,0.362,0.290,0.091,3.176,52,0.818,533,2.605,22.8
OK
DATA,MOTOR_BREAKIN_V3,000001,6551,510,513,0.051,0.000,3.566,0.251,3.315,50,FWD,RUN,0.026,0.085,0.052,0.529,0.290,0.091,3.176,52,0.818,533,2.605,22.7
OK
DATA,MOTOR_BREAKIN_V3,000001,6651,509,511,0.078,0.052,3.343,0.251,3.092,44,FWD,RUN,0.065,0.201,0.052,0.529,0.290,0.091,3.176,52,0.818,533,2.605,22.7
OK
DATA,MOTOR_BREAKIN_V3,000001,6751,510,511,0.051,0.052,3.427,0.223,3.204,42,FWD,RUN,0.052,0.165,0.052,0.529,0.290,0.091,3.176,52,0.818,533,2.605,22.7
OK
DATA,MOTOR_BREAKIN_V3,000001,6851,510,513,0.051,0.000,3.315,0.056,3.260,38,FWD,RUN,0.026,0.084,0.052,0.585,0.290,0.091,3.176,52,0.818,533,2.605,22.7
OK
DATA,MOTOR_BREAKIN_V3,000001,6951,510,512,0.051,0.000,3.037,0.306,2.730,35,FWD,RUN,0.026,0.070,0.039,0.529,0.290,0.091,3.176,52,0.818,533,2.605,22.7
OK
DATA,MOTOR_BREAKIN_V3,000001,7051,510,512,0.051,0.000,3.176,0.223,2.953,40,FWD,RUN,0.026,0.076,0.039,0.306,0.290,0.091,3.176,52,0.818,533,2.605,22.7
OK
DATA,MOTOR_BREAKIN_V3,000001,7151,509,513,0.078,0.000,3.176,0.279,2.897,41,FWD,RUN,0.039,0.113,0.039,0.279,0.290,0.091,3.176,52,0.818,533,2.605,22.7
OK
DATA,MOTOR_BREAKIN_V3,000001,7251,509,512,0.078,0.000,3.176,0.390,2.786,43,FWD,RUN,0.039,0.108,0.013,0.501,0.290,0.091,3.176,52,0.818,533,2.605,22.1
DATA,MOTOR_BREAKIN_V3,000001,7351,509,512,0.078,0.000,3.148,0.362,2.786,43,FWD,RUN,0.039,0.108,0.013,0.446,0.290,0.091,3.176,52,0.818,533,2.605,22.7
OK
DATA,MOTOR_BREAKIN_V3,000001,7451,508,511,0.104,0.052,3.343,0.279,3.065,47,FWD,RUN,0.078,0.239,0.052,0.418,0.290,0.091,3.176,52,0.818,533,2.605,22.7
OK
DATA,MOTOR_BREAKIN_V3,000001,7551,509,512,0.078,0.000,3.371,0.306,3.065,46,FWD,RUN,0.039,0.119,0.052,0.613,0.290,0.091,3.176,52,0.818,533,2.605,22.8
OK
DATA,MOTOR_BREAKIN_V3,000001,7651,509,511,0.078,0.052,3.371,0.306,3.065,45,FWD,RUN,0.065,0.199,0.039,0.585,0.290,0.091,3.176,52,0.818,533,2.605,22.7
OK
DATA,MOTOR_BREAKIN_V3,000001,7751,509,511,0.078,0.052,3.315,0.251,3.065,44,FWD,RUN,0.065,0.199,0.039,0.474,0.290,0.091,3.176,52,0.818,533,2.605,22.7
OK
DATA,MOTOR_BREAKIN_V3,000001,7851,509,511,0.078,0.052,3.287,0.279,3.009,43,FWD,RUN,0.065,0.195,0.039,0.529,0.290,0.091,3.176,52,0.818,533,2.605,22.6
DATA,MOTOR_BREAKIN_V3,000001,7951,509,511,0.078,0.052,3.232,0.390,2.842,43,FWD,RUN,0.065,0.184,0.052,0.501,0.290,0.091,3.176,52,0.818,533,2.605,22.7
OK
DATA,MOTOR_BREAKIN_V3,000001,8051,509,511,0.078,0.052,3.287,0.279,3.009,46,FWD,RUN,0.065,0.195,0.052,0.195,0.290,0.091,3.176,52,0.818,533,2.605,22.7
DATA,MOTOR_BREAKIN_V3,000001,8151,508,511,0.104,0.052,3.315,0.474,2.842,46,FWD,RUN,0.078,0.222,0.052,0.306,0.290,0.091,3.176,52,0.818,533,2.605,22.7
OK
DATA,MOTOR_BREAKIN_V3,000001,8251,508,511,0.104,0.052,3.427,0.390,3.037,49,FWD,RUN,0.078,0.237,0.066,0.418,0.290,0.091,3.176,52,0.818,533,2.605,22.7
OK
DATA,MOTOR_BREAKIN_V3,000001,8351,508,510,0.104,0.078,3.343,0.446,2.897,48,FWD,RUN,0.091,0.264,0.052,0.418,0.290,0.091,3.176,52,0.818,533,2.605,22.8
OK
DATA,MOTOR_BREAKIN_V3,000001,8451,507,511,0.131,0.052,3.455,0.251,3.204,50,FWD,RUN,0.091,0.292,0.052,0.446,0.292,0.091,3.204,50,0.818,533,2.605,22.7
OK
DATA,MOTOR_BREAKIN_V3,000001,8551,509,512,0.078,0.000,3.343,0.223,3.120,46,FWD,RUN,0.039,0.121,0.066,0.418,0.335,0.104,3.204,50,0.818,533,2.605,22.7
OK
DATA,MOTOR_BREAKIN_V3,000001,8651,509,512,0.078,0.000,3.260,0.390,2.870,44,FWD,RUN,0.039,0.112,0.066,0.501,0.335,0.104,3.204,50,0.818,533,2.605,22.7
OK
DATA,MOTOR_BREAKIN_V3,000001,8751,508,511,0.104,0.052,3.399,0.418,2.981,47,FWD,RUN,0.078,0.233,0.066,0.334,0.335,0.104,3.204,50,0.818,533,2.605,22.8
DATA,MOTOR_BREAKIN_V3,000001,8851,508,512,0.104,0.000,3.399,0.418,2.981,47,FWD,RUN,0.052,0.155,0.066,0.279,0.335,0.104,3.204,50,0.818,533,2.605,22.7
DATA,MOTOR_BREAKIN_V3,000001,8951,508,511,0.104,0.052,3.343,0.501,2.842,47,FWD,RUN,0.078,0.222,0.039,0.334,0.335,0.104,3.204,50,0.818,533,2.605,22.7
DATA,MOTOR_BREAKIN_V3,000001,9051,508,511,0.104,0.052,3.343,0.279,3.065,47,FWD,RUN,0.078,0.239,0.039,0.362,0.335,0.104,3.204,50,0.818,533,2.605,22.8
OK
DATA,MOTOR_BREAKIN_V3,000001,9151,508,511,0.104,0.052,3.315,0.195,3.120,46,FWD,RUN,0.078,0.244,0.039,0.279,0.335,0.104,3.204,50,0.818,533,2.605,22.7
OK
DATA,MOTOR_BREAKIN_V3,000001,9251,509,512,0.078,0.000,3.232,0.251,2.981,44,FWD,RUN,0.039,0.116,0.039,0.223,0.335,0.104,3.204,50,0.818,533,2.605,22.6
DATA,MOTOR_BREAKIN_V3,000001,9350,508,511,0.104,0.052,3.232,0.195,3.037,44,FWD,RUN,0.078,0.237,0.052,0.334,0.335,0.104,3.204,50,0.818,533,2.605,22.5
OK
DATA,MOTOR_BREAKIN_V3,000001,9451,510,513,0.051,0.000,3.176,0.279,2.897,43,FWD,RUN,0.026,0.074,0.052,0.334,0.335,0.104,3.204,50,0.818,533,2.605,22.1
OK
DATA,MOTOR_BREAKIN_V3,000001,9551,508,512,0.104,0.000,3.287,0.334,2.953,45,FWD,RUN,0.052,0.154,0.039,0.279,0.335,0.104,3.204,50,0.818,533,2.605,22.4
OK
DATA,MOTOR_BREAKIN_V3,000001,9651,510,512,0.051,0.000,3.315,0.474,2.842,46,FWD,RUN,0.026,0.073,0.039,0.279,0.335,0.104,3.204,50,0.818,533,2.605,22.7
OK
DATA,MOTOR_BREAKIN_V3,000001,9751,507,511,0.131,0.052,3.399,0.279,3.120,49,FWD,RUN,0.091,0.285,0.066,0.279,0.335,0.104,3.204,50,0.818,533,2.605,22.7
OK
DATA,MOTOR_BREAKIN_V3,000001,9851,508,512,0.104,0.000,3.455,0.195,3.260,47,FWD,RUN,0.052,0.170,0.052,0.418,0.335,0.104,3.204,50,0.818,533,2.605,22.7
DATA,MOTOR_BREAKIN_V3,000001,9951,508,511,0.104,0.052,3.343,0.279,3.065,47,FWD,RUN,0.078,0.239,0.052,0.446,0.335,0.104,3.204,50,0.818,533,2.605,22.7
OK
DATA,MOTOR_BREAKIN_V3,000001,10051,509,511,0.078,0.052,3.399,0.474,2.925,46,FWD,RUN,0.065,0.190,0.039,0.501,0.335,0.104,3.204,50,0.818,533,2.605,22.7
OK
DATA,MOTOR_BREAKIN_V3,000001,10151,509,512,0.078,0.000,3.427,0.251,3.176,48,FWD,RUN,0.039,0.124,0.039,0.585,0.335,0.104,3.204,50,0.818,533,2.605,22.7
OK
DATA,MOTOR_BREAKIN_V3,000001,10251,509,512,0.078,0.000,3.260,0.223,3.037,44,FWD,RUN,0.039,0.118,0.052,0.557,0.335,0.104,3.204,50,0.818,533,2.605,22.7
OK
DATA,MOTOR_BREAKIN_V3,000001,10351,510,512,0.051,0.000,3.148,0.279,2.870,43,FWD,RUN,0.026,0.074,0.052,0.306,0.335,0.104,3.204,50,0.818,533,2.605,22.7
OK
DATA,MOTOR_BREAKIN_V3,000001,10451,509,511,0.078,0.052,3.287,0.279,3.009,46,FWD,RUN,0.065,0.195,0.039,0.306,0.335,0.104,3.204,50,0.818,533,2.605,22.7
DATA,MOTOR_BREAKIN_V3,000001,10551,508,511,0.104,0.052,3.287,0.279,3.009,46,FWD,RUN,0.078,0.235,0.052,0.362,0.335,0.104,3.204,50,0.818,533,2.605,22.7
DATA,MOTOR_BREAKIN_V3,000001,10651,508,511,0.104,0.052,3.287,0.446,2.842,46,FWD,RUN,0.078,0.222,0.052,0.306,0.335,0.104,3.204,50,0.818,533,2.605,22.7
OK
DATA,MOTOR_BREAKIN_V3,000001,10751,508,511,0.104,0.052,3.427,0.223,3.204,49,FWD,RUN,0.078,0.250,0.052,0.362,0.335,0.104,3.204,50,0.818,533,2.605,22.7
DATA,MOTOR_BREAKIN_V3,000001,10851,508,510,0.104,0.078,3.399,0.251,3.148,49,FWD,RUN,0.091,0.287,0.052,0.279,0.335,0.104,3.204,50,0.818,533,2.605,22.7
OK
DATA,MOTOR_BREAKIN_V3,000001,10951,509,511,0.078,0.052,3.371,0.306,3.065,46,FWD,RUN,0.065,0.199,0.066,0.418,0.335,0.104,3.204,50,0.818,533,2.605,22.7
OK
DATA,MOTOR_BREAKIN_V3,000001,11051,509,512,0.078,0.000,3.315,0.362,2.953,45,FWD,RUN,0.039,0.115,0.052,0.557,0.335,0.104,3.204,50,0.818,533,2.605,22.7
OK
DATA,MOTOR_BREAKIN_V3,000001,11151,509,511,0.078,0.052,3.343,0.390,2.953,46,FWD,RUN,0.065,0.192,0.039,0.390,0.335,0.104,3.204,50,0.818,533,2.605,22.7
OK
DATA,MOTOR_BREAKIN_V3,000001,11251,509,512,0.078,0.000,3.315,0.446,2.870,47,FWD,RUN,0.039,0.112,0.039,0.251,0.335,0.104,3.204,50,0.818,533,2.605,22.7
OK
DATA,MOTOR_BREAKIN_V3,000001,11351,508,512,0.104,0.000,3.455,0.362,3.092,50,FWD,RUN,0.052,0.161,0.066,0.474,0.335,0.104,3.204,50,0.818,533,2.605,22.7
OK
DATA,MOTOR_BREAKIN_V3,000001,11451,508,512,0.104,0.000,3.371,0.557,2.814,48,FWD,RUN,0.052,0.147,0.079,0.501,0.335,0.104,3.204,50,0.818,533,2.605,22.7
OK
DATA,MOTOR_BREAKIN_V3,000001,11551,508,510,0.104,0.078,3.343,0.501,2.842,52,FWD,RUN,0.091,0.259,0.066,0.474,0.335,0.104,3.204,50,0.818,533,2.605,22.7
DATA,MOTOR_BREAKIN_V3,000001,11651,506,512,0.157,0.000,3.510,0.334,3.176,52,FWD,RUN,0.079,0.249,0.066,0.418,0.335,0.104,3.204,50,0.818,533,2.605,22.7
OK
DATA,MOTOR_BREAKIN_V3,000001,11751,508,511,0.104,0.052,3.761,0.418,3.343,55,FWD,RUN,0.078,0.261,0.066,0.390,0.335,0.104,3.204,50,0.818,533,2.605,22.7
OK
DATA,MOTOR_BREAKIN_V3,000001,11851,508,511,0.104,0.052,3.566,0.390,3.176,48,FWD,RUN,0.078,0.248,0.052,0.223,0.335,0.104,3.204,50,0.818,533,2.605,22.7
OK
DATA,MOTOR_BREAKIN_V3,000001,11951,510,512,0.051,0.000,3.482,0.306,3.176,44,FWD,RUN,0.026,0.082,0.066,0.139,0.335,0.104,3.204,50,0.818,533,2.605,22.7
OK
DATA,MOTOR_BREAKIN_V3,000001,12051,511,513,0.000,0.000,3.622,0.111,3.510,40,FWD,RUN,0.000,0.000,0.065,0.529,0.335,0.104,3.204,50,0.818,533,2.605,22.7
OK
DATA,MOTOR_BREAKIN_V3,000001,12151,510,512,0.051,0.000,3.287,0.223,3.065,35,FWD,RUN,0.026,0.079,0.065,0.585,0.335,0.104,3.204,50,0.818,533,2.605,22.7
DATA,MOTOR_BREAKIN_V3,000001,12251,510,512,0.051,0.000,3.148,0.223,2.925,35,FWD,RUN,0.026,0.075,0.039,0.390,0.335,0.104,3.204,50,0.818,533,2.605,22.7
OK
DATA,MOTOR_BREAKIN_V3,000001,12351,509,512,0.078,0.000,3.120,0.279,2.842,37,FWD,RUN,0.039,0.111,0.039,0.585,0.335,0.104,3.204,50,0.818,533,2.605,22.7
OK
DATA,MOTOR_BREAKIN_V3,000001,12451,510,512,0.051,0.000,3.092,0.334,2.758,40,FWD,RUN,0.026,0.071,0.013,0.251,0.335,0.104,3.204,50,0.818,533,2.605,22.7
OK
DATA,MOTOR_BREAKIN_V3,000001,12550,509,512,0.078,0.000,3.287,0.306,2.981,45,FWD,RUN,0.039,0.116,0.039,0.223,0.335,0.104,3.204,50,0.818,533,2.605,22.3
DATA,MOTOR_BREAKIN_V3,000001,12651,509,511,0.078,0.052,3.232,0.334,2.897,45,FWD,RUN,0.065,0.188,0.039,0.529,0.335,0.104,3.204,50,0.818,533,2.605,22.7
OK
DATA,MOTOR_BREAKIN_V3,000001,12751,509,512,0.078,0.000,3.399,0.501,2.897,47,FWD,RUN,0.039,0.113,0.052,0.585,0.335,0.104,3.204,50,0.818,533,2.605,22.7
OK
DATA,MOTOR_BREAKIN_V3,000001,12851,509,512,0.078,0.000,3.594,0.195,3.399,49,FWD,RUN,0.039,0.132,0.066,0.585,0.335,0.104,3.204,50,0.818,533,2.605,22.7
OK
DATA,MOTOR_BREAKIN_V3,000001,12951,510,512,0.051,0.000,3.148,0.306,2.842,41,FWD,RUN,0.026,0.073,0.066,0.585,0.335,0.104,3.204,50,0.818,533,2.605,22.7
OK
DATA,MOTOR_BREAKIN_V3,000001,13051,509,511,0.078,0.052,3.287,0.251,3.037,44,FWD,RUN,0.065,0.197,0.039,0.362,0.335,0.104,3.204,50,0.818,533,2.605,22.7
OK
DATA,MOTOR_BREAKIN_V3,000001,13151,510,512,0.051,0.000,3.287,0.306,2.981,43,FWD,RUN,0.026,0.077,0.039,0.223,0.335,0.104,3.204,50,0.818,533,2.605,22.7
DATA,MOTOR_BREAKIN_V3,000001,13251,509,511,0.078,0.052,3.232,0.195,3.037,43,FWD,RUN,0.065,0.197,0.052,0.139,0.335,0.104,3.204,50,0.818,533,2.605,22.7
OK
DATA,MOTOR_BREAKIN_V3,000001,13351,509,511,0.078,0.052,3.232,0.195,3.037,42,FWD,RUN,0.065,0.197,0.052,0.279,0.335,0.104,3.204,50,0.818,533,2.605,22.7
OK
DATA,MOTOR_BREAKIN_V3,000001,13451,510,511,0.051,0.052,3.232,0.167,3.065,41,FWD,RUN,0.052,0.158,0.039,0.279,0.335,0.104,3.204,50,0.818,533,2.605,22.7
DATA,MOTOR_BREAKIN_V3,000001,13551,509,511,0.078,0.052,3.232,0.167,3.065,41,FWD,RUN,0.065,0.199,0.039,0.306,0.335,0.104,3.204,50,0.818,533,2.605,22.6
OK
DATA,MOTOR_BREAKIN_V3,000001,13651,510,511,0.051,0.052,3.092,0.362,2.730,40,FWD,RUN,0.052,0.141,0.039,0.362,0.335,0.104,3.204,50,0.818,533,2.605,22.7
OK
DATA,MOTOR_BREAKIN_V3,000001,13751,510,511,0.051,0.052,3.315,0.446,2.870,45,FWD,RUN,0.052,0.148,0.026,0.279,0.335,0.104,3.204,50,0.818,533,2.605,23.5
OK
DATA,MOTOR_BREAKIN_V3,000001,13851,508,511,0.104,0.052,3.371,0.390,2.981,48,FWD,RUN,0.078,0.233,0.052,0.195,0.335,0.104,3.204,50,0.818,533,2.605,22.7
DATA,MOTOR_BREAKIN_V3,000001,13951,508,510,0.104,0.078,3.343,0.306,3.037,48,FWD,RUN,0.091,0.277,0.052,0.474,0.335,0.104,3.204,50,0.818,533,2.605,22.7
OK
DATA,MOTOR_BREAKIN_V3,000001,14051,509,512,0.078,0.000,3.343,0.362,2.981,47,FWD,RUN,0.039,0.116,0.052,0.585,0.335,0.104,3.204,50,0.818,533,2.605,22.7
DATA,MOTOR_BREAKIN_V3,000001,14151,509,511,0.078,0.052,3.343,0.251,3.092,47,FWD,RUN,0.065,0.201,0.039,0.641,0.335,0.104,3.204,50,0.818,533,2.605,22.7
OK
DATA,MOTOR_BREAKIN_V3,000001,14251,509,511,0.078,0.052,3.260,0.446,2.814,45,FWD,RUN,0.065,0.183,0.026,0.557,0.335,0.104,3.204,50,0.818,533,2.605,22.0
OK
DATA,MOTOR_BREAKIN_V3,000001,14351,510,512,0.051,0.000,3.176,0.251,2.925,49,FWD,RUN,0.026,0.075,0.052,0.390,0.335,0.104,3.204,50,0.818,533,2.605,22.7
DATA,MOTOR_BREAKIN_V3,000001,14451,509,512,0.078,0.000,3.343,0.418,2.925,49,FWD,RUN,0.039,0.114,0.052,0.334,0.335,0.104,3.204,50,0.818,533,2.605,22.7
OK
DATA,MOTOR_BREAKIN_V3,000001,14551,510,512,0.051,0.000,3.705,0.195,3.510,51,FWD,RUN,0.026,0.090,0.052,0.585,0.335,0.104,3.204,50,0.818,533,2.605,22.7
OK
DATA,MOTOR_BREAKIN_V3,000001,14651,509,512,0.078,0.000,3.148,0.279,2.870,41,FWD,RUN,0.039,0.112,0.052,0.641,0.335,0.104,3.204,50,0.818,533,2.605,22.7
OK
DATA,MOTOR_BREAKIN_V3,000001,14751,509,512,0.078,0.000,3.343,0.446,2.897,44,FWD,RUN,0.039,0.113,0.052,0.418,0.335,0.104,3.204,50,0.818,533,2.605,22.7
OK
DATA,MOTOR_BREAKIN_V3,000001,14851,509,512,0.078,0.000,3.371,0.306,3.065,46,FWD,RUN,0.039,0.119,0.039,0.362,0.335,0.104,3.204,50,0.818,533,2.605,22.7
OK
DATA,MOTOR_BREAKIN_V3,000001,14951,510,511,0.051,0.052,3.287,0.306,2.981,45,FWD,RUN,0.052,0.154,0.039,0.334,0.335,0.104,3.204,50,0.818,533,2.605,22.7
DATA,MOTOR_BREAKIN_V3,000001,15051,508,512,0.104,0.000,3.232,0.557,2.674,45,FWD,RUN,0.052,0.139,0.052,0.864,0.335,0.104,3.204,50,0.818,533,2.605,22.0
OK
DATA,MOTOR_BREAKIN_V3,000001,15151,508,511,0.104,0.052,3.566,0.585,2.981,52,FWD,RUN,0.078,0.233,0.052,0.864,0.335,0.104,3.204,50,0.818,533,2.605,22.7
DATA,MOTOR_BREAKIN_V3,000001,15251,508,510,0.104,0.078,3.594,0.474,3.120,52,FWD,RUN,0.091,0.285,0.052,0.279,0.335,0.104,3.204,50,0.818,533,2.605,22.7
DATA,MOTOR_BREAKIN_V3,000001,15351,508,510,0.104,0.078,3.594,0.418,3.176,52,FWD,RUN,0.091,0.290,0.052,0.501,0.335,0.104,3.204,50,0.818,533,2.605,22.7
OK
DATA,MOTOR_BREAKIN_V3,000001,15451,509,512,0.078,0.000,3.566,0.334,3.232,48,FWD,RUN,0.039,0.126,0.091,0.696,0.335,0.104,3.204,50,0.818,533,2.605,22.7
OK
DATA,MOTOR_BREAKIN_V3,000001,15551,510,512,0.051,0.000,3.399,0.334,3.065,43,FWD,RUN,0.026,0.079,0.078,0.613,0.335,0.104,3.204,50,0.818,533,2.605,22.7
OK
DATA,MOTOR_BREAKIN_V3,000001,15651,509,511,0.078,0.052,3.287,0.306,2.981,42,FWD,RUN,0.065,0.193,0.039,0.223,0.335,0.104,3.204,50,0.818,533,2.605,22.7
DATA,MOTOR_BREAKIN_V3,000001,15750,509,512,0.078,0.000,3.287,0.306,2.981,42,FWD,RUN,0.039,0.116,0.039,0.334,0.335,0.104,3.204,50,0.818,533,2.605,22.7
DATA,MOTOR_BREAKIN_V3,000001,15851,511,513,0.000,0.000,3.650,0.084,3.566,42,FWD,RUN,0.000,0.000,0.065,0.669,0.335,0.104,3.204,50,0.818,533,2.605,22.7
OK
DATA,MOTOR_BREAKIN_V3,000001,15951,510,513,0.051,0.000,3.065,0.195,2.870,35,FWD,RUN,0.026,0.074,0.065,0.696,0.335,0.104,3.204,50,0.818,533,2.605,22.7
OK
DATA,MOTOR_BREAKIN_V3,000001,16051,510,511,0.051,0.052,3.120,0.279,2.842,38,FWD,RUN,0.052,0.147,0.065,0.501,0.335,0.104,3.204,50,0.818,533,2.605,22.7
DATA,MOTOR_BREAKIN_V3,000001,16151,510,512,0.051,0.000,3.204,0.167,3.037,38,FWD,RUN,0.026,0.078,0.052,0.223,0.335,0.104,3.204,50,0.818,533,2.605,22.7
OK
DATA,MOTOR_BREAKIN_V3,000001,16251,509,513,0.078,0.000,3.176,0.362,2.814,41,FWD,RUN,0.039,0.109,0.039,0.334,0.335,0.104,3.204,50,0.818,533,2.605,22.7
OK
DATA,MOTOR_BREAKIN_V3,000001,16351,510,513,0.051,0.000,3.232,0.418,2.814,45,FWD,RUN,0.026,0.072,0.039,0.334,0.335,0.104,3.204,50,0.818,533,2.605,22.0
OK
DATA,MOTOR_BREAKIN_V3,000001,16451,510,512,0.051,0.000,3.705,0.167,3.538,49,FWD,RUN,0.026,0.091,0.039,0.724,0.335,0.104,3.204,50,0.818,533,2.605,22.7
OK
DATA,MOTOR_BREAKIN_V3,000001,16551,509,513,0.078,0.000,3.037,0.306,2.730,38,FWD,RUN,0.039,0.106,0.052,0.808,0.335,0.104,3.204,50,0.818,533,2.605,22.7
OK
DATA,MOTOR_BREAKIN_V3,000001,16651,510,512,0.051,0.000,3.148,0.362,2.786,43,FWD,RUN,0.026,0.072,0.052,0.585,0.335,0.104,3.204,50,0.818,533,2.605,22.7
OK
DATA,MOTOR_BREAKIN_V3,000001,16751,510,512,0.051,0.000,3.650,0.111,3.538,47,FWD,RUN,0.026,0.091,0.039,0.864,0.335,0.104,3.204,50,0.818,533,2.605,22.7
OK
DATA,MOTOR_BREAKIN_V3,000001,16851,509,512,0.078,0.000,3.092,0.167,2.925,36,FWD,RUN,0.039,0.114,0.065,0.836,0.335,0.104,3.204,50,0.818,533,2.605,22.7
OK
DATA,MOTOR_BREAKIN_V3,000001,16951,510,512,0.051,0.000,3.120,0.306,2.814,38,FWD,RUN,0.026,0.072,0.065,0.390,0.335,0.104,3.204,50,0.818,533,2.605,22.7
OK
DATA,MOTOR_BREAKIN_V3,000001,17051,510,512,0.051,0.000,3.148,0.279,2.870,42,FWD,RUN,0.026,0.074,0.039,0.501,0.335,0.104,3.204,50,0.818,533,2.605,22.7
DATA,MOTOR_BREAKIN_V3,000001,17151,509,512,0.078,0.000,3.092,0.362,2.730,42,FWD,RUN,0.039,0.106,0.039,0.501,0.335,0.104,3.204,50,0.818,533,2.605,22.7
OK
DATA,MOTOR_BREAKIN_V3,000001,17251,509,512,0.078,0.000,3.287,0.390,2.897,47,FWD,RUN,0.039,0.113,0.039,0.418,0.335,0.104,3.204,50,0.818,533,2.605,22.7
OK
DATA,MOTOR_BREAKIN_V3,000001,17351,508,512,0.104,0.000,3.510,0.501,3.009,49,FWD,RUN,0.052,0.157,0.052,0.501,0.335,0.104,3.204,50,0.818,533,2.605,22.7
DATA,MOTOR_BREAKIN_V3,000001,17451,509,512,0.078,0.000,3.427,0.390,3.037,49,FWD,RUN,0.039,0.118,0.052,0.669,0.335,0.104,3.204,50,0.818,533,2.605,22.7
OK
DATA,MOTOR_BREAKIN_V3,000001,17551,509,511,0.078,0.052,3.482,0.362,3.120,48,FWD,RUN,0.065,0.202,0.052,0.613,0.335,0.104,3.204,50,0.818,533,2.605,22.7
OK
DATA,MOTOR_BREAKIN_V3,000001,17651,509,511,0.078,0.052,3.399,0.334,3.065,46,FWD,RUN,0.065,0.199,0.026,0.279,0.335,0.104,3.204,50,0.818,533,2.605,22.7
OK
DATA,MOTOR_BREAKIN_V3,000001,17751,508,512,0.104,0.000,3.455,0.334,3.120,45,FWD,RUN,0.052,0.163,0.039,0.279,0.335,0.104,3.204,50,0.818,533,2.605,22.4
OK
DATA,MOTOR_BREAKIN_V3,000001,17851,510,512,0.051,0.000,3.622,0.111,3.510,43,FWD,RUN,0.026,0.090,0.052,0.613,0.335,0.104,3.204,50,0.818,533,2.605,22.7
OK
DATA,MOTOR_BREAKIN_V3,000001,17951,510,513,0.051,0.000,3.315,0.195,3.120,35,FWD,RUN,0.026,0.080,0.065,0.418,0.335,0.104,3.204,50,0.818,534,2.610,22.7
DATA,MOTOR_BREAKIN_V3,000001,18051,510,512,0.051,0.000,3.176,0.223,2.953,35,FWD,RUN,0.026,0.076,0.052,0.557,0.335,0.104,3.204,50,0.818,533,2.605,22.7
OK
DATA,MOTOR_BREAKIN_V3,000001,18151,510,513,0.051,0.000,3.092,0.251,2.842,36,FWD,RUN,0.026,0.073,0.026,0.390,0.335,0.104,3.204,50,0.818,533,2.605,22.7
OK
DATA,MOTOR_BREAKIN_V3,000001,18251,509,511,0.078,0.052,3.120,0.279,2.842,39,FWD,RUN,0.065,0.184,0.065,0.808,0.335,0.104,3.204,50,0.818,533,2.605,22.6
OK
DATA,MOTOR_BREAKIN_V3,000001,18351,509,511,0.078,0.052,3.176,0.362,2.814,42,FWD,RUN,0.065,0.183,0.065,0.808,0.335,0.104,3.204,50,0.818,533,2.605,22.7
OK
DATA,MOTOR_BREAKIN_V3,000001,18451,509,513,0.078,0.000,3.343,0.501,2.842,46,FWD,RUN,0.039,0.111,0.078,0.390,0.335,0.104,3.204,50,0.818,533,2.605,22.7
OK
DATA,MOTOR_BREAKIN_V3,000001,18551,509,510,0.078,0.078,3.482,0.501,2.981,49,FWD,RUN,0.078,0.233,0.052,0.529,0.335,0.104,3.204,50,0.818,533,2.605,22.7
DATA,MOTOR_BREAKIN_V3,000001,18651,508,511,0.104,0.052,3.455,0.557,2.897,49,FWD,RUN,0.078,0.226,0.052,0.446,0.335,0.104,3.204,50,0.818,533,2.605,22.7
OK
DATA,MOTOR_BREAKIN_V3,000001,18751,508,512,0.104,0.000,3.510,0.334,3.176,51,FWD,RUN,0.052,0.166,0.052,0.557,0.335,0.104,3.204,50,0.818,533,2.605,22.7
OK
DATA,MOTOR_BREAKIN_V3,000001,18851,508,512,0.104,0.000,3.510,0.418,3.092,47,FWD,RUN,0.052,0.161,0.052,0.474,0.335,0.104,3.204,50,0.818,533,2.605,22.7
DATA,MOTOR_BREAKIN_V3,000001,18950,509,512,0.078,0.000,3.510,0.279,3.232,47,FWD,RUN,0.039,0.126,0.052,0.446,0.335,0.104,3.204,50,0.818,533,2.605,22.7
OK
DATA,MOTOR_BREAKIN_V3,000001,19051,510,512,0.051,0.000,3.455,0.334,3.120,42,FWD,RUN,0.026,0.080,0.039,0.195,0.335,0.104,3.204,50,0.818,533,2.605,22.7
OK
DATA,MOTOR_BREAKIN_V3,000001,19151,510,512,0.051,0.000,3.343,0.306,3.037,40,FWD,RUN,0.026,0.078,0.039,0.362,0.335,0.104,3.204,50,0.818,533,2.605,22.7
OK
DATA,MOTOR_BREAKIN_V3,000001,19251,510,512,0.051,0.000,3.287,0.306,2.981,39,FWD,RUN,0.026,0.077,0.013,0.334,0.335,0.104,3.204,50,0.818,533,2.605,22.7
DATA,MOTOR_BREAKIN_V3,000001,19351,510,511,0.051,0.052,3.232,0.251,2.981,39,FWD,RUN,0.052,0.154,0.039,0.362,0.335,0.104,3.204,50,0.818,533,2.605,22.7
DATA,MOTOR_BREAKIN_V3,000001,19451,509,512,0.078,0.000,3.232,0.279,2.953,39,FWD,RUN,0.039,0.115,0.039,0.334,0.335,0.104,3.204,50,0.818,533,2.605,22.7
OK
DATA,MOTOR_BREAKIN_V3,000001,19551,509,512,0.078,0.000,3.204,0.306,2.897,40,FWD,RUN,0.039,0.113,0.026,0.279,0.335,0.104,3.204,50,0.818,533,2.605,22.7
OK
DATA,MOTOR_BREAKIN_V3,000001,19651,509,512,0.078,0.000,3.315,0.418,2.897,42,FWD,RUN,0.039,0.113,0.026,0.167,0.335,0.104,3.204,50,0.818,533,2.605,22.7
DATA,MOTOR_BREAKIN_V3,000001,19751,510,513,0.051,0.000,3.371,0.139,3.232,42,FWD,RUN,0.026,0.083,0.026,0.446,0.335,0.104,3.204,50,0.818,533,2.605,22.7
OK
DATA,MOTOR_BREAKIN_V3,000001,19851,509,512,0.078,0.000,3.287,0.279,3.009,44,FWD,RUN,0.039,0.117,0.039,0.446,0.335,0.104,3.204,50,0.818,533,2.605,22.7
DATA,MOTOR_BREAKIN_V3,000001,19951,509,512,0.078,0.000,3.287,0.334,2.953,44,FWD,RUN,0.039,0.115,0.039,0.474,0.335,0.104,3.204,50,0.818,533,2.605,22.7
OK
DATA,MOTOR_BREAKIN_V3,000001,20051,509,511,0.078,0.052,3.343,0.474,2.870,45,FWD,RUN,0.065,0.186,0.039,0.529,0.335,0.104,3.204,50,0.818,533,2.605,22.0
OK
DATA,MOTOR_BREAKIN_V3,000001,20151,508,513,0.104,0.000,3.427,0.362,3.065,48,FWD,RUN,0.052,0.160,0.052,0.529,0.335,0.104,3.204,50,0.818,533,2.605,22.7
OK
DATA,MOTOR_BREAKIN_V3,000001,20251,509,512,0.078,0.000,3.315,0.446,2.870,47,FWD,RUN,0.039,0.112,0.039,0.390,0.335,0.104,3.204,50,0.818,533,2.605,22.7
OK
DATA,MOTOR_BREAKIN_V3,000001,20351,509,512,0.078,0.000,3.399,0.446,2.953,50,FWD,RUN,0.039,0.115,0.052,0.557,0.335,0.104,3.204,50,0.818,533,2.605,22.7
OK
DATA,MOTOR_BREAKIN_V3,000001,20451,509,512,0.078,0.000,3.733,0.334,3.399,51,FWD,RUN,0.039,0.132,0.052,0.474,0.335,0.104,3.204,50,0.818,533,2.605,22.7
OK
DATA,MOTOR_BREAKIN_V3,000001,20551,509,511,0.078,0.052,3.427,0.446,2.981,43,FWD,RUN,0.065,0.193,0.066,0.418,0.335,0.104,3.204,50,0.818,533,2.605,22.7
DATA,MOTOR_BREAKIN_V3,000001,20651,510,512,0.051,0.000,3.427,0.223,3.204,43,FWD,RUN,0.026,0.082,0.066,0.418,0.335,0.104,3.204,50,0.818,533,2.605,22.7
DATA,MOTOR_BREAKIN_V3,000001,20751,509,511,0.078,0.052,3.566,0.139,3.427,43,FWD,RUN,0.065,0.222,0.039,0.418,0.335,0.104,3.204,50,0.818,533,2.605,22.7
OK
DATA,MOTOR_BREAKIN_V3,000001,20851,511,513,0.000,0.000,3.065,0.195,2.870,35,FWD,RUN,0.000,0.000,0.065,0.557,0.335,0.104,3.204,50,0.818,533,2.605,22.7
OK
DATA,MOTOR_BREAKIN_V3,000001,20951,510,512,0.051,0.000,3.176,0.279,2.897,38,FWD,RUN,0.026,0.074,0.026,0.585,0.335,0.104,3.204,50,0.818,533,2.605,22.7
OK
DATA,MOTOR_BREAKIN_V3,000001,21051,509,512,0.078,0.000,3.204,0.390,2.814,40,FWD,RUN,0.039,0.109,0.013,0.613,0.335,0.104,3.204,50,0.818,533,2.605,22.7
OK
DATA,MOTOR_BREAKIN_V3,000001,21151,509,511,0.078,0.052,3.260,0.251,3.009,44,FWD,RUN,0.065,0.195,0.039,0.418,0.335,0.104,3.204,50,0.818,533,2.605,22.7
DATA,MOTOR_BREAKIN_V3,000001,21251,510,513,0.051,0.000,3.287,0.390,2.897,44,FWD,RUN,0.026,0.074,0.078,0.529,0.335,0.104,3.204,50,0.818,533,2.605,22.7
OK
DATA,MOTOR_BREAKIN_V3,000001,21351,509,512,0.078,0.000,3.343,0.418,2.925,46,FWD,RUN,0.039,0.114,0.078,0.390,0.335,0.104,3.204,50,0.818,533,2.605,22.7
OK
DATA,MOTOR_BREAKIN_V3,000001,21451,509,512,0.078,0.000,3.455,0.306,3.148,48,FWD,RUN,0.039,0.122,0.013,0.557,0.335,0.104,3.204,50,0.818,533,2.605,22.7
OK
DATA,MOTOR_BREAKIN_V3,000001,21551,509,512,0.078,0.000,3.343,0.306,3.037,45,FWD,RUN,0.039,0.118,0.052,0.501,0.335,0.104,3.204,50,0.818,533,2.605,23.1
DATA,MOTOR_BREAKIN_V3,000001,21651,510,512,0.051,0.000,3.482,0.306,3.176,45,FWD,RUN,0.026,0.082,0.052,0.752,0.335,0.104,3.204,50,0.818,533,2.605,24.0
OK
DATA,MOTOR_BREAKIN_V3,000001,21751,509,511,0.078,0.052,3.287,0.279,3.009,41,FWD,RUN,0.065,0.195,0.052,0.752,0.335,0.104,3.204,50,0.818,533,2.605,22.7
DATA,MOTOR_BREAKIN_V3,000001,21851,509,512,0.078,0.000,3.315,0.306,3.009,41,FWD,RUN,0.039,0.117,0.039,0.279,0.335,0.104,3.204,50,0.818,533,2.605,22.7
DATA,MOTOR_BREAKIN_V3,000001,21951,510,512,0.051,0.000,3.232,0.279,2.953,41,FWD,RUN,0.026,0.076,0.039,0.557,0.335,0.104,3.204,50,0.818,533,2.605,22.7
OK
DATA,MOTOR_BREAKIN_V3,000001,22051,512,513,0.000,0.000,3.371,0.167,3.204,42,FWD,RUN,0.000,0.000,0.052,0.557,0.335,0.104,3.204,50,0.818,533,2.605,22.7
OK
DATA,MOTOR_BREAKIN_V3,000001,22150,511,513,0.000,0.000,3.287,0.139,3.148,38,FWD,RUN,0.000,0.000,0.052,0.390,0.335,0.104,3.204,50,0.818,533,2.605,22.7
OK
DATA,MOTOR_BREAKIN_V3,000001,22251,509,512,0.078,0.000,3.065,0.139,2.925,35,FWD,RUN,0.039,0.114,0.039,0.446,0.335,0.104,3.204,50,0.818,533,2.605,22.7
OK
DATA,MOTOR_BREAKIN_V3,000001,22351,510,512,0.051,0.000,3.037,0.279,2.758,37,FWD,RUN,0.026,0.071,0.039,0.251,0.335,0.104,3.204,50,0.818,533,2.605,22.7
OK
DATA,MOTOR_BREAKIN_V3,000001,22451,509,513,0.078,0.000,3.232,0.279,2.953,42,FWD,RUN,0.039,0.115,0.039,0.279,0.335,0.104,3.204,50,0.818,534,2.610,22.7
DATA,MOTOR_BREAKIN_V3,000001,22551,509,513,0.078,0.000,3.232,0.223,3.009,42,FWD,RUN,0.039,0.117,0.039,0.362,0.335,0.104,3.204,50,0.818,533,2.605,22.7
OK
DATA,MOTOR_BREAKIN_V3,000001,22651,510,512,0.051,0.000,3.148,0.362,2.786,43,FWD,RUN,0.026,0.072,0.039,0.362,0.335,0.104,3.204,50,0.818,533,2.605,22.7
OK
DATA,MOTOR_BREAKIN_V3,000001,22751,509,511,0.078,0.052,3.232,0.418,2.814,47,FWD,RUN,0.065,0.183,0.052,0.279,0.335,0.104,3.204,50,0.818,533,2.605,22.8
OK
DATA,MOTOR_BREAKIN_V3,000001,22851,509,511,0.078,0.052,3.538,0.418,3.120,51,FWD,RUN,0.065,0.202,0.039,0.446,0.335,0.104,3.204,50,0.818,533,2.605,22.8
OK
DATA,MOTOR_BREAKIN_V3,000001,22951,508,511,0.104,0.052,3.510,0.390,3.120,49,FWD,RUN,0.078,0.244,0.066,0.501,0.335,0.104,3.204,50,0.818,533,2.605,22.8
OK
DATA,MOTOR_BREAKIN_V3,000001,23051,509,512,0.078,0.000,3.650,0.251,3.399,47,FWD,RUN,0.039,0.132,0.066,0.306,0.335,0.104,3.204,50,0.818,533,2.605,22.8
OK
DATA,MOTOR_BREAKIN_V3,000001,23151,510,513,0.051,0.000,3.482,0.223,3.260,39,FWD,RUN,0.026,0.084,0.052,0.306,0.335,0.104,3.204,50,0.818,533,2.605,22.7
OK
DATA,MOTOR_BREAKIN_V3,000001,23251,510,512,0.051,0.000,3.065,0.195,2.870,35,FWD,RUN,0.026,0.074,0.039,0.390,0.335,0.104,3.204,50,0.818,533,2.605,22.7
OK
DATA,MOTOR_BREAKIN_V3,000001,23351,509,512,0.078,0.000,3.176,0.279,2.897,38,FWD,RUN,0.039,0.113,0.052,0.418,0.335,0.104,3.204,50,0.818,533,2.605,22.7
OK
DATA,MOTOR_BREAKIN_V3,000001,23451,509,511,0.078,0.052,3.287,0.306,2.981,40,FWD,RUN,0.065,0.193,0.065,0.501,0.335,0.104,3.204,50,0.818,533,2.605,22.7
DATA,MOTOR_BREAKIN_V3,000001,23551,509,511,0.078,0.052,3.176,0.223,2.953,40,FWD,RUN,0.065,0.192,0.065,0.529,0.335,0.104,3.204,50,0.818,533,2.605,22.7
OK
DATA,MOTOR_BREAKIN_V3,000001,23651,509,513,0.078,0.000,3.315,0.167,3.148,41,FWD,RUN,0.039,0.122,0.039,0.529,0.335,0.104,3.204,50,0.818,533,2.605,22.7
OK
DATA,MOTOR_BREAKIN_V3,000001,23751,510,512,0.051,0.000,3.065,0.362,2.702,38,FWD,RUN,0.026,0.069,0.013,0.446,0.335,0.104,3.204,50,0.818,533,2.605,22.7
OK
DATA,MOTOR_BREAKIN_V3,000001,23851,509,513,0.078,0.000,3.204,0.362,2.842,44,FWD,RUN,0.039,0.111,0.065,0.501,0.335,0.104,3.204,50,0.818,533,2.605,22.8
OK
DATA,MOTOR_BREAKIN_V3,000001,23951,509,512,0.078,0.000,3.260,0.362,2.897,47,FWD,RUN,0.039,0.113,0.065,0.446,0.335,0.104,3.204,50,0.818,533,2.605,22.8
OK
DATA,MOTOR_BREAKIN_V3,000001,24051,508,511,0.104,0.052,3.371,0.334,3.037,49,FWD,RUN,0.078,0.237,0.052,0.279,0.335,0.104,3.204,50,0.818,533,2.605,22.8
OK
DATA,MOTOR_BREAKIN_V3,000001,24151,508,510,0.104,0.078,3.482,0.390,3.092,48,FWD,RUN,0.091,0.282,0.052,0.306,0.335,0.104,3.204,50,0.818,533,2.605,22.8
OK
DATA,MOTOR_BREAKIN_V3,000001,24251,510,511,0.051,0.052,3.566,0.251,3.315,46,FWD,RUN,0.052,0.171,0.052,0.306,0.335,0.104,3.204,50,0.818,533,2.605,22.8
DATA,MOTOR_BREAKIN_V3,000001,24351,509,512,0.078,0.000,3.455,0.362,3.092,46,FWD,RUN,0.039,0.120,0.052,0.529,0.335,0.104,3.204,50,0.818,533,2.605,22.8
OK
DATA,MOTOR_BREAKIN_V3,000001,24451,509,512,0.078,0.000,3.204,0.223,2.981,40,FWD,RUN,0.039,0.116,0.013,0.529,0.335,0.104,3.204,50,0.818,533,2.605,22.7
DATA,MOTOR_BREAKIN_V3,000001,24551,510,512,0.051,0.000,3.176,0.306,2.870,40,FWD,RUN,0.026,0.074,0.039,0.501,0.335,0.104,3.204,50,0.818,533,2.605,22.7
OK
DATA,MOTOR_BREAKIN_V3,000001,24651,512,513,0.000,0.000,3.538,0.084,3.455,43,FWD,RUN,0.000,0.000,0.039,0.641,0.335,0.104,3.204,50,0.818,534,2.610,22.7
OK
DATA,MOTOR_BREAKIN_V3,000001,24751,510,513,0.051,0.000,3.092,0.223,2.870,35,FWD,RUN,0.026,0.074,0.039,0.724,0.335,0.104,3.204,50,0.818,533,2.605,22.8
OK
DATA,MOTOR_BREAKIN_V3,000001,24851,510,512,0.051,0.000,3.037,0.362,2.674,38,FWD,RUN,0.026,0.069,0.026,0.669,0.335,0.104,3.204,50,0.818,533,2.605,22.7
OK
DATA,MOTOR_BREAKIN_V3,000001,24951,510,513,0.051,0.000,3.482,0.111,3.371,45,FWD,RUN,0.026,0.087,0.065,0.696,0.335,0.104,3.204,50,0.818,533,2.605,22.8
OK
DATA,MOTOR_BREAKIN_V3,000001,25051,510,512,0.051,0.000,3.176,0.390,2.786,38,FWD,RUN,0.026,0.072,0.039,0.696,0.335,0.104,3.204,50,0.818,533,2.605,22.7
OK
DATA,MOTOR_BREAKIN_V3,000001,25151,509,512,0.078,0.000,3.204,0.279,2.925,42,FWD,RUN,0.039,0.114,0.039,0.724,0.335,0.104,3.204,50,0.818,533,2.605,22.7
DATA,MOTOR_BREAKIN_V3,000001,25251,509,513,0.078,0.000,3.148,0.279,2.870,42,FWD,RUN,0.039,0.112,0.013,0.724,0.335,0.104,3.204,50,0.818,533,2.605,22.7
OK
DATA,MOTOR_BREAKIN_V3,000001,25350,510,513,0.051,0.000,3.427,0.195,3.232,44,FWD,RUN,0.026,0.083,0.013,0.474,0.335,0.104,3.204,50,0.818,533,2.605,22.7
OK
DATA,MOTOR_BREAKIN_V3,000001,25451,509,512,0.078,0.000,3.092,0.334,2.758,39,FWD,RUN,0.039,0.107,0.013,0.474,0.335,0.104,3.204,50,0.818,533,2.605,22.7
OK
DATA,MOTOR_BREAKIN_V3,000001,25551,509,511,0.078,0.052,3.176,0.390,2.786,44,FWD,RUN,0.065,0.181,0.039,0.529,0.335,0.104,3.204,50,0.818,534,2.610,22.7
OK
DATA,MOTOR_BREAKIN_V3,000001,25651,509,512,0.078,0.000,3.399,0.418,2.981,48,FWD,RUN,0.039,0.116,0.039,0.529,0.335,0.104,3.204,50,0.818,533,2.605,22.8
DATA,MOTOR_BREAKIN_V3,000001,25751,508,511,0.104,0.052,3.260,0.418,2.842,48,FWD,RUN,0.078,0.222,0.039,0.474,0.335,0.104,3.204,50,0.818,533,2.605,22.8
OK
DATA,MOTOR_BREAKIN_V3,000001,25851,508,510,0.104,0.078,3.510,0.306,3.204,51,FWD,RUN,0.091,0.292,0.066,0.529,0.335,0.104,3.204,50,0.818,533,2.605,22.8
OK
DATA,MOTOR_BREAKIN_V3,000001,25951,509,512,0.078,0.000,3.538,0.362,3.176,47,FWD,RUN,0.039,0.124,0.066,0.641,0.335,0.104,3.204,50,0.818,533,2.605,22.8
OK
DATA,MOTOR_BREAKIN_V3,000001,26051,509,512,0.078,0.000,3.371,0.334,3.037,43,FWD,RUN,0.039,0.118,0.052,0.557,0.335,0.104,3.204,50,0.818,533,2.605,22.8
OK
DATA,MOTOR_BREAKIN_V3,000001,26151,509,512,0.078,0.000,3.427,0.362,3.065,42,FWD,RUN,0.039,0.119,0.039,0.585,0.335,0.104,3.204,50,0.818,533,2.605,22.7
DATA,MOTOR_BREAKIN_V3,000001,26251,510,513,0.051,0.000,3.371,0.362,3.009,42,FWD,RUN,0.026,0.077,0.039,0.641,0.335,0.104,3.204,50,0.818,533,2.605,22.8
DATA,MOTOR_BREAKIN_V3,000001,26351,509,512,0.078,0.000,3.399,0.418,2.981,42,FWD,RUN,0.039,0.116,0.039,0.529,0.335,0.104,3.204,50,0.818,534,2.610,22.8
DATA,MOTOR_BREAKIN_V3,000001,26451,510,513,0.051,0.000,3.232,0.334,2.897,42,FWD,RUN,0.026,0.074,0.039,0.529,0.335,0.104,3.204,50,0.818,533,2.605,22.8
OK
DATA,MOTOR_BREAKIN_V3,000001,26551,510,512,0.051,0.000,3.371,0.334,3.037,44,FWD,RUN,0.026,0.078,0.039,0.251,0.335,0.104,3.204,50,0.818,533,2.605,22.8
OK
DATA,MOTOR_BREAKIN_V3,000001,26651,509,510,0.078,0.078,3.315,0.334,2.981,43,FWD,RUN,0.078,0.233,0.078,0.167,0.335,0.104,3.204,50,0.818,533,2.605,22.7
DATA,MOTOR_BREAKIN_V3,000001,26751,509,512,0.078,0.000,3.399,0.279,3.120,43,FWD,RUN,0.039,0.121,0.078,0.306,0.335,0.104,3.204,50,0.818,533,2.605,22.7
OK
DATA,MOTOR_BREAKIN_V3,000001,26851,509,511,0.078,0.052,3.315,0.306,3.009,41,FWD,RUN,0.065,0.195,0.039,0.613,0.335,0.104,3.204,50,0.818,533,2.605,22.7
DATA,MOTOR_BREAKIN_V3,000001,26951,510,512,0.051,0.000,3.260,0.306,2.953,41,FWD,RUN,0.026,0.076,0.039,0.669,0.335,0.104,3.204,50,0.818,533,2.605,22.8
OK
DATA,MOTOR_BREAKIN_V3,000001,27051,510,513,0.051,0.000,3.176,0.334,2.842,42,FWD,RUN,0.026,0.073,0.026,0.418,0.335,0.104,3.204,50,0.818,533,2.605,22.8
DATA,MOTOR_BREAKIN_V3,000001,27151,510,512,0.051,0.000,3.260,0.362,2.897,42,FWD,RUN,0.026,0.074,0.039,0.501,0.335,0.104,3.204,50,0.818,533,2.605,22.8
OK
DATA,MOTOR_BREAKIN_V3,000001,27251,510,512,0.051,0.000,3.427,0.251,3.176,45,FWD,RUN,0.026,0.082,0.052,0.529,0.335,0.104,3.204,50,0.818,533,2.605,23.4
OK
DATA,MOTOR_BREAKIN_V3,000001,27351,510,513,0.051,0.000,3.371,0.306,3.065,41,FWD,RUN,0.026,0.079,0.026,0.501,0.335,0.104,3.204,50,0.818,534,2.610,22.7
OK
DATA,MOTOR_BREAKIN_V3,000001,27451,510,513,0.051,0.000,3.260,0.446,2.814,40,FWD,RUN,0.026,0.072,0.052,0.279,0.335,0.104,3.204,50,0.818,533,2.605,22.7
OK
DATA,MOTOR_BREAKIN_V3,000001,27551,508,510,0.104,0.078,3.260,0.362,2.897,44,FWD,RUN,0.091,0.264,0.066,0.223,0.335,0.104,3.204,50,0.818,533,2.605,22.8
OK
DATA,MOTOR_BREAKIN_V3,000001,27651,510,513,0.051,0.000,3.455,0.251,3.204,46,FWD,RUN,0.026,0.082,0.066,0.390,0.335,0.104,3.204,50,0.818,533,2.605,22.8
OK
DATA,MOTOR_BREAKIN_V3,000001,27751,510,512,0.051,0.000,3.399,0.251,3.148,42,FWD,RUN,0.026,0.081,0.052,0.390,0.335,0.104,3.204,50,0.818,533,2.605,22.8
OK
DATA,MOTOR_BREAKIN_V3,000001,27851,510,512,0.051,0.000,3.287,0.334,2.953,39,FWD,RUN,0.026,0.076,0.052,0.334,0.335,0.104,3.204,50,0.818,533,2.605,22.8
OK
DATA,MOTOR_BREAKIN_V3,000001,27951,510,512,0.051,0.000,3.148,0.251,2.897,40,FWD,RUN,0.026,0.074,0.026,0.306,0.335,0.104,3.204,50,0.818,533,2.605,22.8
OK
DATA,MOTOR_BREAKIN_V3,000001,28051,509,512,0.078,0.000,3.260,0.362,2.897,42,FWD,RUN,0.039,0.113,0.026,0.251,0.335,0.104,3.204,50,0.818,533,2.605,22.8
DATA,MOTOR_BREAKIN_V3,000001,28151,510,512,0.051,0.000,3.176,0.334,2.842,42,FWD,RUN,0.026,0.073,0.013,0.167,0.335,0.104,3.204,50,0.818,533,2.605,22.7
OK
DATA,MOTOR_BREAKIN_V3,000001,28251,510,511,0.051,0.052,3.260,0.306,2.953,45,FWD,RUN,0.052,0.153,0.026,0.223,0.335,0.104,3.204,50,0.818,533,2.605,24.3
OK
DATA,MOTOR_BREAKIN_V3,000001,28351,510,513,0.051,0.000,3.510,0.251,3.260,46,FWD,RUN,0.026,0.084,0.026,0.418,0.335,0.104,3.204,50,0.818,533,2.605,22.8
OK
DATA,MOTOR_BREAKIN_V3,000001,28451,510,512,0.051,0.000,3.315,0.195,3.120,41,FWD,RUN,0.026,0.080,0.026,0.501,0.335,0.104,3.204,50,0.818,533,2.605,22.7
OK
DATA,MOTOR_BREAKIN_V3,000001,28550,510,511,0.051,0.052,3.204,0.279,2.925,39,FWD,RUN,0.052,0.151,0.026,0.557,0.335,0.104,3.204,50,0.818,533,2.605,22.7
OK
DATA,MOTOR_BREAKIN_V3,000001,28651,510,511,0.051,0.052,3.287,0.223,3.065,41,FWD,RUN,0.052,0.158,0.026,0.780,0.335,0.104,3.204,50,0.818,534,2.610,22.7
OK
DATA,MOTOR_BREAKIN_V3,000001,28751,510,512,0.051,0.000,3.120,0.306,2.814,40,FWD,RUN,0.026,0.072,0.026,0.585,0.335,0.104,3.204,50,0.818,533,2.605,22.8
OK
DATA,MOTOR_BREAKIN_V3,000001,28851,509,512,0.078,0.000,3.427,0.223,3.204,44,FWD,RUN,0.039,0.125,0.039,0.529,0.335,0.104,3.204,50,0.818,533,2.605,22.8
OK
DATA,MOTOR_BREAKIN_V3,000001,28951,509,512,0.078,0.000,3.092,0.306,2.786,40,FWD,RUN,0.039,0.108,0.039,0.418,0.335,0.104,3.204,50,0.818,533,2.605,22.7
DATA,MOTOR_BREAKIN_V3,000001,29051,509,512,0.078,0.000,3.148,0.167,2.981,40,FWD,RUN,0.039,0.116,0.039,0.334,0.335,0.104,3.204,50,0.818,533,2.605,22.8
DATA,MOTOR_BREAKIN_V3,000001,29151,509,512,0.078,0.000,3.120,0.334,2.786,40,FWD,RUN,0.039,0.108,0.026,0.418,0.335,0.104,3.204,50,0.818,534,2.610,22.8
OK
DATA,MOTOR_BREAKIN_V3,000001,29251,510,513,0.051,0.000,3.427,0.223,3.204,44,FWD,RUN,0.026,0.082,0.039,0.418,0.335,0.104,3.204,50,0.818,533,2.605,22.8
OK
DATA,MOTOR_BREAKIN_V3,000001,29351,510,512,0.051,0.000,3.148,0.362,2.786,40,FWD,RUN,0.026,0.072,0.039,0.585,0.335,0.104,3.204,50,0.818,533,2.605,22.8
OK
DATA,MOTOR_BREAKIN_V3,000001,29451,510,512,0.051,0.000,3.399,0.279,3.120,44,FWD,RUN,0.026,0.080,0.039,0.641,0.335,0.104,3.204,50,0.818,533,2.605,22.7
OK
DATA,MOTOR_BREAKIN_V3,000001,29551,509,512,0.078,0.000,3.315,0.251,3.065,42,FWD,RUN,0.039,0.119,0.039,0.501,0.335,0.104,3.204,50,0.818,533,2.605,22.8
OK
DATA,MOTOR_BREAKIN_V3,000001,29651,510,512,0.051,0.000,3.232,0.529,2.702,41,FWD,RUN,0.026,0.069,0.039,0.362,0.335,0.104,3.204,50,0.818,533,2.605,22.8
OK
DATA,MOTOR_BREAKIN_V3,000001,29751,508,512,0.104,0.000,3.399,0.362,3.037,47,FWD,RUN,0.052,0.158,0.026,0.334,0.335,0.104,3.204,50,0.818,533,2.605,22.8
DATA,MOTOR_BREAKIN_V3,000001,29851,508,511,0.104,0.052,3.343,0.279,3.065,47,FWD,RUN,0.078,0.239,0.052,0.836,0.335,0.104,3.204,50,0.818,533,2.605,22.8
OK
DATA,MOTOR_BREAKIN_V3,000001,29951,508,511,0.104,0.052,3.455,0.251,3.204,46,FWD,RUN,0.078,0.250,0.078,0.724,0.335,0.104,3.204,50,0.818,533,2.605,22.8
OK
DATA,MOTOR_BREAKIN_V3,000001,30051,510,513,0.051,0.000,3.260,0.306,2.953,42,FWD,RUN,0.026,0.076,0.078,0.501,0.335,0.104,3.204,50,0.818,533,2.605,22.8
OK
DATA,MOTOR_BREAKIN_V3,000001,30151,509,512,0.078,0.000,3.176,0.279,2.897,43,FWD,RUN,0.039,0.113,0.039,0.334,0.335,0.104,3.204,50,0.818,533,2.605,22.7
OK
DATA,MOTOR_BREAKIN_V3,000001,30251,511,512,0.000,0.000,3.538,0.167,3.371,45,FWD,RUN,0.000,0.000,0.065,0.585,0.335,0.104,3.204,50,0.818,533,2.605,22.8
OK
DATA,MOTOR_BREAKIN_V3,000001,30351,510,512,0.051,0.000,3.232,0.195,3.037,38,FWD,RUN,0.026,0.078,0.052,0.529,0.335,0.104,3.204,50,0.818,533,2.605,22.8
OK
DATA,MOTOR_BREAKIN_V3,000001,30451,509,512,0.078,0.000,3.065,0.390,2.674,37,FWD,RUN,0.039,0.104,0.026,0.669,0.335,0.104,3.204,50,0.818,533,2.605,22.8
OK
DATA,MOTOR_BREAKIN_V3,000001,30551,509,511,0.078,0.052,3.315,0.334,2.981,44,FWD,RUN,0.065,0.193,0.065,0.501,0.335,0.104,3.204,50,0.818,533,2.605,22.8
DATA,MOTOR_BREAKIN_V3,000001,30651,509,511,0.078,0.052,3.371,0.167,3.204,44,FWD,RUN,0.065,0.208,0.078,0.669,0.335,0.104,3.204,50,0.818,533,2.605,22.8
OK
DATA,MOTOR_BREAKIN_V3,000001,30751,508,512,0.104,0.000,3.176,0.223,2.953,40,FWD,RUN,0.052,0.154,0.039,0.669,0.335,0.104,3.204,50,0.818,533,2.605,22.8
DATA,MOTOR_BREAKIN_V3,000001,30851,509,512,0.078,0.000,3.148,0.251,2.897,40,FWD,RUN,0.039,0.113,0.052,0.362,0.335,0.104,3.204,50,0.818,533,2.605,22.8
OK
DATA,MOTOR_BREAKIN_V3,000001,30951,509,512,0.078,0.000,3.287,0.251,3.037,42,FWD,RUN,0.039,0.118,0.013,0.251,0.335,0.104,3.204,50,0.818,533,2.605,22.8
OK
DATA,MOTOR_BREAKIN_V3,000001,31051,509,511,0.078,0.052,3.176,0.195,2.981,41,FWD,RUN,0.065,0.193,0.039,0.279,0.335,0.104,3.204,50,0.818,533,2.605,22.7
DATA,MOTOR_BREAKIN_V3,000001,31151,509,512,0.078,0.000,3.148,0.251,2.897,41,FWD,RUN,0.039,0.113,0.039,0.279,0.335,0.104,3.204,50,0.818,533,2.605,22.5
OK
DATA,MOTOR_BREAKIN_V3,000001,31251,509,511,0.078,0.052,3.204,0.334,2.870,43,FWD,RUN,0.065,0.186,0.039,0.279,0.335,0.104,3.204,50,0.818,533,2.605,22.7
OK
DATA,MOTOR_BREAKIN_V3,000001,31351,508,512,0.104,0.000,3.427,0.306,3.120,46,FWD,RUN,0.052,0.163,0.039,0.501,0.335,0.104,3.204,50,0.818,533,2.605,22.8
OK
DATA,MOTOR_BREAKIN_V3,000001,31451,509,512,0.078,0.000,3.232,0.306,2.925,44,FWD,RUN,0.039,0.114,0.052,0.613,0.335,0.104,3.204,50,0.818,533,2.605,22.7
OK
DATA,MOTOR_BREAKIN_V3,000001,31551,508,512,0.104,0.000,3.287,0.279,3.009,46,FWD,RUN,0.052,0.157,0.039,0.501,0.335,0.104,3.204,50,0.818,533,2.605,22.8
DATA,MOTOR_BREAKIN_V3,000001,31651,509,511,0.078,0.052,3.287,0.223,3.065,46,FWD,RUN,0.065,0.199,0.039,0.306,0.335,0.104,3.204,50,0.818,533,2.605,22.8
DATA,MOTOR_BREAKIN_V3,000001,31750,508,511,0.104,0.052,3.260,0.251,3.009,46,FWD,RUN,0.078,0.235,0.039,0.334,0.335,0.104,3.204,50,0.818,533,2.605,22.8
DATA,MOTOR_BREAKIN_V3,000001,31851,509,511,0.078,0.052,3.287,0.446,2.842,46,FWD,RUN,0.065,0.184,0.039,0.334,0.335,0.104,3.204,50,0.818,533,2.605,22.8
OK
DATA,MOTOR_BREAKIN_V3,000001,31951,508,511,0.104,0.052,3.455,0.474,2.981,49,FWD,RUN,0.078,0.233,0.026,0.474,0.335,0.104,3.204,50,0.818,533,2.605,22.8
DATA,MOTOR_BREAKIN_V3,000001,32051,508,512,0.104,0.000,3.399,0.390,3.009,49,FWD,RUN,0.052,0.157,0.039,0.362,0.335,0.104,3.204,50,0.818,533,2.605,22.8
OK
DATA,MOTOR_BREAKIN_V3,000001,32151,508,511,0.104,0.052,3.399,0.279,3.120,47,FWD,RUN,0.078,0.244,0.039,0.446,0.335,0.104,3.204,50,0.818,533,2.605,22.8
DATA,MOTOR_BREAKIN_V3,000001,32251,510,512,0.051,0.000,3.371,0.418,2.953,47,FWD,RUN,0.026,0.076,0.052,0.641,0.335,0.104,3.204,50,0.818,533,2.605,22.8
DATA,MOTOR_BREAKIN_V3,000001,32351,508,512,0.104,0.000,3.399,0.334,3.065,47,FWD,RUN,0.052,0.160,0.052,0.613,0.335,0.104,3.204,50,0.818,533,2.605,22.8
DATA,MOTOR_BREAKIN_V3,000001,32451,509,511,0.078,0.052,3.399,0.418,2.981,47,FWD,RUN,0.065,0.193,0.052,0.279,0.335,0.104,3.204,50,0.818,533,2.605,22.8
DATA,MOTOR_BREAKIN_V3,000001,32551,508,511,0.104,0.052,3.343,0.446,2.897,47,FWD,RUN,0.078,0.226,0.052,0.306,0.335,0.104,3.204,50,0.818,533,2.605,22.8
DATA,MOTOR_BREAKIN_V3,000001,32651,509,511,0.078,0.052,3.399,0.334,3.065,47,FWD,RUN,0.065,0.199,0.039,0.557,0.335,0.104,3.204,50,0.818,533,2.605,22.8
DATA,MOTOR_BREAKIN_V3,000001,32751,508,511,0.104,0.052,3.371,0.279,3.092,47,FWD,RUN,0.078,0.241,0.052,0.585,0.335,0.104,3.204,50,0.818,533,2.605,22.8
DATA,MOTOR_BREAKIN_V3,000001,32851,508,511,0.104,0.052,3.427,0.390,3.037,47,FWD,RUN,0.078,0.237,0.052,0.279,0.335,0.104,3.204,50,0.818,533,2.605,22.8
DATA,MOTOR_BREAKIN_V3,000001,32951,508,511,0.104,0.052,3.399,0.251,3.148,47,FWD,RUN,0.078,0.246,0.052,0.557,0.335,0.104,3.204,50,0.818,533,2.605,22.8
DATA,MOTOR_BREAKIN_V3,000001,33051,508,512,0.104,0.000,3.371,0.390,2.981,47,FWD,RUN,0.052,0.155,0.026,0.557,0.335,0.104,3.204,50,0.818,533,2.605,22.8
DATA,MOTOR_BREAKIN_V3,000001,33151,508,511,0.104,0.052,3.399,0.195,3.204,47,FWD,RUN,0.078,0.250,0.039,0.446,0.335,0.104,3.204,50,0.818,533,2.605,22.8
DATA,MOTOR_BREAKIN_V3,000001,33251,508,511,0.104,0.052,3.455,0.306,3.148,47,FWD,RUN,0.078,0.246,0.052,0.780,0.335,0.104,3.204,50,0.818,533,2.605,22.8
DATA,MOTOR_BREAKIN_V3,000001,33351,508,511,0.104,0.052,3.399,0.501,2.897,47,FWD,RUN,0.078,0.226,0.052,0.780,0.335,0.104,3.204,50,0.818,533,2.605,22.8
DATA,MOTOR_BREAKIN_V3,000001,33451,508,512,0.104,0.000,3.343,0.446,2.897,47,FWD,RUN,0.052,0.151,0.039,0.501,0.335,0.104,3.204,50,0.818,533,2.605,22.8
DATA,MOTOR_BREAKIN_V3,000001,33551,509,512,0.078,0.000,3.455,0.251,3.204,47,FWD,RUN,0.039,0.125,0.052,0.585,0.335,0.104,3.204,50,0.818,533,2.605,22.8
DATA,MOTOR_BREAKIN_V3,000001,33651,508,512,0.104,0.000,3.371,0.279,3.092,47,FWD,RUN,0.052,0.161,0.052,0.474,0.335,0.104,3.204,50,0.818,533,2.605,22.8
DATA,MOTOR_BREAKIN_V3,000001,33751,509,511,0.078,0.052,3.343,0.306,3.037,47,FWD,RUN,0.065,0.197,0.039,0.474,0.335,0.104,3.204,50,0.818,533,2.605,22.8
DATA,MOTOR_BREAKIN_V3,000001,33851,509,511,0.078,0.052,3.371,0.251,3.120,47,FWD,RUN,0.065,0.202,0.039,0.362,0.335,0.104,3.204,50,0.818,533,2.605,22.8
DATA,MOTOR_BREAKIN_V3,000001,33951,508,512,0.104,0.000,3.287,0.279,3.009,47,FWD,RUN,0.052,0.157,0.039,0.418,0.335,0.104,3.204,50,0.818,533,2.605,22.8
DATA,MOTOR_BREAKIN_V3,000001,34051,508,511,0.104,0.052,3.343,0.836,2.507,47,FWD,RUN,0.078,0.196,0.052,0.585,0.335,0.104,3.204,50,0.818,533,2.605,22.8
DATA,MOTOR_BREAKIN_V3,000001,34151,509,511,0.078,0.052,3.371,0.696,2.674,47,FWD,RUN,0.065,0.173,0.052,0.585,0.335,0.104,3.204,50,0.818,533,2.605,22.8
DATA,MOTOR_BREAKIN_V3,000001,34251,509,512,0.078,0.000,3.427,0.641,2.786,47,FWD,RUN,0.039,0.108,0.052,0.641,0.335,0.104,3.204,50,0.818,533,2.605,22.8
DATA,MOTOR_BREAKIN_V3,000001,34351,509,512,0.078,0.000,3.427,0.279,3.148,47,FWD,RUN,0.039,0.122,0.052,0.891,0.335,0.104,3.204,50,0.818,533,2.605,22.8
DATA,MOTOR_BREAKIN_V3,000001,34451,509,511,0.078,0.052,3.399,0.306,3.092,47,FWD,RUN,0.065,0.201,0.052,0.474,0.335,0.104,3.204,50,0.818,533,2.605,22.8
DATA,MOTOR_BREAKIN_V3,000001,34551,509,511,0.078,0.052,3.371,0.334,3.037,47,FWD,RUN,0.065,0.197,0.039,0.306,0.335,0.104,3.204,50,0.818,533,2.605,22.8
DATA,MOTOR_BREAKIN_V3,000001,34651,509,511,0.078,0.052,3.371,0.780,2.591,47,FWD,RUN,0.065,0.168,0.039,0.724,0.335,0.104,3.204,50,0.818,533,2.605,22.8
DATA,MOTOR_BREAKIN_V3,000001,34751,509,512,0.078,0.000,3.427,0.334,3.092,47,FWD,RUN,0.039,0.120,0.026,0.585,0.335,0.104,3.204,50,0.818,533,2.605,22.8
DATA,MOTOR_BREAKIN_V3,000001,34851,509,512,0.078,0.000,3.399,0.529,2.870,47,FWD,RUN,0.039,0.112,0.026,0.390,0.335,0.104,3.204,50,0.818,533,2.605,22.8
DATA,MOTOR_BREAKIN_V3,000001,34950,509,511,0.078,0.052,3.427,0.362,3.065,47,FWD,RUN,0.065,0.199,0.039,0.418,0.335,0.104,3.204,50,0.818,533,2.605,22.7
DATA,MOTOR_BREAKIN_V3,000001,35051,509,512,0.078,0.000,3.399,0.446,2.953,47,FWD,RUN,0.039,0.115,0.039,0.362,0.335,0.104,3.204,50,0.818,533,2.605,22.8
DATA,MOTOR_BREAKIN_V3,000001,35151,508,512,0.104,0.000,3.343,0.362,2.981,47,FWD,RUN,0.052,0.155,0.039,0.501,0.335,0.104,3.204,50,0.818,533,2.605,22.8
DATA,MOTOR_BREAKIN_V3,000001,35251,508,512,0.104,0.000,3.399,0.306,3.092,47,FWD,RUN,0.052,0.161,0.026,0.501,0.335,0.104,3.204,50,0.818,533,2.605,22.8
DATA,MOTOR_BREAKIN_V3,000001,35351,509,511,0.078,0.052,3.399,0.306,3.092,47,FWD,RUN,0.065,0.201,0.039,0.306,0.335,0.104,3.204,50,0.818,533,2.605,22.8
DATA,MOTOR_BREAKIN_V3,000001,35451,508,512,0.104,0.000,3.371,0.334,3.037,47,FWD,RUN,0.052,0.158,0.039,0.223,0.335,0.104,3.204,50,0.818,533,2.605,22.8
DATA,MOTOR_BREAKIN_V3,000001,35551,508,511,0.104,0.052,3.427,0.362,3.065,47,FWD,RUN,0.078,0.239,0.039,0.223,0.335,0.104,3.204,50,0.818,533,2.605,22.8
DATA,MOTOR_BREAKIN_V3,000001,35651,509,510,0.078,0.078,3.371,0.501,2.870,47,FWD,RUN,0.078,0.224,0.039,0.306,0.335,0.104,3.204,50,0.818,533,2.605,22.8
DATA,MOTOR_BREAKIN_V3,000001,35751,509,512,0.078,0.000,3.315,0.251,3.065,47,FWD,RUN,0.039,0.119,0.039,0.557,0.335,0.104,3.204,50,0.818,533,2.605,22.8
DATA,MOTOR_BREAKIN_V3,000001,35851,509,510,0.078,0.078,3.315,0.334,2.981,47,FWD,RUN,0.078,0.233,0.052,0.613,0.335,0.104,3.204,50,0.818,533,2.605,22.8
DATA,MOTOR_BREAKIN_V3,000001,35951,508,512,0.104,0.000,3.343,0.223,3.120,47,FWD,RUN,0.052,0.163,0.052,0.613,0.335,0.104,3.204,50,0.818,533,2.605,22.8
DATA,MOTOR_BREAKIN_V3,000001,36051,509,512,0.078,0.000,3.482,0.000,3.482,47,FWD,RUN,0.039,0.135,0.066,0.613,0.335,0.104,3.204,50,0.818,533,2.605,22.8
DATA,MOTOR_BREAKIN_V3,000001,36151,509,512,0.078,0.000,3.510,0.028,3.482,47,FWD,RUN,0.039,0.135,0.066,0.613,0.335,0.104,3.204,50,0.818,533,2.605,22.8
DATA,MOTOR_BREAKIN_V3,000001,36251,509,512,0.078,0.000,3.427,0.251,3.176,47,FWD,RUN,0.039,0.124,0.052,0.669,0.335,0.104,3.204,50,0.818,533,2.605,22.8
DATA,MOTOR_BREAKIN_V3,000001,36351,509,511,0.078,0.052,3.343,0.418,2.925,47,FWD,RUN,0.065,0.190,0.052,0.641,0.335,0.104,3.204,50,0.818,533,2.605,22.8
DATA,MOTOR_BREAKIN_V3,000001,36451,510,512,0.051,0.000,3.427,0.167,3.260,47,FWD,RUN,0.026,0.084,0.052,0.501,0.335,0.104,3.204,50,0.818,533,2.605,22.8
DATA,MOTOR_BREAKIN_V3,000001,36551,509,512,0.078,0.000,3.427,0.306,3.120,47,FWD,RUN,0.039,0.121,0.052,0.446,0.335,0.104,3.204,50,0.818,533,2.605,22.8
DATA,MOTOR_BREAKIN_V3,000001,36651,508,511,0.104,0.052,3.315,0.334,2.981,47,FWD,RUN,0.078,0.233,0.039,0.501,0.335,0.104,3.204,50,0.818,533,2.605,22.8
DATA,MOTOR_BREAKIN_V3,000001,36751,508,512,0.104,0.000,3.399,0.279,3.120,47,FWD,RUN,0.052,0.163,0.039,0.334,0.335,0.104,3.204,50,0.818,533,2.605,22.8
DATA,MOTOR_BREAKIN_V3,000001,36851,510,512,0.051,0.000,3.427,0.306,3.120,47,FWD,RUN,0.026,0.080,0.052,0.279,0.335,0.104,3.204,50,0.818,533,2.605,22.8
DATA,MOTOR_BREAKIN_V3,000001,36951,509,512,0.078,0.000,3.399,0.362,3.037,47,FWD,RUN,0.039,0.118,0.052,0.306,0.335,0.104,3.204,50,0.818,533,2.605,22.8
DATA,MOTOR_BREAKIN_V3,000001,37051,508,512,0.104,0.000,3.427,0.334,3.092,47,FWD,RUN,0.052,0.161,0.039,0.251,0.335,0.104,3.204,50,0.818,533,2.605,22.8
DATA,MOTOR_BREAKIN_V3,000001,37151,508,512,0.104,0.000,3.482,0.279,3.204,47,FWD,RUN,0.052,0.167,0.052,0.334,0.335,0.104,3.204,50,0.818,533,2.605,22.8
DATA,MOTOR_BREAKIN_V3,000001,37251,509,512,0.078,0.000,3.427,0.306,3.120,47,FWD,RUN,0.039,0.121,0.052,0.223,0.335,0.104,3.204,50,0.818,533,2.605,22.8
DATA,MOTOR_BREAKIN_V3,000001,37351,509,511,0.078,0.052,3.566,0.306,3.260,47,FWD,RUN,0.065,0.211,0.039,0.446,0.335,0.104,3.204,50,0.818,533,2.605,22.8
DATA,MOTOR_BREAKIN_V3,000001,37451,510,511,0.051,0.052,3.594,0.362,3.232,47,FWD,RUN,0.052,0.167,0.039,0.474,0.335,0.104,3.204,50,0.818,533,2.605,22.8
DATA,MOTOR_BREAKIN_V3,000001,37551,509,511,0.078,0.052,3.566,0.390,3.176,47,FWD,RUN,0.065,0.206,0.039,0.334,0.335,0.104,3.204,50,0.818,533,2.605,22.8
DATA,MOTOR_BREAKIN_V3,000001,37651,509,512,0.078,0.000,3.510,0.306,3.204,47,FWD,RUN,0.039,0.125,0.039,0.223,0.335,0.104,3.204,50,0.818,533,2.605,22.8
DATA,MOTOR_BREAKIN_V3,000001,37751,508,511,0.104,0.052,3.677,0.390,3.287,47,FWD,RUN,0.078,0.257,0.078,0.752,0.335,0.104,3.204,50,0.818,533,2.605,22.8
DATA,MOTOR_BREAKIN_V3,000001,37851,509,512,0.078,0.000,3.510,0.306,3.204,47,FWD,RUN,0.039,0.125,0.091,0.613,0.335,0.104,3.204,50,0.818,533,2.605,22.8
DATA,MOTOR_BREAKIN_V3,000001,37951,509,511,0.078,0.052,3.538,0.334,3.204,47,FWD,RUN,0.065,0.208,0.066,0.446,0.335,0.104,3.204,50,0.818,533,2.605,22.8
DATA,MOTOR_BREAKIN_V3,000001,38051,509,512,0.078,0.000,3.594,0.362,3.232,47,FWD,RUN,0.039,0.126,0.052,0.501,0.335,0.104,3.204,50,0.818,533,2.605,22.8
DATA,MOTOR_BREAKIN_V3,000001,38150,510,511,0.051,0.052,3.733,0.334,3.399,47,FWD,RUN,0.052,0.176,0.078,0.669,0.335,0.104,3.204,50,0.818,533,2.605,22.8
DATA,MOTOR_BREAKIN_V3,000001,38251,509,511,0.078,0.052,3.566,0.334,3.232,47,FWD,RUN,0.065,0.210,0.078,0.613,0.335,0.104,3.204,50,0.818,533,2.605,22.8
DATA,MOTOR_BREAKIN_V3,000001,38351,510,511,0.051,0.052,3.677,0.279,3.399,47,FWD,RUN,0.052,0.176,0.052,0.279,0.335,0.104,3.204,50,0.818,533,2.605,22.8
DATA,MOTOR_BREAKIN_V3,000001,38451,508,510,0.104,0.078,3.677,0.306,3.371,47,FWD,RUN,0.091,0.308,0.066,0.251,0.335,0.104,3.204,50,0.818,533,2.605,22.8
DATA,MOTOR_BREAKIN_V3,000001,38551,509,510,0.078,0.078,3.650,0.251,3.399,47,FWD,RUN,0.078,0.265,0.066,0.279,0.335,0.104,3.204,50,0.818,533,2.605,22.8
DATA,MOTOR_BREAKIN_V3,000001,38651,508,511,0.104,0.052,3.650,0.251,3.399,47,FWD,RUN,0.078,0.265,0.052,0.279,0.335,0.104,3.204,50,0.818,533,2.605,22.8
DATA,MOTOR_BREAKIN_V3,000001,38751,510,511,0.051,0.052,3.761,0.223,3.538,47,FWD,RUN,0.052,0.183,0.052,0.334,0.335,0.104,3.204,50,0.818,533,2.605,22.8
DATA,MOTOR_BREAKIN_V3,000001,38851,509,512,0.078,0.000,3.594,0.362,3.232,47,FWD,RUN,0.039,0.126,0.039,0.864,0.335,0.104,3.204,50,0.818,533,2.605,22.8
DATA,MOTOR_BREAKIN_V3,000001,38951,508,510,0.104,0.078,3.622,0.306,3.315,47,FWD,RUN,0.091,0.303,0.066,0.808,0.335,0.104,3.204,50,0.818,533,2.605,22.8
DATA,MOTOR_BREAKIN_V3,000001,39051,509,511,0.078,0.052,3.622,0.390,3.232,47,FWD,RUN,0.065,0.210,0.066,0.557,0.335,0.104,3.204,50,0.818,533,2.605,22.8
DATA,MOTOR_BREAKIN_V3,000001,39151,509,512,0.078,0.000,3.650,0.390,3.260,47,FWD,RUN,0.039,0.127,0.039,0.474,0.335,0.104,3.204,50,0.818,533,2.605,22.8
DATA,MOTOR_BREAKIN_V3,000001,39251,509,511,0.078,0.052,3.705,0.306,3.399,47,FWD,RUN,0.065,0.220,0.052,0.279,0.335,0.104,3.204,50,0.818,533,2.605,22.8
DATA,MOTOR_BREAKIN_V3,000001,39351,509,511,0.078,0.052,3.677,0.279,3.399,47,FWD,RUN,0.065,0.220,0.039,0.167,0.335,0.104,3.204,50,0.818,533,2.605,22.8
DATA,MOTOR_BREAKIN_V3,000001,39451,509,511,0.078,0.052,3.594,0.306,3.287,47,FWD,RUN,0.065,0.213,0.052,0.139,0.335,0.104,3.204,50,0.818,533,2.605,22.8
DATA,MOTOR_BREAKIN_V3,000001,39551,509,511,0.078,0.052,3.705,0.195,3.510,47,FWD,RUN,0.065,0.228,0.052,0.529,0.335,0.104,3.204,50,0.818,533,2.605,22.8
DATA,MOTOR_BREAKIN_V3,000001,39651,510,513,0.051,0.000,3.733,0.251,3.482,47,FWD,RUN,0.026,0.089,0.039,0.557,0.335,0.104,3.204,50,0.818,534,2.610,22.8
DATA,MOTOR_BREAKIN_V3,000001,39751,510,513,0.051,0.000,3.705,0.362,3.343,47,FWD,RUN,0.026,0.086,0.039,0.306,0.335,0.104,3.204,50,0.818,533,2.605,22.8
DATA,MOTOR_BREAKIN_V3,000001,39851,510,512,0.051,0.000,3.761,0.195,3.566,47,FWD,RUN,0.026,0.092,0.039,0.390,0.335,0.104,3.204,50,0.818,533,2.605,22.8
DATA,MOTOR_BREAKIN_V3,000001,39951,509,511,0.078,0.052,3.566,0.334,3.232,47,FWD,RUN,0.065,0.210,0.052,0.446,0.335,0.104,3.204,50,0.818,533,2.605,22.8
DATA,MOTOR_BREAKIN_V3,000001,40051,508,512,0.104,0.000,3.677,0.390,3.287,47,FWD,RUN,0.052,0.171,0.039,0.390,0.335,0.104,3.204,50,0.818,533,2.605,22.8
DATA,MOTOR_BREAKIN_V3,000001,40151,508,512,0.104,0.000,3.594,0.334,3.260,47,FWD,RUN,0.052,0.170,0.052,0.390,0.335,0.104,3.204,50,0.818,533,2.605,22.8
DATA,MOTOR_BREAKIN_V3,000001,40251,508,511,0.104,0.052,3.566,0.390,3.176,47,FWD,RUN,0.078,0.248,0.052,0.501,0.335,0.104,3.204,50,0.818,533,2.605,22.8
DATA,MOTOR_BREAKIN_V3,000001,40351,508,512,0.104,0.000,3.566,0.418,3.148,47,FWD,RUN,0.052,0.164,0.052,0.501,0.335,0.104,3.204,50,0.818,533,2.605,22.8
DATA,MOTOR_BREAKIN_V3,000001,40451,508,510,0.104,0.078,3.705,0.334,3.371,47,FWD,RUN,0.091,0.308,0.066,0.501,0.335,0.104,3.204,50,0.818,533,2.605,22.8
DATA,MOTOR_BREAKIN_V3,000001,40551,510,511,0.051,0.052,3.622,0.306,3.315,47,FWD,RUN,0.052,0.171,0.066,0.529,0.335,0.104,3.204,50,0.818,533,2.605,22.8
DATA,MOTOR_BREAKIN_V3,000001,40651,509,511,0.078,0.052,3.538,0.390,3.148,47,FWD,RUN,0.065,0.204,0.052,0.557,0.335,0.104,3.204,50,0.818,533,2.605,22.8
DATA,MOTOR_BREAKIN_V3,000001,40751,510,511,0.051,0.052,3.789,0.223,3.566,47,FWD,RUN,0.052,0.184,0.052,0.557,0.335,0.104,3.204,50,0.818,532,2.600,22.8
DATA,MOTOR_BREAKIN_V3,000001,40851,510,512,0.051,0.000,3.789,0.279,3.510,47,FWD,RUN,0.026,0.090,0.039,0.557,0.335,0.104,3.204,50,0.818,533,2.605,22.8
DATA,MOTOR_BREAKIN_V3,000001,40951,508,512,0.104,0.000,3.650,0.306,3.343,47,FWD,RUN,0.052,0.174,0.039,0.362,0.335,0.104,3.204,50,0.818,533,2.605,22.8
DATA,MOTOR_BREAKIN_V3,000001,41051,509,512,0.078,0.000,3.622,0.334,3.287,47,FWD,RUN,0.039,0.128,0.039,0.501,0.335,0.104,3.204,50,0.818,533,2.605,22.8
DATA,MOTOR_BREAKIN_V3,000001,41151,508,512,0.104,0.000,3.594,0.501,3.092,47,FWD,RUN,0.052,0.161,0.039,0.613,0.335,0.104,3.204,50,0.818,533,2.605,22.8
DATA,MOTOR_BREAKIN_V3,000001,41251,509,512,0.078,0.000,3.538,0.362,3.176,47,FWD,RUN,0.039,0.124,0.039,0.474,0.335,0.104,3.204,50,0.818,533,2.605,22.8
DATA,MOTOR_BREAKIN_V3,000001,41350,509,511,0.078,0.052,3.594,0.529,3.065,47,FWD,RUN,0.065,0.199,0.026,0.585,0.335,0.104,3.204,50,0.818,533,2.605,22.8
DATA,MOTOR_BREAKIN_V3,000001,41451,509,511,0.078,0.052,3.650,0.334,3.315,47,FWD,RUN,0.065,0.215,0.039,0.585,0.335,0.104,3.204,50,0.818,533,2.605,22.8
DATA,MOTOR_BREAKIN_V3,000001,41551,509,512,0.078,0.000,3.789,0.306,3.482,47,FWD,RUN,0.039,0.135,0.039,0.418,0.335,0.104,3.204,50,0.818,533,2.605,22.8
DATA,MOTOR_BREAKIN_V3,000001,41651,509,510,0.078,0.078,3.538,0.362,3.176,47,FWD,RUN,0.078,0.248,0.039,0.557,0.335,0.104,3.204,50,0.818,533,2.605,22.8
DATA,MOTOR_BREAKIN_V3,000001,41751,509,511,0.078,0.052,3.594,0.362,3.232,47,FWD,RUN,0.065,0.210,0.078,0.613,0.335,0.104,3.204,50,0.818,533,2.605,22.8
DATA,MOTOR_BREAKIN_V3,000001,41851,509,512,0.078,0.000,3.789,0.390,3.399,47,FWD,RUN,0.039,0.132,0.065,0.641,0.335,0.104,3.204,50,0.818,533,2.605,22.8
DATA,MOTOR_BREAKIN_V3,000001,41951,509,512,0.078,0.000,3.677,0.306,3.371,47,FWD,RUN,0.039,0.131,0.039,0.362,0.335,0.104,3.204,50,0.818,533,2.605,22.8
DATA,MOTOR_BREAKIN_V3,000001,42051,509,511,0.078,0.052,3.705,0.306,3.399,47,FWD,RUN,0.065,0.220,0.026,0.446,0.335,0.104,3.204,50,0.818,533,2.605,22.8
DATA,MOTOR_BREAKIN_V3,000001,42151,509,512,0.078,0.000,3.789,0.111,3.677,47,FWD,RUN,0.039,0.143,0.039,0.501,0.335,0.104,3.204,50,0.818,533,2.605,22.8
DATA,MOTOR_BREAKIN_V3,000001,42251,509,511,0.078,0.052,3.650,0.334,3.315,47,FWD,RUN,0.065,0.215,0.052,0.557,0.335,0.104,3.204,50,0.818,533,2.605,22.7
DATA,MOTOR_BREAKIN_V3,000001,42351,508,511,0.104,0.052,3.650,0.223,3.427,47,FWD,RUN,0.078,0.268,0.052,0.696,0.335,0.104,3.204,50,0.818,533,2.605,22.8
DATA,MOTOR_BREAKIN_V3,000001,42451,509,512,0.078,0.000,3.677,0.251,3.427,47,FWD,RUN,0.039,0.133,0.078,0.696,0.335,0.104,3.204,50,0.818,533,2.605,22.8
DATA,MOTOR_BREAKIN_V3,000001,42551,509,511,0.078,0.052,3.594,0.306,3.287,47,FWD,RUN,0.065,0.213,0.065,0.669,0.335,0.104,3.204,50,0.818,532,2.600,22.8
DATA,MOTOR_BREAKIN_V3,000001,42651,508,512,0.104,0.000,3.677,0.251,3.427,47,FWD,RUN,0.052,0.179,0.065,0.724,0.335,0.104,3.204,50,0.818,533,2.605,22.8
DATA,MOTOR_BREAKIN_V3,000001,42751,509,512,0.078,0.000,3.622,0.362,3.260,47,FWD,RUN,0.039,0.127,0.039,0.501,0.335,0.104,3.204,50,0.818,533,2.605,22.8
DATA,MOTOR_BREAKIN_V3,000001,42851,509,512,0.078,0.000,3.566,0.306,3.260,47,FWD,RUN,0.039,0.127,0.039,0.557,0.335,0.104,3.204,50,0.818,533,2.605,22.8
DATA,MOTOR_BREAKIN_V3,000001,42951,510,513,0.051,0.000,3.733,0.167,3.566,47,FWD,RUN,0.026,0.092,0.039,0.446,0.335,0.104,3.204,50,0.818,533,2.605,22.8
DATA,MOTOR_BREAKIN_V3,000001,43051,510,513,0.051,0.000,3.789,0.195,3.594,47,FWD,RUN,0.026,0.092,0.039,0.418,0.335,0.104,3.204,50,0.818,533,2.605,22.8
DATA,MOTOR_BREAKIN_V3,000001,43151,508,510,0.104,0.078,3.594,0.251,3.343,47,FWD,RUN,0.091,0.305,0.066,0.390,0.335,0.104,3.204,50,0.818,534,2.610,22.8
DATA,MOTOR_BREAKIN_V3,000001,43251,508,512,0.104,0.000,3.705,0.223,3.482,47,FWD,RUN,0.052,0.181,0.066,0.334,0.335,0.104,3.204,50,0.818,533,2.605,22.8
DATA,MOTOR_BREAKIN_V3,000001,43351,510,512,0.051,0.000,3.845,0.056,3.789,47,FWD,RUN,0.026,0.097,0.039,0.585,0.335,0.104,3.204,50,0.818,533,2.605,22.8
DATA,MOTOR_BREAKIN_V3,000001,43451,509,513,0.078,0.000,3.566,0.334,3.232,47,FWD,RUN,0.039,0.126,0.039,0.585,0.335,0.104,3.204,50,0.818,534,2.610,22.8
DATA,MOTOR_BREAKIN_V3,000001,43551,508,511,0.104,0.052,3.650,0.390,3.260,47,FWD,RUN,0.078,0.254,0.052,0.362,0.335,0.104,3.204,50,0.818,533,2.605,22.8
DATA,MOTOR_BREAKIN_V3,000001,43651,509,512,0.078,0.000,3.538,0.362,3.176,47,FWD,RUN,0.039,0.124,0.052,0.557,0.335,0.104,3.204,50,0.818,533,2.605,22.8
DATA,MOTOR_BREAKIN_V3,000001,43751,509,512,0.078,0.000,3.566,0.418,3.148,47,FWD,RUN,0.039,0.122,0.013,0.557,0.335,0.104,3.204,50,0.818,533,2.605,22.8
DATA,MOTOR_BREAKIN_V3,000001,43851,508,511,0.104,0.052,3.566,0.390,3.176,47,FWD,RUN,0.078,0.248,0.052,0.474,0.335,0.104,3.204,50,0.818,533,2.605,22.8
DATA,MOTOR_BREAKIN_V3,000001,43951,509,511,0.078,0.052,3.566,0.334,3.232,47,FWD,RUN,0.065,0.210,0.078,0.446,0.335,0.104,3.204,50,0.818,533,2.605,22.7
DATA,MOTOR_BREAKIN_V3,000001,44051,510,512,0.051,0.000,3.566,0.279,3.287,47,FWD,RUN,0.026,0.084,0.078,0.641,0.335,0.104,3.204,50,0.818,533,2.605,22.8
DATA,MOTOR_BREAKIN_V3,000001,44151,511,512,0.000,0.000,3.928,0.084,3.845,47,FWD,RUN,0.000,0.000,0.065,0.669,0.335,0.104,3.204,50,0.818,533,2.605,22.8
DATA,MOTOR_BREAKIN_V3,000001,44251,508,511,0.104,0.052,3.677,0.306,3.371,47,FWD,RUN,0.078,0.263,0.078,0.724,0.335,0.104,3.204,50,0.818,533,2.605,22.8
DATA,MOTOR_BREAKIN_V3,000001,44351,511,512,0.000,0.000,4.012,0.028,3.984,47,FWD,RUN,0.000,0.000,0.078,0.864,0.335,0.104,3.204,50,0.818,533,2.605,22.8
DATA,MOTOR_BREAKIN_V3,000001,44451,509,511,0.078,0.052,3.705,0.334,3.371,47,FWD,RUN,0.065,0.219,0.078,0.864,0.335,0.104,3.204,50,0.818,533,2.605,22.8
DATA,MOTOR_BREAKIN_V3,000001,44550,510,512,0.051,0.000,3.956,0.028,3.928,47,FWD,RUN,0.026,0.101,0.039,0.808,0.335,0.104,3.204,50,0.818,533,2.605,22.8
DATA,MOTOR_BREAKIN_V3,000001,44651,508,512,0.104,0.000,3.594,0.306,3.287,47,FWD,RUN,0.052,0.171,0.078,0.780,0.335,0.104,3.204,50,0.818,533,2.605,22.8
DATA,MOTOR_BREAKIN_V3,000001,44751,509,511,0.078,0.052,3.566,0.362,3.204,47,FWD,RUN,0.065,0.208,0.078,0.446,0.335,0.104,3.204,50,0.818,533,2.605,22.8
DATA,MOTOR_BREAKIN_V3,000001,44851,510,512,0.051,0.000,3.789,0.139,3.650,47,FWD,RUN,0.026,0.094,0.039,0.446,0.335,0.104,3.204,50,0.818,533,2.605,22.8
DATA,MOTOR_BREAKIN_V3,000001,44951,509,511,0.078,0.052,3.594,0.279,3.315,47,FWD,RUN,0.065,0.215,0.039,0.474,0.335,0.104,3.204,50,0.818,533,2.605,22.8
DATA,MOTOR_BREAKIN_V3,000001,45051,510,512,0.051,0.000,3.482,0.362,3.120,47,FWD,RUN,0.026,0.080,0.039,0.641,0.335,0.104,3.204,50,0.818,533,2.605,22.8
DATA,MOTOR_BREAKIN_V3,000001,45151,509,511,0.078,0.052,3.594,0.306,3.287,47,FWD,RUN,0.065,0.213,0.039,0.752,0.335,0.104,3.204,50,0.818,533,2.605,22.8
DATA,MOTOR_BREAKIN_V3,000001,45251,509,511,0.078,0.052,3.566,0.334,3.232,47,FWD,RUN,0.065,0.210,0.039,0.557,0.335,0.104,3.204,50,0.818,533,2.605,22.8
DATA,MOTOR_BREAKIN_V3,000001,45351,509,512,0.078,0.000,3.650,0.279,3.371,47,FWD,RUN,0.039,0.131,0.039,0.585,0.335,0.104,3.204,50,0.818,533,2.605,22.8
DATA,MOTOR_BREAKIN_V3,000001,45451,510,511,0.051,0.052,3.761,0.195,3.566,47,FWD,RUN,0.052,0.184,0.052,0.529,0.335,0.104,3.204,50,0.818,533,2.605,22.8
DATA,MOTOR_BREAKIN_V3,000001,45551,510,512,0.051,0.000,3.845,0.139,3.705,47,FWD,RUN,0.026,0.095,0.052,0.557,0.335,0.104,3.204,50,0.818,533,2.605,22.8
DATA,MOTOR_BREAKIN_V3,000001,45651,509,512,0.078,0.000,3.594,0.585,3.009,47,FWD,RUN,0.039,0.117,0.052,0.696,0.335,0.104,3.204,50,0.818,533,2.605,22.8
DATA,MOTOR_BREAKIN_V3,000001,45751,510,513,0.051,0.000,3.594,0.306,3.287,47,FWD,RUN,0.026,0.084,0.078,0.752,0.335,0.104,3.204,50,0.818,533,2.605,22.8
DATA,MOTOR_BREAKIN_V3,000001,45851,509,512,0.078,0.000,3.622,0.223,3.399,47,FWD,RUN,0.039,0.132,0.078,0.669,0.335,0.104,3.204,50,0.818,533,2.605,22.8
DATA,MOTOR_BREAKIN_V3,000001,45951,508,511,0.104,0.052,3.566,0.362,3.204,47,FWD,RUN,0.078,0.250,0.052,0.864,0.335,0.104,3.204,50,0.818,533,2.605,22.8
DATA,MOTOR_BREAKIN_V3,000001,46051,510,512,0.051,0.000,3.817,0.084,3.733,47,FWD,RUN,0.026,0.096,0.052,0.780,0.335,0.104,3.204,50,0.818,533,2.605,22.8
DATA,MOTOR_BREAKIN_V3,000001,46151,510,512,0.051,0.000,3.482,0.306,3.176,47,FWD,RUN,0.026,0.082,0.039,0.641,0.335,0.104,3.204,50,0.818,533,2.605,22.8
DATA,MOTOR_BREAKIN_V3,000001,46251,510,512,0.051,0.000,3.677,0.334,3.343,47,FWD,RUN,0.026,0.086,0.039,0.585,0.335,0.104,3.204,50,0.818,533,2.605,22.8
DATA,MOTOR_BREAKIN_V3,000001,46351,509,513,0.078,0.000,3.705,0.279,3.427,47,FWD,RUN,0.039,0.133,0.039,0.474,0.335,0.104,3.204,50,0.818,533,2.605,22.8
DATA,MOTOR_BREAKIN_V3,000001,46451,509,512,0.078,0.000,3.705,0.334,3.371,47,FWD,RUN,0.039,0.131,0.039,0.334,0.335,0.104,3.204,50,0.818,533,2.605,22.8
DATA,MOTOR_BREAKIN_V3,000001,46551,510,513,0.051,0.000,3.594,0.279,3.315,47,FWD,RUN,0.026,0.085,0.039,0.446,0.335,0.104,3.204,50,0.818,533,2.605,22.8
DATA,MOTOR_BREAKIN_V3,000001,46651,509,511,0.078,0.052,3.650,0.362,3.287,47,FWD,RUN,0.065,0.213,0.066,0.501,0.335,0.104,3.204,50,0.818,533,2.605,22.8
DATA,MOTOR_BREAKIN_V3,000001,46751,509,512,0.078,0.000,3.538,0.334,3.204,47,FWD,RUN,0.039,0.125,0.066,0.529,0.335,0.104,3.204,50,0.818,533,2.605,22.8
DATA,MOTOR_BREAKIN_V3,000001,46851,510,512,0.051,0.000,3.789,0.167,3.622,47,FWD,RUN,0.026,0.093,0.052,0.557,0.335,0.104,3.204,50,0.818,533,2.605,22.8
DATA,MOTOR_BREAKIN_V3,000001,46951,509,512,0.078,0.000,3.677,0.334,3.343,47,FWD,RUN,0.039,0.130,0.052,0.585,0.335,0.104,3.204,50,0.818,533,2.605,22.8
DATA,MOTOR_BREAKIN_V3,000001,47051,509,511,0.078,0.052,3.622,0.362,3.260,47,FWD,RUN,0.065,0.211,0.039,0.585,0.335,0.104,3.204,50,0.818,533,2.605,22.8
DATA,MOTOR_BREAKIN_V3,000001,47151,509,511,0.078,0.052,3.677,0.390,3.287,47,FWD,RUN,0.065,0.213,0.065,0.390,0.335,0.104,3.204,50,0.818,533,2.605,22.8
DATA,MOTOR_BREAKIN_V3,000001,47251,509,511,0.078,0.052,3.622,0.390,3.232,47,FWD,RUN,0.065,0.210,0.065,0.474,0.335,0.104,3.204,50,0.818,532,2.600,22.8
DATA,MOTOR_BREAKIN_V3,000001,47351,509,512,0.078,0.000,3.677,0.362,3.315,47,FWD,RUN,0.039,0.129,0.039,0.474,0.335,0.104,3.204,50,0.818,533,2.605,22.8
DATA,MOTOR_BREAKIN_V3,000001,47451,509,512,0.078,0.000,3.538,0.390,3.148,47,FWD,RUN,0.039,0.122,0.039,0.474,0.335,0.104,3.204,50,0.818,533,2.605,22.8
DATA,MOTOR_BREAKIN_V3,000001,47551,511,512,0.000,0.000,3.789,0.167,3.622,47,FWD,RUN,0.000,0.000,0.052,0.474,0.335,0.104,3.204,50,0.818,533,2.605,22.8
DATA,MOTOR_BREAKIN_V3,000001,47651,510,512,0.051,0.000,3.622,0.334,3.287,47,FWD,RUN,0.026,0.084,0.052,0.529,0.335,0.104,3.204,50,0.818,533,2.605,22.8
DATA,MOTOR_BREAKIN_V3,000001,47750,510,512,0.051,0.000,3.789,0.195,3.594,47,FWD,RUN,0.026,0.092,0.039,0.501,0.335,0.104,3.204,50,0.818,533,2.605,22.8
DATA,MOTOR_BREAKIN_V3,000001,47851,509,511,0.078,0.052,3.538,0.334,3.204,47,FWD,RUN,0.065,0.208,0.039,0.390,0.335,0.104,3.204,50,0.818,533,2.605,22.8
DATA,MOTOR_BREAKIN_V3,000001,47951,509,512,0.078,0.000,3.622,0.334,3.287,47,FWD,RUN,0.039,0.128,0.039,0.418,0.335,0.104,3.204,50,0.818,533,2.605,22.8
DATA,MOTOR_BREAKIN_V3,000001,48051,509,511,0.078,0.052,3.594,0.334,3.260,47,FWD,RUN,0.065,0.211,0.052,0.474,0.335,0.104,3.204,50,0.818,533,2.605,22.8
DATA,MOTOR_BREAKIN_V3,000001,48151,508,511,0.104,0.052,3.650,0.362,3.287,47,FWD,RUN,0.078,0.257,0.052,0.390,0.335,0.104,3.204,50,0.818,533,2.605,22.8
DATA,MOTOR_BREAKIN_V3,000001,48251,509,512,0.078,0.000,3.677,0.334,3.343,47,FWD,RUN,0.039,0.130,0.052,0.390,0.335,0.104,3.204,50,0.818,533,2.605,22.8
DATA,MOTOR_BREAKIN_V3,000001,48351,509,512,0.078,0.000,3.510,0.362,3.148,47,FWD,RUN,0.039,0.122,0.039,0.696,0.335,0.104,3.204,50,0.818,533,2.605,22.8
DATA,MOTOR_BREAKIN_V3,000001,48451,509,513,0.078,0.000,3.566,0.334,3.232,47,FWD,RUN,0.039,0.126,0.039,0.696,0.335,0.104,3.204,50,0.818,533,2.605,22.8
DATA,MOTOR_BREAKIN_V3,000001,48551,509,511,0.078,0.052,3.761,0.139,3.622,47,FWD,RUN,0.065,0.235,0.039,0.474,0.335,0.104,3.204,50,0.818,533,2.605,22.8
DATA,MOTOR_BREAKIN_V3,000001,48651,509,511,0.078,0.052,3.677,0.362,3.315,47,FWD,RUN,0.065,0.215,0.039,0.557,0.335,0.104,3.204,50,0.818,533,2.605,22.8
DATA,MOTOR_BREAKIN_V3,000001,48751,510,512,0.051,0.000,3.650,0.362,3.287,47,FWD,RUN,0.026,0.084,0.039,0.557,0.335,0.104,3.204,50,0.818,533,2.605,22.8
DATA,MOTOR_BREAKIN_V3,000001,48851,510,511,0.051,0.052,3.510,0.418,3.092,47,FWD,RUN,0.052,0.160,0.052,0.529,0.335,0.104,3.204,50,0.818,533,2.605,22.8
DATA,MOTOR_BREAKIN_V3,000001,48951,509,512,0.078,0.000,3.677,0.334,3.343,47,FWD,RUN,0.039,0.130,0.052,0.780,0.335,0.104,3.204,50,0.818,533,2.605,22.8
DATA,MOTOR_BREAKIN_V3,000001,49051,509,512,0.078,0.000,3.594,0.390,3.204,47,FWD,RUN,0.039,0.125,0.039,0.529,0.335,0.104,3.204,50,0.818,533,2.605,22.8
DATA,MOTOR_BREAKIN_V3,000001,49151,509,513,0.078,0.000,3.900,0.111,3.789,47,FWD,RUN,0.039,0.147,0.039,0.641,0.335,0.104,3.204,50,0.818,533,2.605,22.8
DATA,MOTOR_BREAKIN_V3,000001,49251,509,512,0.078,0.000,3.594,0.390,3.204,47,FWD,RUN,0.039,0.125,0.078,0.641,0.335,0.104,3.204,50,0.818,533,2.605,22.8
DATA,MOTOR_BREAKIN_V3,000001,49351,511,513,0.000,0.000,3.900,0.111,3.789,47,FWD,RUN,0.000,0.000,0.078,0.613,0.335,0.104,3.204,50,0.818,533,2.605,22.8
DATA,MOTOR_BREAKIN_V3,000001,49451,509,512,0.078,0.000,3.677,0.334,3.343,47,FWD,RUN,0.039,0.130,0.065,0.613,0.335,0.104,3.204,50,0.818,533,2.605,22.8
DATA,MOTOR_BREAKIN_V3,000001,49551,509,512,0.078,0.000,3.455,0.334,3.120,47,FWD,RUN,0.039,0.121,0.039,0.390,0.335,0.104,3.204,50,0.818,533,2.605,22.8
DATA,MOTOR_BREAKIN_V3,000001,49651,510,512,0.051,0.000,3.761,0.223,3.538,47,FWD,RUN,0.026,0.091,0.039,0.418,0.335,0.104,3.204,50,0.818,533,2.605,22.8
DATA,MOTOR_BREAKIN_V3,000001,49751,509,512,0.078,0.000,3.566,0.362,3.204,47,FWD,RUN,0.039,0.125,0.039,0.446,0.335,0.104,3.204,50,0.818,533,2.605,22.8
DATA,MOTOR_BREAKIN_V3,000001,49851,509,513,0.078,0.000,3.594,0.362,3.232,47,FWD,RUN,0.039,0.126,0.026,0.446,0.335,0.104,3.204,50,0.818,533,2.605,22.8
DATA,MOTOR_BREAKIN_V3,000001,49951,510,512,0.051,0.000,3.566,0.279,3.287,47,FWD,RUN,0.026,0.084,0.039,0.446,0.335,0.104,3.204,50,0.818,534,2.610,22.8
DATA,MOTOR_BREAKIN_V3,000001,50051,510,513,0.051,0.000,3.900,0.084,3.817,47,FWD,RUN,0.026,0.098,0.039,0.696,0.335,0.104,3.204,50,0.818,533,2.605,22.8
DATA,MOTOR_BREAKIN_V3,000001,50151,509,510,0.078,0.078,3.594,0.362,3.232,47,FWD,RUN,0.078,0.252,0.052,0.641,0.335,0.104,3.204,50,0.818,533,2.605,22.8
DATA,MOTOR_BREAKIN_V3,000001,50251,509,511,0.078,0.052,3.622,0.334,3.287,47,FWD,RUN,0.065,0.213,0.052,0.390,0.335,0.104,3.204,50,0.818,533,2.605,22.8
DATA,MOTOR_BREAKIN_V3,000001,50351,509,512,0.078,0.000,3.622,0.362,3.260,47,FWD,RUN,0.039,0.127,0.052,0.696,0.335,0.104,3.204,50,0.818,533,2.605,22.8
DATA,MOTOR_BREAKIN_V3,000001,50451,509,512,0.078,0.000,3.622,0.334,3.287,47,FWD,RUN,0.039,0.128,0.039,0.669,0.335,0.104,3.204,50,0.818,533,2.605,22.8
DATA,MOTOR_BREAKIN_V3,000001,50551,509,512,0.078,0.000,3.510,0.334,3.176,47,FWD,RUN,0.039,0.124,0.039,0.418,0.335,0.104,3.204,50,0.818,533,2.605,22.8
DATA,MOTOR_BREAKIN_V3,000001,50651,510,512,0.051,0.000,3.817,0.139,3.677,47,FWD,RUN,0.026,0.094,0.039,0.529,0.335,0.104,3.204,50,0.818,533,2.605,22.8
DATA,MOTOR_BREAKIN_V3,000001,50751,510,512,0.051,0.000,3.845,0.334,3.510,47,FWD,RUN,0.026,0.090,0.052,0.529,0.335,0.104,3.204,50,0.818,533,2.605,22.8
DATA,MOTOR_BREAKIN_V3,000001,50851,509,512,0.078,0.000,3.566,0.279,3.287,47,FWD,RUN,0.039,0.128,0.052,0.418,0.335,0.104,3.204,50,0.818,533,2.605,22.8
DATA,MOTOR_BREAKIN_V3,000001,50950,509,511,0.078,0.052,3.677,0.306,3.371,47,FWD,RUN,0.065,0.219,0.039,0.362,0.335,0.104,3.204,50,0.818,533,2.605,22.8
DATA,MOTOR_BREAKIN_V3,000001,51051,509,513,0.078,0.000,3.538,0.362,3.176,47,FWD,RUN,0.039,0.124,0.039,0.334,0.335,0.104,3.204,50,0.818,533,2.605,22.8
DATA,MOTOR_BREAKIN_V3,000001,51151,510,513,0.051,0.000,3.845,0.306,3.538,47,FWD,RUN,0.026,0.091,0.039,0.836,0.335,0.104,3.204,50,0.818,533,2.605,22.8
DATA,MOTOR_BREAKIN_V3,000001,51251,509,510,0.078,0.078,3.482,0.362,3.120,47,FWD,RUN,0.078,0.244,0.078,0.891,0.335,0.104,3.204,50,0.818,533,2.605,22.8
DATA,MOTOR_BREAKIN_V3,000001,51351,510,512,0.051,0.000,3.733,0.279,3.455,47,FWD,RUN,0.026,0.089,0.078,0.669,0.335,0.104,3.204,50,0.818,533,2.605,22.8
DATA,MOTOR_BREAKIN_V3,000001,51451,509,512,0.078,0.000,3.622,0.362,3.260,47,FWD,RUN,0.039,0.127,0.065,0.669,0.335,0.104,3.204,50,0.818,533,2.605,22.8
DATA,MOTOR_BREAKIN_V3,000001,51551,510,512,0.051,0.000,3.510,0.362,3.148,47,FWD,RUN,0.026,0.081,0.039,0.390,0.335,0.104,3.204,50,0.818,533,2.605,22.7
DATA,MOTOR_BREAKIN_V3,000001,51651,511,513,0.000,0.000,3.928,0.084,3.845,47,FWD,RUN,0.000,0.000,0.065,0.696,0.335,0.104,3.204,50,0.818,534,2.610,22.7
DATA,MOTOR_BREAKIN_V3,000001,51751,509,512,0.078,0.000,3.482,0.390,3.092,47,FWD,RUN,0.039,0.120,0.065,0.752,0.335,0.104,3.204,50,0.818,533,2.605,22.8
DATA,MOTOR_BREAKIN_V3,000001,51851,508,512,0.104,0.000,3.622,0.362,3.260,47,FWD,RUN,0.052,0.170,0.052,0.418,0.335,0.104,3.204,50,0.818,533,2.605,22.8
DATA,MOTOR_BREAKIN_V3,000001,51951,509,512,0.078,0.000,3.538,0.334,3.204,47,FWD,RUN,0.039,0.125,0.066,0.306,0.335,0.104,3.204,50,0.818,533,2.605,22.8
DATA,MOTOR_BREAKIN_V3,000001,52051,509,511,0.078,0.052,3.733,0.446,3.287,47,FWD,RUN,0.065,0.213,0.039,0.446,0.335,0.104,3.204,50,0.818,533,2.605,22.7
DATA,MOTOR_BREAKIN_V3,000001,52151,509,513,0.078,0.000,3.789,0.279,3.510,47,FWD,RUN,0.039,0.137,0.052,0.446,0.335,0.104,3.204,50,0.818,533,2.605,22.8
DATA,MOTOR_BREAKIN_V3,000001,52251,509,512,0.078,0.000,3.622,0.306,3.315,47,FWD,RUN,0.039,0.129,0.052,0.613,0.335,0.104,3.204,50,0.818,533,2.605,22.8
DATA,MOTOR_BREAKIN_V3,000001,52351,510,512,0.051,0.000,3.566,0.306,3.260,47,FWD,RUN,0.026,0.084,0.078,0.613,0.335,0.104,3.204,50,0.818,533,2.605,22.8
DATA,MOTOR_BREAKIN_V3,000001,52451,509,512,0.078,0.000,3.650,0.306,3.343,47,FWD,RUN,0.039,0.130,0.078,0.696,0.335,0.104,3.204,50,0.818,533,2.605,22.8
DATA,MOTOR_BREAKIN_V3,000001,52551,509,512,0.078,0.000,3.650,0.362,3.287,47,FWD,RUN,0.039,0.128,0.065,0.529,0.335,0.104,3.204,50,0.818,533,2.605,22.8
DATA,MOTOR_BREAKIN_V3,000001,52651,509,511,0.078,0.052,3.538,0.306,3.232,47,FWD,RUN,0.065,0.210,0.065,0.613,0.335,0.104,3.204,50,0.818,533,2.605,22.8
DATA,MOTOR_BREAKIN_V3,000001,52751,509,511,0.078,0.052,3.789,0.223,3.566,47,FWD,RUN,0.065,0.231,0.065,0.613,0.335,0.104,3.204,50,0.818,533,2.605,22.8
DATA,MOTOR_BREAKIN_V3,000001,52851,509,511,0.078,0.052,3.566,0.334,3.232,47,FWD,RUN,0.065,0.210,0.039,0.474,0.335,0.104,3.204,50,0.818,533,2.605,22.7
DATA,MOTOR_BREAKIN_V3,000001,52951,509,512,0.078,0.000,3.538,0.362,3.176,47,FWD,RUN,0.039,0.124,0.065,0.836,0.335,0.104,3.204,50,0.818,533,2.605,22.8
DATA,MOTOR_BREAKIN_V3,000001,53051,509,511,0.078,0.052,3.538,0.362,3.176,47,FWD,RUN,0.065,0.206,0.065,0.808,0.335,0.104,3.204,50,0.818,533,2.605,22.8
DATA,MOTOR_BREAKIN_V3,000001,53151,509,512,0.078,0.000,3.817,0.167,3.650,47,FWD,RUN,0.039,0.142,0.065,0.613,0.335,0.104,3.204,50,0.818,533,2.605,22.8
DATA,MOTOR_BREAKIN_V3,000001,53251,510,512,0.051,0.000,3.538,0.334,3.204,47,FWD,RUN,0.026,0.082,0.065,0.641,0.335,0.104,3.204,50,0.818,533,2.605,22.8
DATA,MOTOR_BREAKIN_V3,000001,53351,508,511,0.104,0.052,3.677,0.306,3.371,47,FWD,RUN,0.078,0.263,0.052,0.418,0.335,0.104,3.204,50,0.818,533,2.605,22.8
DATA,MOTOR_BREAKIN_V3,000001,53451,509,512,0.078,0.000,3.677,0.306,3.371,47,FWD,RUN,0.039,0.131,0.052,0.362,0.335,0.104,3.204,50,0.818,533,2.605,22.8
DATA,MOTOR_BREAKIN_V3,000001,53551,508,512,0.104,0.000,3.566,0.334,3.232,47,FWD,RUN,0.052,0.168,0.052,0.418,0.335,0.104,3.204,50,0.818,533,2.605,22.8
DATA,MOTOR_BREAKIN_V3,000001,53651,510,512,0.051,0.000,3.622,0.306,3.315,47,FWD,RUN,0.026,0.085,0.039,0.557,0.335,0.104,3.204,50,0.818,533,2.605,22.8
DATA,MOTOR_BREAKIN_V3,000001,53751,510,512,0.051,0.000,3.817,0.111,3.705,47,FWD,RUN,0.026,0.095,0.052,0.696,0.335,0.104,3.204,50,0.818,533,2.605,22.8
DATA,MOTOR_BREAKIN_V3,000001,53851,508,512,0.104,0.000,3.566,0.362,3.204,47,FWD,RUN,0.052,0.167,0.052,0.641,0.335,0.104,3.204,50,0.818,533,2.605,22.7
DATA,MOTOR_BREAKIN_V3,000001,53951,509,512,0.078,0.000,3.482,0.362,3.120,47,FWD,RUN,0.039,0.121,0.052,0.641,0.335,0.104,3.204,50,0.818,533,2.605,22.8
DATA,MOTOR_BREAKIN_V3,000001,54051,509,512,0.078,0.000,3.705,0.390,3.315,47,FWD,RUN,0.039,0.129,0.039,0.501,0.335,0.104,3.204,50,0.818,533,2.605,22.7
DATA,MOTOR_BREAKIN_V3,000001,54150,509,512,0.078,0.000,3.538,0.390,3.148,47,FWD,RUN,0.039,0.122,0.039,0.474,0.335,0.104,3.204,50,0.818,533,2.605,22.7
DATA,MOTOR_BREAKIN_V3,000001,54251,509,511,0.078,0.052,3.650,0.418,3.232,47,FWD,RUN,0.065,0.210,0.039,0.696,0.335,0.104,3.204,50,0.818,533,2.605,22.8
DATA,MOTOR_BREAKIN_V3,000001,54351,509,512,0.078,0.000,3.650,0.362,3.287,47,FWD,RUN,0.039,0.128,0.039,0.696,0.335,0.104,3.204,50,0.818,533,2.605,22.8
DATA,MOTOR_BREAKIN_V3,000001,54451,510,513,0.051,0.000,3.845,0.139,3.705,47,FWD,RUN,0.026,0.095,0.039,0.474,0.335,0.104,3.204,50,0.818,533,2.605,22.8
DATA,MOTOR_BREAKIN_V3,000001,54551,509,512,0.078,0.000,3.538,0.334,3.204,47,FWD,RUN,0.039,0.125,0.039,0.529,0.335,0.104,3.204,50,0.818,533,2.605,22.8
DATA,MOTOR_BREAKIN_V3,000001,54651,508,512,0.104,0.000,3.566,0.279,3.287,47,FWD,RUN,0.052,0.171,0.026,0.195,0.335,0.104,3.204,50,0.818,533,2.605,22.8
DATA,MOTOR_BREAKIN_V3,000001,54751,509,512,0.078,0.000,3.482,0.390,3.092,47,FWD,RUN,0.039,0.120,0.039,0.585,0.335,0.104,3.204,50,0.818,533,2.605,22.8
DATA,MOTOR_BREAKIN_V3,000001,54851,509,511,0.078,0.052,3.538,0.279,3.260,47,FWD,RUN,0.065,0.211,0.065,0.585,0.335,0.104,3.204,50,0.818,533,2.605,22.8
DATA,MOTOR_BREAKIN_V3,000001,54951,509,512,0.078,0.000,3.594,0.306,3.287,47,FWD,RUN,0.039,0.128,0.065,0.529,0.335,0.104,3.204,50,0.818,533,2.605,22.8
DATA,MOTOR_BREAKIN_V3,000001,55051,509,512,0.078,0.000,3.482,0.390,3.092,47,FWD,RUN,0.039,0.120,0.065,0.362,0.335,0.104,3.204,50,0.818,533,2.605,22.8
DATA,MOTOR_BREAKIN_V3,000001,55151,510,512,0.051,0.000,3.789,0.167,3.622,47,FWD,RUN,0.026,0.093,0.039,0.529,0.335,0.104,3.204,50,0.818,533,2.605,22.8
DATA,MOTOR_BREAKIN_V3,000001,55251,510,513,0.051,0.000,3.789,0.223,3.566,47,FWD,RUN,0.026,0.092,0.026,0.474,0.335,0.104,3.204,50,0.818,533,2.605,22.8
DATA,MOTOR_BREAKIN_V3,000001,55351,509,512,0.078,0.000,3.622,0.279,3.343,47,FWD,RUN,0.039,0.130,0.052,0.474,0.335,0.104,3.204,50,0.818,533,2.605,22.8
DATA,MOTOR_BREAKIN_V3,000001,55451,510,512,0.051,0.000,3.650,0.334,3.315,47,FWD,RUN,0.026,0.085,0.078,0.808,0.335,0.104,3.204,50,0.818,533,2.605,22.8
DATA,MOTOR_BREAKIN_V3,000001,55551,509,513,0.078,0.000,3.650,0.362,3.287,47,FWD,RUN,0.039,0.128,0.065,0.780,0.335,0.104,3.204,50,0.818,533,2.605,22.8
DATA,MOTOR_BREAKIN_V3,000001,55651,509,511,0.078,0.052,3.622,0.334,3.287,47,FWD,RUN,0.065,0.213,0.026,0.641,0.335,0.104,3.204,50,0.818,533,2.605,22.8
DATA,MOTOR_BREAKIN_V3,000001,55751,509,512,0.078,0.000,3.650,0.334,3.315,47,FWD,RUN,0.039,0.129,0.026,0.641,0.335,0.104,3.204,50,0.818,533,2.605,22.8
DATA,MOTOR_BREAKIN_V3,000001,55851,510,512,0.051,0.000,3.789,0.501,3.287,47,FWD,RUN,0.026,0.084,0.078,0.529,0.335,0.104,3.204,50,0.818,533,2.605,22.8
DATA,MOTOR_BREAKIN_V3,000001,55951,511,513,0.000,0.000,3.872,0.139,3.733,47,FWD,RUN,0.000,0.000,0.078,0.641,0.335,0.104,3.204,50,0.818,533,2.605,22.8
DATA,MOTOR_BREAKIN_V3,000001,56051,510,511,0.051,0.052,3.538,0.334,3.204,47,FWD,RUN,0.052,0.165,0.078,0.864,0.335,0.104,3.204,50,0.818,533,2.605,22.7
DATA,MOTOR_BREAKIN_V3,000001,56151,508,511,0.104,0.052,3.594,0.334,3.260,47,FWD,RUN,0.078,0.254,0.052,0.529,0.335,0.104,3.204,50,0.818,533,2.605,22.8
DATA,MOTOR_BREAKIN_V3,000001,56251,510,513,0.051,0.000,3.622,0.306,3.315,47,FWD,RUN,0.026,0.085,0.052,0.557,0.335,0.104,3.204,50,0.818,533,2.605,22.8
DATA,MOTOR_BREAKIN_V3,000001,56351,509,512,0.078,0.000,3.594,0.334,3.260,47,FWD,RUN,0.039,0.127,0.052,0.641,0.335,0.104,3.204,50,0.818,533,2.605,22.8
DATA,MOTOR_BREAKIN_V3,000001,56451,509,511,0.078,0.052,3.482,0.334,3.148,47,FWD,RUN,0.065,0.204,0.039,0.696,0.335,0.104,3.204,50,0.818,533,2.605,22.8
DATA,MOTOR_BREAKIN_V3,000001,56551,509,511,0.078,0.052,3.594,0.362,3.232,47,FWD,RUN,0.065,0.210,0.065,0.864,0.335,0.104,3.204,50,0.818,533,2.605,22.8
DATA,MOTOR_BREAKIN_V3,000001,56651,509,511,0.078,0.052,3.650,0.474,3.176,47,FWD,RUN,0.065,0.206,0.078,0.947,0.335,0.104,3.204,50,0.818,533,2.605,22.8
DATA,MOTOR_BREAKIN_V3,000001,56751,509,512,0.078,0.000,3.622,0.279,3.343,47,FWD,RUN,0.039,0.130,0.078,0.919,0.335,0.104,3.204,50,0.818,533,2.605,22.8
DATA,MOTOR_BREAKIN_V3,000001,56851,509,512,0.078,0.000,3.538,0.334,3.204,47,FWD,RUN,0.039,0.125,0.078,0.529,0.335,0.104,3.204,50,0.818,533,2.605,22.8
DATA,MOTOR_BREAKIN_V3,000001,56951,510,511,0.051,0.052,3.622,0.251,3.371,47,FWD,RUN,0.052,0.174,0.052,0.557,0.335,0.104,3.204,50,0.818,533,2.605,22.7
DATA,MOTOR_BREAKIN_V3,000001,57051,510,512,0.051,0.000,3.705,0.251,3.455,47,FWD,RUN,0.026,0.089,0.052,1.003,0.335,0.104,3.204,50,0.818,533,2.605,22.8
DATA,MOTOR_BREAKIN_V3,000001,57151,509,512,0.078,0.000,3.594,0.613,2.981,47,FWD,RUN,0.039,0.116,0.052,1.003,0.335,0.104,3.204,50,0.818,533,2.605,22.8
DATA,MOTOR_BREAKIN_V3,000001,57251,508,511,0.104,0.052,3.622,0.306,3.315,47,FWD,RUN,0.078,0.259,0.052,0.390,0.335,0.104,3.204,50,0.818,533,2.605,22.7
DATA,MOTOR_BREAKIN_V3,000001,57350,509,511,0.078,0.052,3.594,0.362,3.232,47,FWD,RUN,0.065,0.210,0.052,0.446,0.335,0.104,3.204,50,0.818,533,2.605,22.8
DATA,MOTOR_BREAKIN_V3,000001,57451,509,511,0.078,0.052,3.650,0.334,3.315,47,FWD,RUN,0.065,0.215,0.052,1.031,0.335,0.104,3.204,50,0.818,533,2.605,22.8
DATA,MOTOR_BREAKIN_V3,000001,57551,508,512,0.104,0.000,3.622,0.390,3.232,47,FWD,RUN,0.052,0.168,0.052,1.031,0.335,0.104,3.204,50,0.818,533,2.605,22.8
DATA,MOTOR_BREAKIN_V3,000001,57651,509,513,0.078,0.000,3.510,0.362,3.148,47,FWD,RUN,0.039,0.122,0.039,0.474,0.335,0.104,3.204,50,0.818,533,2.605,22.8
DATA,MOTOR_BREAKIN_V3,000001,57751,508,511,0.104,0.052,3.566,0.474,3.092,47,FWD,RUN,0.078,0.241,0.078,0.529,0.335,0.104,3.204,50,0.818,533,2.605,22.7
DATA,MOTOR_BREAKIN_V3,000001,57851,509,512,0.078,0.000,3.817,0.028,3.789,47,FWD,RUN,0.039,0.147,0.078,0.696,0.335,0.104,3.204,50,0.818,533,2.605,22.8
DATA,MOTOR_BREAKIN_V3,000001,57951,509,514,0.078,0.000,3.538,0.279,3.260,47,FWD,RUN,0.039,0.127,0.078,0.641,0.335,0.104,3.204,50,0.818,533,2.605,22.8
DATA,MOTOR_BREAKIN_V3,000001,58051,509,512,0.078,0.000,3.594,0.390,3.204,47,FWD,RUN,0.039,0.125,0.052,0.557,0.335,0.104,3.204,50,0.818,533,2.605,22.7
DATA,MOTOR_BREAKIN_V3,000001,58151,509,512,0.078,0.000,3.510,0.279,3.232,47,FWD,RUN,0.039,0.126,0.039,0.557,0.335,0.104,3.204,50,0.818,533,2.605,22.8
DATA,MOTOR_BREAKIN_V3,000001,58251,510,513,0.051,0.000,3.817,0.139,3.677,47,FWD,RUN,0.026,0.094,0.039,0.557,0.335,0.104,3.204,50,0.818,533,2.605,22.8
DATA,MOTOR_BREAKIN_V3,000001,58351,509,512,0.078,0.000,3.510,0.251,3.260,47,FWD,RUN,0.039,0.127,0.066,0.669,0.335,0.104,3.204,50,0.818,533,2.605,22.7
DATA,MOTOR_BREAKIN_V3,000001,58451,509,512,0.078,0.000,3.650,0.251,3.399,47,FWD,RUN,0.039,0.132,0.091,0.752,0.335,0.104,3.204,50,0.818,533,2.605,22.8
DATA,MOTOR_BREAKIN_V3,000001,58551,509,512,0.078,0.000,3.510,0.279,3.232,47,FWD,RUN,0.039,0.126,0.078,0.669,0.335,0.104,3.204,50,0.818,533,2.605,22.7
DATA,MOTOR_BREAKIN_V3,000001,58651,510,512,0.051,0.000,3.538,0.306,3.232,47,FWD,RUN,0.026,0.083,0.078,0.362,0.335,0.104,3.204,50,0.818,533,2.605,22.8
DATA,MOTOR_BREAKIN_V3,000001,58751,511,513,0.000,0.000,3.928,0.000,3.928,47,FWD,RUN,0.000,0.000,0.091,0.947,0.335,0.104,3.204,50,0.818,533,2.605,22.7
DATA,MOTOR_BREAKIN_V3,000001,58851,508,512,0.104,0.000,3.538,0.501,3.037,47,FWD,RUN,0.052,0.158,0.091,0.947,0.335,0.104,3.204,50,0.818,533,2.605,22.8
DATA,MOTOR_BREAKIN_V3,000001,58951,509,512,0.078,0.000,3.566,0.306,3.260,47,FWD,RUN,0.039,0.127,0.039,1.198,0.335,0.104,3.204,50,0.818,533,2.605,22.7
DATA,MOTOR_BREAKIN_V3,000001,59051,509,512,0.078,0.000,3.566,0.334,3.232,47,FWD,RUN,0.039,0.126,0.039,1.142,0.335,0.104,3.204,50,0.818,533,2.605,22.7
DATA,MOTOR_BREAKIN_V3,000001,59151,508,512,0.104,0.000,3.482,0.306,3.176,47,FWD,RUN,0.052,0.166,0.026,0.975,0.335,0.104,3.204,50,0.818,533,2.605,22.8
DATA,MOTOR_BREAKIN_V3,000001,59251,510,512,0.051,0.000,3.594,0.279,3.315,47,FWD,RUN,0.026,0.085,0.052,0.446,0.335,0.104,3.204,50,0.818,533,2.605,22.7
DATA,MOTOR_BREAKIN_V3,000001,59351,509,512,0.078,0.000,3.677,0.501,3.176,47,FWD,RUN,0.039,0.124,0.052,0.752,0.335,0.104,3.204,50,0.818,533,2.605,22.8
DATA,MOTOR_BREAKIN_V3,000001,59451,509,512,0.078,0.000,3.510,0.362,3.148,47,FWD,RUN,0.039,0.122,0.052,0.752,0.335,0.104,3.204,50,0.818,533,2.605,22.8
DATA,MOTOR_BREAKIN_V3,000001,59551,510,513,0.051,0.000,3.872,0.000,3.872,47,FWD,RUN,0.026,0.099,0.052,0.864,0.335,0.104,3.204,50,0.818,533,2.605,22.7
DATA,MOTOR_BREAKIN_V3,000001,59651,509,513,0.078,0.000,3.455,0.306,3.148,47,FWD,RUN,0.039,0.122,0.039,0.864,0.335,0.104,3.204,50,0.818,534,2.610,22.8
DATA,MOTOR_BREAKIN_V3,000001,59751,509,512,0.078,0.000,3.455,0.306,3.148,47,FWD,RUN,0.039,0.122,0.039,1.059,0.335,0.104,3.204,50,0.818,533,2.605,22.7
DATA,MOTOR_BREAKIN_V3,000001,59851,509,513,0.078,0.000,3.566,0.223,3.343,47,FWD,RUN,0.039,0.130,0.065,0.975,0.335,0.104,3.204,50,0.818,533,2.605,22.7
DATA,MOTOR_BREAKIN_V3,000001,59951,508,512,0.104,0.000,3.538,0.223,3.315,47,FWD,RUN,0.052,0.173,0.052,0.752,0.335,0.104,3.204,50,0.818,533,2.605,22.7
DATA,MOTOR_BREAKIN_V3,000001,60051,509,512,0.078,0.000,3.622,0.223,3.399,47,FWD,RUN,0.039,0.132,0.039,0.418,0.335,0.104,3.204,50,0.818,533,2.605,22.8
DATA,MOTOR_BREAKIN_V3,000001,60151,509,511,0.078,0.052,3.482,0.362,3.120,47,FWD,RUN,0.065,0.202,0.039,0.474,0.335,0.104,3.204,50,0.818,533,2.605,22.8
DATA,MOTOR_BREAKIN_V3,000001,60251,509,512,0.078,0.000,3.399,0.362,3.037,47,FWD,RUN,0.039,0.118,0.065,0.474,0.335,0.104,3.204,50,0.818,533,2.605,22.8
DATA,MOTOR_BREAKIN_V3,000001,60351,508,511,0.104,0.052,3.622,0.279,3.343,47,FWD,RUN,0.078,0.261,0.078,0.390,0.335,0.104,3.204,50,0.818,533,2.605,22.8
DATA,MOTOR_BREAKIN_V3,000001,60451,510,512,0.051,0.000,3.427,0.390,3.037,47,FWD,RUN,0.026,0.078,0.052,0.418,0.335,0.104,3.204,50,0.818,533,2.605,22.7
DATA,MOTOR_BREAKIN_V3,000001,60550,508,511,0.104,0.052,3.538,0.362,3.176,47,FWD,RUN,0.078,0.248,0.052,0.752,0.335,0.104,3.204,50,0.818,533,2.605,22.7
DATA,MOTOR_BREAKIN_V3,000001,60651,508,512,0.104,0.000,3.482,0.390,3.092,47,FWD,RUN,0.052,0.161,0.091,0.724,0.335,0.104,3.204,50,0.818,533,2.605,22.8
DATA,MOTOR_BREAKIN_V3,000001,60751,509,512,0.078,0.000,3.510,0.362,3.148,47,FWD,RUN,0.039,0.122,0.091,0.752,0.335,0.104,3.204,50,0.818,534,2.610,22.7
DATA,MOTOR_BREAKIN_V3,000001,60851,509,511,0.078,0.052,3.455,0.362,3.092,47,FWD,RUN,0.065,0.201,0.065,0.836,0.335,0.104,3.204,50,0.818,533,2.605,22.8
DATA,MOTOR_BREAKIN_V3,000001,60951,509,512,0.078,0.000,3.371,0.334,3.037,47,FWD,RUN,0.039,0.118,0.065,1.059,0.335,0.104,3.204,50,0.818,534,2.610,22.8
DATA,MOTOR_BREAKIN_V3,000001,61051,510,513,0.051,0.000,3.733,0.279,3.455,47,FWD,RUN,0.026,0.089,0.052,0.752,0.335,0.104,3.204,50,0.818,533,2.605,22.8
DATA,MOTOR_BREAKIN_V3,000001,61151,509,513,0.078,0.000,3.371,0.390,2.981,47,FWD,RUN,0.039,0.116,0.026,1.059,0.335,0.104,3.204,50,0.818,533,2.605,22.7
DATA,MOTOR_BREAKIN_V3,000001,61251,508,511,0.104,0.052,3.399,0.418,2.981,47,FWD,RUN,0.078,0.233,0.052,1.059,0.335,0.104,3.204,50,0.818,533,2.605,22.7
DATA,MOTOR_BREAKIN_V3,000001,61351,509,511,0.078,0.052,3.427,0.306,3.120,47,FWD,RUN,0.065,0.202,0.078,0.975,0.335,0.104,3.204,50,0.818,533,2.605,22.8
DATA,MOTOR_BREAKIN_V3,000001,61451,509,511,0.078,0.052,3.371,0.390,2.981,47,FWD,RUN,0.065,0.193,0.078,0.975,0.335,0.104,3.204,50,0.818,533,2.605,22.7
DATA,MOTOR_BREAKIN_V3,000001,61551,510,512,0.051,0.000,3.482,0.279,3.204,47,FWD,RUN,0.026,0.082,0.052,0.557,0.335,0.104,3.204,50,0.818,533,2.605,22.7
DATA,MOTOR_BREAKIN_V3,000001,61651,509,511,0.078,0.052,3.427,0.390,3.037,47,FWD,RUN,0.065,0.197,0.091,0.724,0.335,0.104,3.204,50,0.818,533,2.605,22.7
DATA,MOTOR_BREAKIN_V3,000001,61751,508,512,0.104,0.000,3.594,0.306,3.287,47,FWD,RUN,0.052,0.171,0.091,0.696,0.335,0.104,3.204,50,0.818,533,2.605,22.7
DATA,MOTOR_BREAKIN_V3,000001,61851,509,512,0.078,0.000,3.482,0.390,3.092,47,FWD,RUN,0.039,0.120,0.066,0.585,0.335,0.104,3.204,50,0.818,533,2.605,22.8
DATA,MOTOR_BREAKIN_V3,000001,61951,510,512,0.051,0.000,3.594,0.195,3.399,47,FWD,RUN,0.026,0.087,0.052,0.418,0.335,0.104,3.204,50,0.818,533,2.605,22.8
DATA,MOTOR_BREAKIN_V3,000001,62051,509,512,0.078,0.000,3.566,0.306,3.260,47,FWD,RUN,0.039,0.127,0.039,0.529,0.335,0.104,3.204,50,0.818,533,2.605,22.7
DATA,MOTOR_BREAKIN_V3,000001,62151,509,511,0.078,0.052,3.455,0.390,3.065,47,FWD,RUN,0.065,0.199,0.052,0.724,0.335,0.104,3.204,50,0.818,533,2.605,22.7
OK
DATA,MOTOR_BREAKIN_V3,000001,62251,509,512,0.078,0.000,3.482,0.390,3.092,46,FWD,RUN,0.039,0.120,0.052,0.306,0.335,0.104,3.204,50,0.818,533,2.605,22.8
OK
DATA,MOTOR_BREAKIN_V3,000001,62351,509,513,0.078,0.000,3.371,0.279,3.092,44,FWD,RUN,0.039,0.120,0.039,0.167,0.335,0.104,3.204,50,0.818,533,2.605,22.7
OK
DATA,MOTOR_BREAKIN_V3,000001,62451,510,513,0.051,0.000,3.594,0.111,3.482,42,FWD,RUN,0.026,0.089,0.052,0.446,0.335,0.104,3.204,50,0.818,533,2.605,22.7
OK
DATA,MOTOR_BREAKIN_V3,000001,62551,510,512,0.051,0.000,3.092,0.223,2.870,35,FWD,RUN,0.026,0.074,0.039,1.142,0.335,0.104,3.204,50,0.818,533,2.605,22.7
DATA,MOTOR_BREAKIN_V3,000001,62651,510,513,0.051,0.000,3.315,0.056,3.260,35,FWD,RUN,0.026,0.084,0.039,1.003,0.335,0.104,3.204,50,0.818,533,2.605,22.7
OK
DATA,MOTOR_BREAKIN_V3,000001,62751,510,513,0.051,0.000,3.287,0.251,3.037,38,FWD,RUN,0.026,0.078,0.039,0.780,0.335,0.104,3.204,50,0.818,533,2.605,22.7
OK
DATA,MOTOR_BREAKIN_V3,000001,62851,510,512,0.051,0.000,3.148,0.279,2.870,37,FWD,RUN,0.026,0.074,0.039,0.752,0.335,0.104,3.204,50,0.818,533,2.605,22.7
OK
DATA,MOTOR_BREAKIN_V3,000001,62951,509,512,0.078,0.000,3.092,0.362,2.730,40,FWD,RUN,0.039,0.106,0.065,0.446,0.335,0.104,3.204,50,0.818,533,2.605,22.7
OK
DATA,MOTOR_BREAKIN_V3,000001,63051,509,512,0.078,0.000,3.287,0.418,2.870,45,FWD,RUN,0.039,0.112,0.065,0.529,0.335,0.104,3.204,50,0.818,533,2.605,22.1
OK
DATA,MOTOR_BREAKIN_V3,000001,63151,508,512,0.104,0.000,3.315,0.501,2.814,48,FWD,RUN,0.052,0.147,0.078,0.529,0.335,0.104,3.204,50,0.818,533,2.605,22.7
OK
DATA,MOTOR_BREAKIN_V3,000001,63251,508,510,0.104,0.078,3.482,0.557,2.925,52,FWD,RUN,0.091,0.267,0.066,1.087,0.335,0.104,3.204,50,0.818,533,2.605,22.7
OK
DATA,MOTOR_BREAKIN_V3,000001,63351,508,510,0.104,0.078,3.622,0.446,3.176,54,FWD,RUN,0.091,0.290,0.066,1.087,0.335,0.104,3.204,50,0.818,533,2.605,22.7
OK
DATA,MOTOR_BREAKIN_V3,000001,63451,509,510,0.078,0.078,3.538,0.446,3.092,50,FWD,RUN,0.078,0.241,0.052,0.919,0.335,0.104,3.204,50,0.818,533,2.605,22.6
OK
DATA,MOTOR_BREAKIN_V3,000001,63551,509,511,0.078,0.052,3.594,0.418,3.176,48,FWD,RUN,0.065,0.206,0.052,0.836,0.335,0.104,3.204,50,0.818,533,2.605,22.7
DATA,MOTOR_BREAKIN_V3,000001,63651,510,513,0.051,0.000,3.872,0.028,3.845,48,FWD,RUN,0.026,0.099,0.066,0.808,0.335,0.104,3.204,50,0.818,533,2.605,22.7
OK
DATA,MOTOR_BREAKIN_V3,000001,63750,510,512,0.051,0.000,3.260,0.139,3.120,35,FWD,RUN,0.026,0.080,0.078,0.919,0.335,0.104,3.204,50,0.818,533,2.605,22.8
DATA,MOTOR_BREAKIN_V3,000001,63851,510,513,0.051,0.000,3.148,0.306,2.842,35,FWD,RUN,0.026,0.073,0.026,1.059,0.335,0.104,3.204,50,0.818,533,2.605,22.7
OK
DATA,MOTOR_BREAKIN_V3,000001,63951,510,513,0.051,0.000,3.343,0.167,3.176,38,FWD,RUN,0.026,0.082,0.000,0.362,0.335,0.104,3.204,50,0.818,533,2.605,22.7
OK
DATA,MOTOR_BREAKIN_V3,000001,64051,510,512,0.051,0.000,2.981,0.251,2.730,35,FWD,RUN,0.026,0.070,0.000,0.446,0.335,0.104,3.204,50,0.818,533,2.605,22.7
OK
DATA,MOTOR_BREAKIN_V3,000001,64151,509,512,0.078,0.000,3.204,0.279,2.925,40,FWD,RUN,0.039,0.114,0.013,0.334,0.335,0.104,3.204,50,0.818,533,2.605,22.7
OK
DATA,MOTOR_BREAKIN_V3,000001,64251,509,512,0.078,0.000,3.232,0.251,2.981,42,FWD,RUN,0.039,0.116,0.013,0.390,0.335,0.104,3.204,50,0.818,533,2.605,22.7
DATA,MOTOR_BREAKIN_V3,000001,64351,509,511,0.078,0.052,3.287,0.362,2.925,42,FWD,RUN,0.065,0.190,0.065,0.418,0.335,0.104,3.204,50,0.818,533,2.605,22.7
OK
DATA,MOTOR_BREAKIN_V3,000001,64451,510,512,0.051,0.000,3.232,0.362,2.870,44,FWD,RUN,0.026,0.074,0.065,0.334,0.335,0.104,3.204,50,0.818,533,2.605,22.6
DATA,MOTOR_BREAKIN_V3,000001,64551,510,512,0.051,0.000,3.343,0.362,2.981,44,FWD,RUN,0.026,0.077,0.013,0.501,0.335,0.104,3.204,50,0.818,533,2.605,22.7
DATA,MOTOR_BREAKIN_V3,000001,64651,509,513,0.078,0.000,3.399,0.474,2.925,44,FWD,RUN,0.039,0.114,0.013,0.474,0.335,0.104,3.204,50,0.818,533,2.605,22.7
OK
DATA,MOTOR_BREAKIN_V3,000001,64751,510,512,0.051,0.000,3.455,0.334,3.120,46,FWD,RUN,0.026,0.080,0.066,0.557,0.335,0.104,3.204,50,0.818,533,2.605,22.8
OK
DATA,MOTOR_BREAKIN_V3,000001,64851,509,511,0.078,0.052,3.343,0.334,3.009,44,FWD,RUN,0.065,0.195,0.066,0.501,0.335,0.104,3.204,50,0.818,533,2.605,22.7
DATA,MOTOR_BREAKIN_V3,000001,64951,509,512,0.078,0.000,3.287,0.306,2.981,44,FWD,RUN,0.039,0.116,0.039,0.418,0.335,0.104,3.204,50,0.818,533,2.605,22.7
DATA,MOTOR_BREAKIN_V3,000001,65051,510,512,0.051,0.000,3.510,0.251,3.260,44,FWD,RUN,0.026,0.084,0.039,0.362,0.335,0.104,3.204,50,0.818,533,2.605,22.7
OK
DATA,MOTOR_BREAKIN_V3,000001,65151,509,513,0.078,0.000,3.371,0.195,3.176,39,FWD,RUN,0.039,0.124,0.013,0.334,0.335,0.104,3.204,50,0.818,533,2.605,22.7
OK
DATA,MOTOR_BREAKIN_V3,000001,65251,511,513,0.000,0.000,3.315,0.167,3.148,35,FWD,RUN,0.000,0.000,0.039,0.474,0.335,0.104,3.204,50,0.818,532,2.600,22.7
DATA,MOTOR_BREAKIN_V3,000001,65351,510,512,0.051,0.000,3.065,0.195,2.870,35,FWD,RUN,0.026,0.074,0.039,0.557,0.335,0.104,3.204,50,0.818,533,2.605,22.7
DATA,MOTOR_BREAKIN_V3,000001,65451,510,513,0.051,0.000,3.148,0.195,2.953,35,FWD,RUN,0.026,0.076,0.039,0.474,0.335,0.104,3.204,50,0.818,533,2.605,22.7
OK
DATA,MOTOR_BREAKIN_V3,000001,65551,510,513,0.051,0.000,3.037,0.167,2.870,36,FWD,RUN,0.026,0.074,0.039,0.306,0.335,0.104,3.204,50,0.818,533,2.605,22.7
OK
DATA,MOTOR_BREAKIN_V3,000001,65651,510,512,0.051,0.000,3.037,0.334,2.702,39,FWD,RUN,0.026,0.069,0.026,0.195,0.335,0.104,3.204,50,0.818,533,2.605,22.7
OK
DATA,MOTOR_BREAKIN_V3,000001,65751,508,512,0.104,0.000,3.260,0.334,2.925,45,FWD,RUN,0.052,0.152,0.052,0.251,0.335,0.104,3.204,50,0.818,533,2.605,22.7
OK
DATA,MOTOR_BREAKIN_V3,000001,65851,508,512,0.104,0.000,3.343,0.446,2.897,47,FWD,RUN,0.052,0.151,0.039,0.111,0.335,0.104,3.204,50,0.818,533,2.605,22.8
OK
DATA,MOTOR_BREAKIN_V3,000001,65951,509,511,0.078,0.052,3.482,0.334,3.148,49,FWD,RUN,0.065,0.204,0.039,0.279,0.335,0.104,3.204,50,0.818,533,2.605,22.8
OK
DATA,MOTOR_BREAKIN_V3,000001,66051,509,511,0.078,0.052,3.287,0.418,2.870,46,FWD,RUN,0.065,0.186,0.052,0.557,0.335,0.104,3.204,50,0.818,533,2.605,22.7
OK
DATA,MOTOR_BREAKIN_V3,000001,66151,508,510,0.104,0.078,3.622,0.501,3.120,49,FWD,RUN,0.091,0.285,0.066,0.613,0.335,0.104,3.204,50,0.818,533,2.605,22.7
DATA,MOTOR_BREAKIN_V3,000001,66251,510,512,0.051,0.000,3.761,0.306,3.455,49,FWD,RUN,0.026,0.089,0.066,0.641,0.335,0.104,3.204,50,0.818,533,2.605,22.8
OK
DATA,MOTOR_BREAKIN_V3,000001,66351,509,511,0.078,0.052,3.566,0.362,3.204,47,FWD,RUN,0.065,0.208,0.039,0.557,0.335,0.104,3.204,50,0.818,533,2.605,22.7
OK
DATA,MOTOR_BREAKIN_V3,000001,66451,510,513,0.051,0.000,3.705,0.000,3.705,43,FWD,RUN,0.026,0.095,0.039,0.808,0.335,0.104,3.204,50,0.818,533,2.605,22.7
OK
DATA,MOTOR_BREAKIN_V3,000001,66551,510,513,0.051,0.000,3.148,0.195,2.953,35,FWD,RUN,0.026,0.076,0.039,0.808,0.335,0.104,3.204,50,0.818,533,2.605,22.8
OK
DATA,MOTOR_BREAKIN_V3,000001,66651,510,513,0.051,0.000,3.092,0.223,2.870,36,FWD,RUN,0.026,0.074,0.013,0.557,0.335,0.104,3.204,50,0.818,533,2.605,22.7
OK
DATA,MOTOR_BREAKIN_V3,000001,66751,509,513,0.078,0.000,3.232,0.195,3.037,39,FWD,RUN,0.039,0.118,0.039,0.418,0.335,0.104,3.204,50,0.818,533,2.605,22.7
OK
DATA,MOTOR_BREAKIN_V3,000001,66851,510,512,0.051,0.000,3.009,0.334,2.674,38,FWD,RUN,0.026,0.069,0.039,0.362,0.335,0.104,3.204,50,0.818,533,2.605,22.7
OK
DATA,MOTOR_BREAKIN_V3,000001,66950,509,512,0.078,0.000,3.287,0.362,2.925,45,FWD,RUN,0.039,0.114,0.039,0.418,0.335,0.104,3.204,50,0.818,533,2.605,23.6
OK
DATA,MOTOR_BREAKIN_V3,000001,67051,509,512,0.078,0.000,3.204,0.418,2.786,47,FWD,RUN,0.039,0.108,0.039,0.696,0.335,0.104,3.204,50,0.818,533,2.605,22.7
DATA,MOTOR_BREAKIN_V3,000001,67151,509,512,0.078,0.000,3.287,0.446,2.842,47,FWD,RUN,0.039,0.111,0.013,0.724,0.335,0.104,3.204,50,0.818,533,2.605,22.7
OK
DATA,MOTOR_BREAKIN_V3,000001,67251,508,511,0.104,0.052,3.455,0.446,3.009,51,FWD,RUN,0.078,0.235,0.052,0.780,0.335,0.104,3.204,50,0.818,533,2.605,22.7
DATA,MOTOR_BREAKIN_V3,000001,67351,508,511,0.104,0.052,3.677,0.362,3.315,51,FWD,RUN,0.078,0.259,0.052,0.557,0.335,0.104,3.204,50,0.818,533,2.605,22.7
OK
DATA,MOTOR_BREAKIN_V3,000001,67451,509,512,0.078,0.000,3.399,0.306,3.092,45,FWD,RUN,0.039,0.120,0.039,0.446,0.335,0.104,3.204,50,0.818,533,2.605,22.2
OK
DATA,MOTOR_BREAKIN_V3,000001,67551,508,512,0.104,0.000,3.343,0.279,3.065,43,FWD,RUN,0.052,0.160,0.039,0.613,0.335,0.104,3.204,50,0.818,533,2.605,22.7
OK
DATA,MOTOR_BREAKIN_V3,000001,67651,510,513,0.051,0.000,3.622,0.084,3.538,42,FWD,RUN,0.026,0.091,0.039,0.613,0.335,0.104,3.204,50,0.818,533,2.605,22.7
OK
DATA,MOTOR_BREAKIN_V3,000001,67751,510,512,0.051,0.000,3.120,0.223,2.897,35,FWD,RUN,0.026,0.074,0.039,0.669,0.335,0.104,3.204,50,0.818,533,2.605,22.7
OK
DATA,MOTOR_BREAKIN_V3,000001,67851,510,512,0.051,0.000,3.204,0.362,2.842,37,FWD,RUN,0.026,0.073,0.039,0.418,0.335,0.104,3.204,50,0.818,533,2.605,22.7
OK
DATA,MOTOR_BREAKIN_V3,000001,67951,510,512,0.051,0.000,3.260,0.334,2.925,40,FWD,RUN,0.026,0.075,0.065,0.501,0.335,0.104,3.204,50,0.818,533,2.605,22.7
OK
DATA,MOTOR_BREAKIN_V3,000001,68051,509,512,0.078,0.000,3.204,0.334,2.870,42,FWD,RUN,0.039,0.112,0.065,0.474,0.335,0.104,3.204,50,0.818,533,2.605,22.7
DATA,MOTOR_BREAKIN_V3,000001,68151,509,511,0.078,0.052,3.148,0.334,2.814,42,FWD,RUN,0.065,0.183,0.065,0.585,0.335,0.104,3.204,50,0.818,533,2.605,22.7
OK
DATA,MOTOR_BREAKIN_V3,000001,68251,509,512,0.078,0.000,3.260,0.390,2.870,46,FWD,RUN,0.039,0.112,0.078,0.669,0.335,0.104,3.204,50,0.818,533,2.605,22.7
OK
DATA,MOTOR_BREAKIN_V3,000001,68351,508,511,0.104,0.052,3.482,0.334,3.148,49,FWD,RUN,0.078,0.246,0.052,0.418,0.335,0.104,3.204,50,0.818,533,2.605,22.7
OK
DATA,MOTOR_BREAKIN_V3,000001,68451,509,512,0.078,0.000,3.455,0.334,3.120,46,FWD,RUN,0.039,0.121,0.091,0.724,0.335,0.104,3.204,50,0.818,533,2.605,22.7
OK
DATA,MOTOR_BREAKIN_V3,000001,68551,510,511,0.051,0.052,3.343,0.306,3.037,44,FWD,RUN,0.052,0.157,0.091,0.724,0.335,0.104,3.204,50,0.818,533,2.605,22.7
OK
DATA,MOTOR_BREAKIN_V3,000001,68651,510,512,0.051,0.000,3.566,0.195,3.371,43,FWD,RUN,0.026,0.087,0.039,0.529,0.335,0.104,3.204,50,0.818,533,2.605,22.7
OK
DATA,MOTOR_BREAKIN_V3,000001,68751,510,512,0.051,0.000,3.260,0.223,3.037,36,FWD,RUN,0.026,0.078,0.039,0.780,0.335,0.104,3.204,50,0.818,533,2.605,22.7
OK
DATA,MOTOR_BREAKIN_V3,000001,68851,510,512,0.051,0.000,3.148,0.195,2.953,35,FWD,RUN,0.026,0.076,0.039,0.780,0.335,0.104,3.204,50,0.818,533,2.605,22.7
OK
DATA,MOTOR_BREAKIN_V3,000001,68951,510,512,0.051,0.000,3.037,0.251,2.786,36,FWD,RUN,0.026,0.072,0.039,0.529,0.335,0.104,3.204,50,0.818,533,2.605,22.7
DATA,MOTOR_BREAKIN_V3,000001,69051,510,512,0.051,0.000,2.953,0.279,2.674,36,FWD,RUN,0.026,0.069,0.026,0.780,0.335,0.104,3.204,50,0.818,533,2.605,22.7
OK
DATA,MOTOR_BREAKIN_V3,000001,69151,509,511,0.078,0.052,3.260,0.362,2.897,43,FWD,RUN,0.065,0.188,0.039,0.919,0.335,0.104,3.204,50,0.818,533,2.605,22.7
OK
DATA,MOTOR_BREAKIN_V3,000001,69251,509,512,0.078,0.000,3.315,0.418,2.897,45,FWD,RUN,0.039,0.113,0.039,0.724,0.335,0.104,3.204,50,0.818,533,2.605,22.1
OK
DATA,MOTOR_BREAKIN_V3,000001,69351,510,513,0.051,0.000,3.677,0.167,3.510,47,FWD,RUN,0.026,0.090,0.052,0.780,0.335,0.104,3.204,50,0.818,533,2.605,22.7
OK
DATA,MOTOR_BREAKIN_V3,000001,69451,510,513,0.051,0.000,3.260,0.195,3.065,37,FWD,RUN,0.026,0.079,0.052,0.669,0.335,0.104,3.204,50,0.818,533,2.605,22.7
OK
DATA,MOTOR_BREAKIN_V3,000001,69551,510,513,0.051,0.000,3.176,0.306,2.870,36,FWD,RUN,0.026,0.074,0.052,0.585,0.335,0.104,3.204,50,0.818,533,2.605,22.7
OK
DATA,MOTOR_BREAKIN_V3,000001,69651,509,512,0.078,0.000,3.037,0.306,2.730,39,FWD,RUN,0.039,0.106,0.039,0.641,0.335,0.104,3.204,50,0.818,533,2.605,22.7
OK
DATA,MOTOR_BREAKIN_V3,000001,69751,509,511,0.078,0.052,3.204,0.474,2.730,44,FWD,RUN,0.065,0.177,0.039,0.390,0.335,0.104,3.204,50,0.818,533,2.605,22.7
DATA,MOTOR_BREAKIN_V3,000001,69851,511,512,0.000,0.000,3.455,0.195,3.260,44,FWD,RUN,0.000,0.000,0.078,0.529,0.335,0.104,3.204,50,0.818,533,2.605,22.7
OK
DATA,MOTOR_BREAKIN_V3,000001,69951,510,512,0.051,0.000,3.594,0.306,3.287,49,FWD,RUN,0.026,0.084,0.078,0.529,0.335,0.104,3.204,50,0.818,533,2.605,22.7
OK
DATA,MOTOR_BREAKIN_V3,000001,70051,508,512,0.104,0.000,3.315,0.306,3.009,43,FWD,RUN,0.052,0.157,0.078,0.752,0.335,0.104,3.204,50,0.818,533,2.605,22.0
DATA,MOTOR_BREAKIN_V3,000001,70150,509,512,0.078,0.000,3.343,0.334,3.009,43,FWD,RUN,0.039,0.117,0.052,0.752,0.335,0.104,3.204,50,0.818,533,2.605,22.7
DATA,MOTOR_BREAKIN_V3,000001,70251,509,512,0.078,0.000,3.176,0.362,2.814,43,FWD,RUN,0.039,0.109,0.026,0.585,0.335,0.104,3.204,50,0.818,533,2.605,22.7
OK
DATA,MOTOR_BREAKIN_V3,000001,70351,509,512,0.078,0.000,3.315,0.474,2.842,47,FWD,RUN,0.039,0.111,0.026,0.585,0.335,0.104,3.204,50,0.818,533,2.605,22.8
OK
DATA,MOTOR_BREAKIN_V3,000001,70451,508,512,0.104,0.000,3.538,0.446,3.092,50,FWD,RUN,0.052,0.161,0.026,0.334,0.335,0.104,3.204,50,0.818,533,2.605,22.7
OK
DATA,MOTOR_BREAKIN_V3,000001,70551,509,511,0.078,0.052,3.622,0.362,3.260,48,FWD,RUN,0.065,0.211,0.026,0.418,0.335,0.104,3.204,50,0.818,533,2.605,22.7
OK
DATA,MOTOR_BREAKIN_V3,000001,70651,510,511,0.051,0.052,3.343,0.362,2.981,43,FWD,RUN,0.052,0.154,0.039,1.254,0.335,0.104,3.204,50,0.818,533,2.605,22.7
DATA,MOTOR_BREAKIN_V3,000001,70751,509,512,0.078,0.000,3.287,0.362,2.925,43,FWD,RUN,0.039,0.114,0.078,1.254,0.335,0.104,3.204,50,0.818,533,2.605,22.7
OK
DATA,MOTOR_BREAKIN_V3,000001,70851,510,512,0.051,0.000,3.622,0.306,3.315,45,REV,RUN,0.026,0.085,0.065,0.585,0.335,0.104,3.204,50,0.818,533,2.605,23.4
OK
DATA,MOTOR_BREAKIN_V3,000001,70951,510,513,0.051,0.000,3.232,0.223,3.009,39,REV,RUN,0.026,0.077,0.039,0.390,0.335,0.104,3.204,50,0.818,533,2.605,22.7
DATA,MOTOR_BREAKIN_V3,000001,71051,510,512,0.051,0.000,3.343,0.306,3.037,39,REV,RUN,0.026,0.078,0.065,0.529,0.335,0.104,3.204,50,0.818,533,2.605,22.7
OK
DATA,MOTOR_BREAKIN_V3,000001,71151,509,513,0.078,0.000,3.287,0.279,3.009,38,REV,RUN,0.039,0.117,0.065,0.613,0.335,0.104,3.204,50,0.818,533,2.605,22.7
DATA,MOTOR_BREAKIN_V3,000001,71251,510,512,0.051,0.000,3.260,0.251,3.009,38,REV,RUN,0.026,0.077,0.026,0.501,0.335,0.104,3.204,50,0.818,533,2.605,22.7
DATA,MOTOR_BREAKIN_V3,000001,71351,510,513,0.051,0.000,3.204,0.251,2.953,38,REV,RUN,0.026,0.076,0.000,0.669,0.335,0.104,3.204,50,0.818,533,2.605,22.7
OK
DATA,MOTOR_BREAKIN_V3,000001,71451,509,512,0.078,0.000,3.260,0.195,3.065,39,REV,RUN,0.039,0.119,0.013,0.752,0.335,0.104,3.204,50,0.818,533,2.605,22.7
OK
DATA,MOTOR_BREAKIN_V3,000001,71551,510,512,0.051,0.000,2.981,0.334,2.647,38,REV,RUN,0.026,0.068,0.026,0.585,0.335,0.104,3.204,50,0.818,533,2.605,22.7
DATA,MOTOR_BREAKIN_V3,000001,71651,510,513,0.051,0.000,2.981,0.306,2.674,38,REV,RUN,0.026,0.069,0.052,0.501,0.335,0.104,3.204,50,0.818,533,2.605,22.7
OK
DATA,MOTOR_BREAKIN_V3,000001,71751,509,511,0.078,0.052,3.287,0.334,2.953,45,REV,RUN,0.065,0.192,0.065,0.641,0.335,0.104,3.204,50,0.818,533,2.605,22.1
OK
DATA,MOTOR_BREAKIN_V3,000001,71851,509,512,0.078,0.000,3.260,0.390,2.870,46,REV,RUN,0.039,0.112,0.039,0.585,0.335,0.104,3.204,50,0.818,533,2.605,22.7
OK
DATA,MOTOR_BREAKIN_V3,000001,71951,510,512,0.051,0.000,3.705,0.167,3.538,49,REV,RUN,0.026,0.091,0.039,0.752,0.335,0.104,3.204,50,0.818,533,2.605,22.7
OK
DATA,MOTOR_BREAKIN_V3,000001,72051,510,512,0.051,0.000,3.148,0.251,2.897,38,REV,RUN,0.026,0.074,0.091,0.891,0.335,0.104,3.204,50,0.818,533,2.605,22.7
OK
DATA,MOTOR_BREAKIN_V3,000001,72151,510,512,0.051,0.000,3.092,0.306,2.786,40,REV,RUN,0.026,0.072,0.091,1.031,0.335,0.104,3.204,50,0.818,533,2.605,22.7
OK
DATA,MOTOR_BREAKIN_V3,000001,72251,509,511,0.078,0.052,3.232,0.306,2.925,43,REV,RUN,0.065,0.190,0.039,0.557,0.335,0.104,3.204,50,0.818,533,2.605,23.8
DATA,MOTOR_BREAKIN_V3,000001,72351,510,512,0.051,0.000,3.343,0.306,3.037,43,REV,RUN,0.026,0.078,0.039,0.390,0.335,0.104,3.204,50,0.818,533,2.605,22.7
DATA,MOTOR_BREAKIN_V3,000001,72451,511,513,0.000,0.000,3.566,0.111,3.455,43,REV,RUN,0.000,0.000,0.065,0.669,0.335,0.104,3.204,50,0.818,533,2.605,23.0
DATA,MOTOR_BREAKIN_V3,000001,72551,509,512,0.078,0.000,3.343,0.306,3.037,43,REV,RUN,0.039,0.118,0.065,0.696,0.335,0.104,3.204,50,0.818,533,2.605,22.7
DATA,MOTOR_BREAKIN_V3,000001,72651,510,512,0.051,0.000,3.482,0.195,3.287,43,REV,RUN,0.026,0.084,0.065,0.585,0.335,0.104,3.204,50,0.818,533,2.605,22.7
DATA,MOTOR_BREAKIN_V3,000001,72751,510,512,0.051,0.000,3.232,0.334,2.897,43,REV,RUN,0.026,0.074,0.039,0.474,0.335,0.104,3.204,50,0.818,533,2.605,22.5
DATA,MOTOR_BREAKIN_V3,000001,72851,510,512,0.051,0.000,3.371,0.334,3.037,43,REV,RUN,0.026,0.078,0.013,1.198,0.335,0.104,3.204,50,0.818,533,2.605,24.4
DATA,MOTOR_BREAKIN_V3,000001,72951,510,512,0.051,0.000,3.427,0.251,3.176,43,REV,RUN,0.026,0.082,0.026,1.198,0.335,0.104,3.204,50,0.818,533,2.605,22.7
DATA,MOTOR_BREAKIN_V3,000001,73051,509,512,0.078,0.000,3.427,0.195,3.232,43,REV,RUN,0.039,0.126,0.052,0.362,0.335,0.104,3.204,50,0.818,533,2.605,22.7
DATA,MOTOR_BREAKIN_V3,000001,73151,509,512,0.078,0.000,3.371,0.306,3.065,43,REV,RUN,0.039,0.119,0.039,0.390,0.335,0.104,3.204,50,0.818,533,2.605,22.7
DATA,MOTOR_BREAKIN_V3,000001,73251,510,513,0.051,0.000,3.287,0.306,2.981,43,REV,RUN,0.026,0.077,0.039,0.474,0.335,0.104,3.204,50,0.818,533,2.605,22.7
DATA,MOTOR_BREAKIN_V3,000001,73350,509,512,0.078,0.000,3.204,0.306,2.897,43,REV,RUN,0.039,0.113,0.039,0.474,0.335,0.104,3.204,50,0.818,533,2.605,22.7
DATA,MOTOR_BREAKIN_V3,000001,73451,509,512,0.078,0.000,3.315,0.306,3.009,43,REV,RUN,0.039,0.117,0.052,0.808,0.335,0.104,3.204,50,0.818,533,2.605,22.7
DATA,MOTOR_BREAKIN_V3,000001,73551,510,512,0.051,0.000,3.260,0.279,2.981,43,REV,RUN,0.026,0.077,0.052,0.864,0.335,0.104,3.204,50,0.818,533,2.605,22.7
DATA,MOTOR_BREAKIN_V3,000001,73651,509,512,0.078,0.000,3.371,0.306,3.065,43,REV,RUN,0.039,0.119,0.026,0.501,0.335,0.104,3.204,50,0.818,533,2.605,22.7
DATA,MOTOR_BREAKIN_V3,000001,73751,509,512,0.078,0.000,3.399,0.334,3.065,43,REV,RUN,0.039,0.119,0.026,0.501,0.335,0.104,3.204,50,0.818,533,2.605,22.7
DATA,MOTOR_BREAKIN_V3,000001,73851,509,511,0.078,0.052,3.371,0.279,3.092,43,REV,RUN,0.065,0.201,0.039,0.474,0.335,0.104,3.204,50,0.818,533,2.605,23.6
DATA,MOTOR_BREAKIN_V3,000001,73951,509,512,0.078,0.000,3.343,0.334,3.009,43,REV,RUN,0.039,0.117,0.078,1.309,0.335,0.104,3.204,50,0.818,533,2.605,24.0
DATA,MOTOR_BREAKIN_V3,000001,74051,510,512,0.051,0.000,3.315,0.223,3.092,43,REV,RUN,0.026,0.079,0.078,1.309,0.335,0.104,3.204,50,0.818,533,2.605,22.7
DATA,MOTOR_BREAKIN_V3,000001,74151,509,512,0.078,0.000,3.427,0.251,3.176,43,REV,RUN,0.039,0.124,0.013,0.446,0.335,0.104,3.204,50,0.818,533,2.605,22.7
DATA,MOTOR_BREAKIN_V3,000001,74251,509,512,0.078,0.000,3.232,0.362,2.870,43,REV,RUN,0.039,0.112,0.026,0.752,0.335,0.104,3.204,50,0.818,533,2.605,22.6
DATA,MOTOR_BREAKIN_V3,000001,74351,509,512,0.078,0.000,3.204,0.306,2.897,43,REV,RUN,0.039,0.113,0.039,0.669,0.335,0.104,3.204,50,0.818,533,2.605,22.7
DATA,MOTOR_BREAKIN_V3,000001,74451,509,512,0.078,0.000,3.260,0.251,3.009,43,REV,RUN,0.039,0.117,0.039,0.223,0.335,0.104,3.204,50,0.818,533,2.605,22.7
DATA,MOTOR_BREAKIN_V3,000001,74551,510,513,0.051,0.000,3.343,0.279,3.065,43,REV,RUN,0.026,0.079,0.039,0.446,0.335,0.104,3.204,50,0.818,533,2.605,22.7
DATA,MOTOR_BREAKIN_V3,000001,74651,510,511,0.051,0.052,3.482,0.195,3.287,43,REV,RUN,0.052,0.170,0.039,0.529,0.335,0.104,3.204,50,0.818,533,2.605,22.7
DATA,MOTOR_BREAKIN_V3,000001,74751,509,512,0.078,0.000,3.204,0.334,2.870,43,REV,RUN,0.039,0.112,0.039,0.501,0.335,0.104,3.204,50,0.818,533,2.605,22.7
DATA,MOTOR_BREAKIN_V3,000001,74851,509,513,0.078,0.000,3.371,0.279,3.092,43,REV,RUN,0.039,0.120,0.065,0.529,0.335,0.104,3.204,50,0.818,533,2.605,22.7
DATA,MOTOR_BREAKIN_V3,000001,74951,509,512,0.078,0.000,3.260,0.501,2.758,43,REV,RUN,0.039,0.107,0.065,0.696,0.335,0.104,3.204,50,0.818,533,2.605,22.7
DATA,MOTOR_BREAKIN_V3,000001,75051,509,512,0.078,0.000,3.371,0.279,3.092,43,REV,RUN,0.039,0.120,0.066,0.696,0.335,0.104,3.204,50,0.818,533,2.605,22.7
DATA,MOTOR_BREAKIN_V3,000001,75151,509,511,0.078,0.052,3.343,0.279,3.065,43,REV,RUN,0.065,0.199,0.066,0.696,0.335,0.104,3.204,50,0.818,533,2.605,23.6
DATA,MOTOR_BREAKIN_V3,000001,75251,509,512,0.078,0.000,3.176,0.390,2.786,43,REV,RUN,0.039,0.108,0.039,0.975,0.335,0.104,3.204,50,0.818,533,2.605,22.0
DATA,MOTOR_BREAKIN_V3,000001,75351,509,513,0.078,0.000,3.399,0.223,3.176,43,REV,RUN,0.039,0.124,0.065,0.696,0.335,0.104,3.204,50,0.818,533,2.605,23.9
DATA,MOTOR_BREAKIN_V3,000001,75451,509,512,0.078,0.000,3.287,0.390,2.897,43,REV,RUN,0.039,0.113,0.065,0.613,0.335,0.104,3.204,50,0.818,533,2.605,22.7
DATA,MOTOR_BREAKIN_V3,000001,75551,510,513,0.051,0.000,3.538,0.000,3.538,43,REV,RUN,0.026,0.091,0.039,0.641,0.335,0.104,3.204,50,0.818,533,2.605,22.7
DATA,MOTOR_BREAKIN_V3,000001,75651,509,512,0.078,0.000,3.315,0.223,3.092,43,REV,RUN,0.039,0.120,0.039,0.641,0.335,0.104,3.204,50,0.818,533,2.605,22.7
DATA,MOTOR_BREAKIN_V3,000001,75751,510,511,0.051,0.052,3.260,0.334,2.925,43,REV,RUN,0.052,0.151,0.052,0.641,0.335,0.104,3.204,50,0.818,533,2.605,22.7
DATA,MOTOR_BREAKIN_V3,000001,75851,510,512,0.051,0.000,3.650,0.139,3.510,43,REV,RUN,0.026,0.090,0.065,0.696,0.335,0.104,3.204,50,0.818,533,2.605,22.7
DATA,MOTOR_BREAKIN_V3,000001,75951,510,512,0.051,0.000,3.510,0.139,3.371,43,REV,RUN,0.026,0.087,0.039,0.696,0.335,0.104,3.204,50,0.818,533,2.605,22.7
DATA,MOTOR_BREAKIN_V3,000001,76051,509,512,0.078,0.000,3.287,0.251,3.037,43,REV,RUN,0.039,0.118,0.039,0.613,0.335,0.104,3.204,50,0.818,533,2.605,22.8
DATA,MOTOR_BREAKIN_V3,000001,76151,510,511,0.051,0.052,3.176,0.362,2.814,43,REV,RUN,0.052,0.145,0.039,0.641,0.335,0.104,3.204,50,0.818,533,2.605,22.7
DATA,MOTOR_BREAKIN_V3,000001,76251,510,512,0.051,0.000,3.287,0.390,2.897,43,REV,RUN,0.026,0.074,0.052,0.641,0.335,0.104,3.204,50,0.818,533,2.605,22.7
DATA,MOTOR_BREAKIN_V3,000001,76351,509,511,0.078,0.052,3.204,0.279,2.925,43,REV,RUN,0.065,0.190,0.052,0.306,0.335,0.104,3.204,50,0.818,533,2.605,22.7
DATA,MOTOR_BREAKIN_V3,000001,76451,509,512,0.078,0.000,3.287,0.306,2.981,43,REV,RUN,0.039,0.116,0.039,0.362,0.335,0.104,3.204,50,0.818,533,2.605,22.7
DATA,MOTOR_BREAKIN_V3,000001,76550,509,513,0.078,0.000,3.287,0.223,3.065,43,REV,RUN,0.039,0.119,0.065,0.529,0.335,0.104,3.204,50,0.818,533,2.605,22.7
DATA,MOTOR_BREAKIN_V3,000001,76651,510,512,0.051,0.000,3.232,0.334,2.897,43,REV,RUN,0.026,0.074,0.065,0.474,0.335,0.104,3.204,50,0.818,533,2.605,22.7
DATA,MOTOR_BREAKIN_V3,000001,76751,509,511,0.078,0.052,3.343,0.279,3.065,43,REV,RUN,0.065,0.199,0.039,0.251,0.335,0.104,3.204,50,0.818,533,2.605,22.0
DATA,MOTOR_BREAKIN_V3,000001,76851,509,512,0.078,0.000,3.204,0.306,2.897,43,REV,RUN,0.039,0.113,0.039,0.501,0.335,0.104,3.204,50,0.818,533,2.605,22.7
DATA,MOTOR_BREAKIN_V3,000001,76951,510,513,0.051,0.000,3.566,0.028,3.538,43,REV,RUN,0.026,0.091,0.013,0.641,0.335,0.104,3.204,50,0.818,533,2.605,22.7
DATA,MOTOR_BREAKIN_V3,000001,77051,510,512,0.051,0.000,3.287,0.279,3.009,43,REV,RUN,0.026,0.077,0.026,0.613,0.335,0.104,3.204,50,0.818,533,2.605,22.7
DATA,MOTOR_BREAKIN_V3,000001,77151,509,513,0.078,0.000,3.287,0.334,2.953,43,REV,RUN,0.039,0.115,0.026,0.474,0.335,0.104,3.204,50,0.818,533,2.605,22.7
DATA,MOTOR_BREAKIN_V3,000001,77251,509,511,0.078,0.052,3.260,0.362,2.897,43,REV,RUN,0.065,0.188,0.039,0.390,0.335,0.104,3.204,50,0.818,533,2.605,22.8
DATA,MOTOR_BREAKIN_V3,000001,77351,509,512,0.078,0.000,3.204,0.334,2.870,43,REV,RUN,0.039,0.112,0.039,0.390,0.335,0.104,3.204,50,0.818,533,2.605,24.2
DATA,MOTOR_BREAKIN_V3,000001,77451,509,511,0.078,0.052,3.343,0.279,3.065,43,REV,RUN,0.065,0.199,0.052,0.724,0.335,0.104,3.204,50,0.818,533,2.605,22.7
DATA,MOTOR_BREAKIN_V3,000001,77551,509,511,0.078,0.052,3.343,0.251,3.092,43,REV,RUN,0.065,0.201,0.052,0.947,0.335,0.104,3.204,50,0.818,533,2.605,22.7
DATA,MOTOR_BREAKIN_V3,000001,77651,511,513,0.000,0.000,3.538,0.084,3.455,43,REV,RUN,0.000,0.000,0.078,0.501,0.335,0.104,3.204,50,0.818,533,2.605,22.7
DATA,MOTOR_BREAKIN_V3,000001,77751,509,512,0.078,0.000,3.287,0.418,2.870,43,REV,RUN,0.039,0.112,0.052,0.585,0.335,0.104,3.204,50,0.818,533,2.605,22.7
DATA,MOTOR_BREAKIN_V3,000001,77851,509,512,0.078,0.000,3.260,0.279,2.981,43,REV,RUN,0.039,0.116,0.039,0.334,0.335,0.104,3.204,50,0.818,533,2.605,22.7
DATA,MOTOR_BREAKIN_V3,000001,77951,510,513,0.051,0.000,3.260,0.334,2.925,43,REV,RUN,0.026,0.075,0.065,0.501,0.335,0.104,3.204,50,0.818,533,2.605,22.7
DATA,MOTOR_BREAKIN_V3,000001,78051,510,512,0.051,0.000,3.260,0.306,2.953,43,REV,RUN,0.026,0.076,0.065,0.446,0.335,0.104,3.204,50,0.818,533,2.605,22.7
DATA,MOTOR_BREAKIN_V3,000001,78151,510,513,0.051,0.000,3.427,0.195,3.232,43,REV,RUN,0.026,0.083,0.039,0.390,0.335,0.104,3.204,50,0.818,533,2.605,22.7
DATA,MOTOR_BREAKIN_V3,000001,78251,509,512,0.078,0.000,3.148,0.362,2.786,43,REV,RUN,0.039,0.108,0.039,0.446,0.335,0.104,3.204,50,0.818,533,2.605,22.2
DATA,MOTOR_BREAKIN_V3,000001,78351,509,512,0.078,0.000,3.148,0.334,2.814,43,REV,RUN,0.039,0.109,0.039,0.613,0.335,0.104,3.204,50,0.818,533,2.605,22.7
DATA,MOTOR_BREAKIN_V3,000001,78451,509,511,0.078,0.052,3.148,0.362,2.786,43,REV,RUN,0.065,0.181,0.039,0.724,0.335,0.104,3.204,50,0.818,533,2.605,22.7
DATA,MOTOR_BREAKIN_V3,000001,78551,509,512,0.078,0.000,3.287,0.362,2.925,43,REV,RUN,0.039,0.114,0.039,0.418,0.335,0.104,3.204,50,0.818,533,2.605,22.7
DATA,MOTOR_BREAKIN_V3,000001,78651,510,512,0.051,0.000,3.176,0.362,2.814,43,REV,RUN,0.026,0.072,0.026,0.446,0.335,0.104,3.204,50,0.818,533,2.605,22.7
DATA,MOTOR_BREAKIN_V3,000001,78751,510,513,0.051,0.000,3.427,0.223,3.204,43,REV,RUN,0.026,0.082,0.026,0.446,0.335,0.104,3.204,50,0.818,532,2.600,22.7
DATA,MOTOR_BREAKIN_V3,000001,78851,509,512,0.078,0.000,3.260,0.334,2.925,43,REV,RUN,0.039,0.114,0.039,0.501,0.335,0.104,3.204,50,0.818,533,2.605,22.3
DATA,MOTOR_BREAKIN_V3,000001,78951,509,512,0.078,0.000,3.260,0.334,2.925,43,REV,RUN,0.039,0.114,0.039,0.669,0.335,0.104,3.204,50,0.818,533,2.605,22.7
DATA,MOTOR_BREAKIN_V3,000001,79051,510,512,0.051,0.000,3.594,0.000,3.594,43,REV,RUN,0.026,0.092,0.039,0.975,0.335,0.104,3.204,50,0.818,533,2.605,22.7
DATA,MOTOR_BREAKIN_V3,000001,79151,509,511,0.078,0.052,3.371,0.306,3.065,43,REV,RUN,0.065,0.199,0.039,0.836,0.335,0.104,3.204,50,0.818,533,2.605,22.7
DATA,MOTOR_BREAKIN_V3,000001,79251,508,511,0.104,0.052,3.260,0.362,2.897,43,REV,RUN,0.078,0.226,0.052,0.334,0.335,0.104,3.204,50,0.818,533,2.605,22.7
DATA,MOTOR_BREAKIN_V3,000001,79351,509,513,0.078,0.000,3.482,0.111,3.371,43,REV,RUN,0.039,0.131,0.052,0.613,0.335,0.104,3.204,50,0.818,533,2.605,22.7
DATA,MOTOR_BREAKIN_V3,000001,79451,509,511,0.078,0.052,3.287,0.251,3.037,43,REV,RUN,0.065,0.197,0.039,0.836,0.335,0.104,3.204,50,0.818,533,2.605,22.8
DATA,MOTOR_BREAKIN_V3,000001,79551,509,512,0.078,0.000,3.260,0.167,3.092,43,REV,RUN,0.039,0.120,0.039,0.836,0.335,0.104,3.204,50,0.818,533,2.605,22.7
DATA,MOTOR_BREAKIN_V3,000001,79651,510,512,0.051,0.000,3.148,0.362,2.786,43,REV,RUN,0.026,0.072,0.065,0.585,0.335,0.104,3.204,50,0.818,533,2.605,22.7
DATA,MOTOR_BREAKIN_V3,000001,79750,509,512,0.078,0.000,3.204,0.390,2.814,43,REV,RUN,0.039,0.109,0.065,0.501,0.335,0.104,3.204,50,0.818,533,2.605,22.7
DATA,MOTOR_BREAKIN_V3,000001,79851,510,512,0.051,0.000,3.399,0.223,3.176,43,REV,RUN,0.026,0.082,0.039,0.808,0.335,0.104,3.204,50,0.818,533,2.605,23.1
DATA,MOTOR_BREAKIN_V3,000001,79951,509,511,0.078,0.052,3.232,0.223,3.009,43,REV,RUN,0.065,0.195,0.039,0.864,0.335,0.104,3.204,50,0.818,533,2.605,22.7
DATA,MOTOR_BREAKIN_V3,000001,80051,509,513,0.078,0.000,3.260,0.306,2.953,43,REV,RUN,0.039,0.115,0.039,0.724,0.335,0.104,3.204,50,0.818,533,2.605,22.7
DATA,MOTOR_BREAKIN_V3,000001,80151,510,512,0.051,0.000,3.260,0.390,2.870,43,REV,RUN,0.026,0.074,0.026,0.501,0.335,0.104,3.204,50,0.818,533,2.605,22.7
DATA,MOTOR_BREAKIN_V3,000001,80251,510,512,0.051,0.000,3.176,0.362,2.814,43,REV,RUN,0.026,0.072,0.026,0.613,0.335,0.104,3.204,50,0.818,533,2.605,22.7
DATA,MOTOR_BREAKIN_V3,000001,80351,509,511,0.078,0.052,3.148,0.975,2.173,43,REV,RUN,0.065,0.141,0.066,1.337,0.335,0.104,3.204,50,0.818,533,2.605,24.3
DATA,MOTOR_BREAKIN_V3,000001,80451,509,512,0.078,0.000,3.232,0.251,2.981,43,REV,RUN,0.039,0.116,0.066,1.337,0.335,0.104,3.204,50,0.818,533,2.605,22.7
DATA,MOTOR_BREAKIN_V3,000001,80551,510,512,0.051,0.000,3.120,0.390,2.730,43,REV,RUN,0.026,0.070,0.052,0.808,0.335,0.104,3.204,50,0.818,533,2.605,22.0
DATA,MOTOR_BREAKIN_V3,000001,80651,510,513,0.051,0.000,3.399,0.195,3.204,43,REV,RUN,0.026,0.082,0.052,0.864,0.335,0.104,3.204,50,0.818,533,2.605,22.7
DATA,MOTOR_BREAKIN_V3,000001,80751,510,513,0.051,0.000,3.287,0.279,3.009,43,REV,RUN,0.026,0.077,0.065,0.891,0.335,0.104,3.204,50,0.818,533,2.605,23.2
DATA,MOTOR_BREAKIN_V3,000001,80851,510,512,0.051,0.000,3.176,0.362,2.814,43,REV,RUN,0.026,0.072,0.065,0.975,0.335,0.104,3.204,50,0.818,533,2.605,22.7
DATA,MOTOR_BREAKIN_V3,000001,80951,508,512,0.104,0.000,3.176,0.390,2.786,43,REV,RUN,0.052,0.145,0.026,0.919,0.335,0.104,3.204,50,0.818,533,2.605,22.0
DATA,MOTOR_BREAKIN_V3,000001,81051,508,512,0.104,0.000,3.343,0.251,3.092,43,REV,RUN,0.052,0.161,0.039,0.919,0.335,0.104,3.204,50,0.818,533,2.605,22.7
DATA,MOTOR_BREAKIN_V3,000001,81151,510,511,0.051,0.052,3.566,0.028,3.538,43,REV,RUN,0.052,0.183,0.039,0.919,0.335,0.104,3.204,50,0.818,533,2.605,22.7
DATA,MOTOR_BREAKIN_V3,000001,81251,509,512,0.078,0.000,3.371,0.418,2.953,43,REV,RUN,0.039,0.115,0.039,0.808,0.335,0.104,3.204,50,0.818,533,2.605,22.7
DATA,MOTOR_BREAKIN_V3,000001,81351,509,512,0.078,0.000,3.315,0.501,2.814,43,REV,RUN,0.039,0.109,0.039,0.696,0.335,0.104,3.204,50,0.818,533,2.605,22.7
DATA,MOTOR_BREAKIN_V3,000001,81451,509,511,0.078,0.052,3.176,0.947,2.229,43,REV,RUN,0.065,0.145,0.039,1.421,0.335,0.104,3.204,50,0.818,533,2.605,22.7
DATA,MOTOR_BREAKIN_V3,000001,81551,509,512,0.078,0.000,3.287,0.446,2.842,43,REV,RUN,0.039,0.111,0.039,1.421,0.335,0.104,3.204,50,0.818,533,2.605,22.7
DATA,MOTOR_BREAKIN_V3,000001,81651,509,512,0.078,0.000,3.148,0.306,2.842,43,REV,RUN,0.039,0.111,0.026,0.836,0.335,0.104,3.204,50,0.818,533,2.605,22.7
DATA,MOTOR_BREAKIN_V3,000001,81751,509,512,0.078,0.000,3.260,0.223,3.037,43,REV,RUN,0.039,0.118,0.026,0.306,0.335,0.104,3.204,50,0.818,533,2.605,22.7
DATA,MOTOR_BREAKIN_V3,000001,81851,508,512,0.104,0.000,3.399,0.223,3.176,43,REV,RUN,0.052,0.166,0.039,0.891,0.335,0.104,3.204,50,0.818,533,2.605,22.7
DATA,MOTOR_BREAKIN_V3,000001,81951,510,511,0.051,0.052,3.315,0.306,3.009,43,REV,RUN,0.052,0.155,0.039,0.891,0.335,0.104,3.204,50,0.818,533,2.605,22.7
DATA,MOTOR_BREAKIN_V3,000001,82051,509,512,0.078,0.000,3.176,0.251,2.925,43,REV,RUN,0.039,0.114,0.039,0.975,0.335,0.104,3.204,50,0.818,533,2.605,22.7
DATA,MOTOR_BREAKIN_V3,000001,82151,509,511,0.078,0.052,3.315,0.306,3.009,43,REV,RUN,0.065,0.195,0.039,0.808,0.335,0.104,3.204,50,0.818,533,2.605,22.7
DATA,MOTOR_BREAKIN_V3,000001,82251,509,513,0.078,0.000,3.232,0.251,2.981,43,REV,RUN,0.039,0.116,0.039,0.334,0.335,0.104,3.204,50,0.818,533,2.605,22.7
DATA,MOTOR_BREAKIN_V3,000001,82351,509,512,0.078,0.000,3.260,0.223,3.037,43,REV,RUN,0.039,0.118,0.052,0.446,0.335,0.104,3.204,50,0.818,533,2.605,22.7
DATA,MOTOR_BREAKIN_V3,000001,82451,508,512,0.104,0.000,3.287,0.195,3.092,43,REV,RUN,0.052,0.161,0.052,0.557,0.335,0.104,3.204,50,0.818,533,2.605,22.7
DATA,MOTOR_BREAKIN_V3,000001,82551,509,513,0.078,0.000,3.287,0.223,3.065,43,REV,RUN,0.039,0.119,0.039,0.613,0.335,0.104,3.204,50,0.818,533,2.605,22.7
DATA,MOTOR_BREAKIN_V3,000001,82651,509,512,0.078,0.000,3.204,0.223,2.981,43,REV,RUN,0.039,0.116,0.039,0.585,0.335,0.104,3.204,50,0.818,533,2.605,22.7
DATA,MOTOR_BREAKIN_V3,000001,82751,509,511,0.078,0.052,3.204,0.223,2.981,43,REV,RUN,0.065,0.193,0.052,0.585,0.335,0.104,3.204,50,0.818,533,2.605,22.7
DATA,MOTOR_BREAKIN_V3,000001,82851,509,511,0.078,0.052,3.232,0.223,3.009,43,REV,RUN,0.065,0.195,0.052,0.613,0.335,0.104,3.204,50,0.818,533,2.605,22.7
DATA,MOTOR_BREAKIN_V3,000001,82950,509,511,0.078,0.052,3.232,0.418,2.814,43,REV,RUN,0.065,0.183,0.039,0.696,0.335,0.104,3.204,50,0.818,533,2.605,22.7
DATA,MOTOR_BREAKIN_V3,000001,83051,509,511,0.078,0.052,3.260,0.334,2.925,43,REV,RUN,0.065,0.190,0.039,0.306,0.335,0.104,3.204,50,0.818,533,2.605,22.1
DATA,MOTOR_BREAKIN_V3,000001,83151,509,512,0.078,0.000,3.232,0.279,2.953,43,REV,RUN,0.039,0.115,0.026,0.334,0.335,0.104,3.204,50,0.818,533,2.605,22.7
DATA,MOTOR_BREAKIN_V3,000001,83251,509,511,0.078,0.052,3.232,0.251,2.981,43,REV,RUN,0.065,0.193,0.026,0.334,0.335,0.104,3.204,50,0.818,533,2.605,23.2
DATA,MOTOR_BREAKIN_V3,000001,83351,510,511,0.051,0.052,3.204,0.613,2.591,43,REV,RUN,0.052,0.134,0.039,0.446,0.335,0.104,3.204,50,0.818,533,2.605,22.7
DATA,MOTOR_BREAKIN_V3,000001,83451,510,512,0.051,0.000,3.232,0.251,2.981,43,REV,RUN,0.026,0.077,0.039,0.529,0.335,0.104,3.204,50,0.818,533,2.605,22.8
DATA,MOTOR_BREAKIN_V3,000001,83551,509,512,0.078,0.000,3.204,0.251,2.953,43,REV,RUN,0.039,0.115,0.039,0.529,0.335,0.104,3.204,50,0.818,533,2.605,22.7
DATA,MOTOR_BREAKIN_V3,000001,83651,509,512,0.078,0.000,3.260,0.223,3.037,43,REV,RUN,0.039,0.118,0.039,0.362,0.335,0.104,3.204,50,0.818,533,2.605,22.7
DATA,MOTOR_BREAKIN_V3,000001,83751,509,512,0.078,0.000,3.204,0.251,2.953,43,REV,RUN,0.039,0.115,0.039,0.474,0.335,0.104,3.204,50,0.818,533,2.605,22.6
DATA,MOTOR_BREAKIN_V3,000001,83851,509,512,0.078,0.000,3.204,0.669,2.535,43,REV,RUN,0.039,0.099,0.039,0.585,0.335,0.104,3.204,50,0.818,533,2.605,24.2
DATA,MOTOR_BREAKIN_V3,000001,83951,508,512,0.104,0.000,3.204,0.362,2.842,43,REV,RUN,0.052,0.148,0.052,0.446,0.335,0.104,3.204,50,0.818,533,2.605,22.7
DATA,MOTOR_BREAKIN_V3,000001,84051,509,512,0.078,0.000,3.260,0.446,2.814,43,REV,RUN,0.039,0.109,0.052,0.418,0.335,0.104,3.204,50,0.818,533,2.605,22.7
DATA,MOTOR_BREAKIN_V3,000001,84151,509,512,0.078,0.000,3.260,0.529,2.730,43,REV,RUN,0.039,0.106,0.039,0.474,0.335,0.104,3.204,50,0.818,533,2.605,22.1
DATA,MOTOR_BREAKIN_V3,000001,84251,508,512,0.104,0.000,3.176,0.529,2.647,43,REV,RUN,0.052,0.138,0.026,0.557,0.335,0.104,3.204,50,0.818,533,2.605,22.7
DATA,MOTOR_BREAKIN_V3,000001,84351,509,512,0.078,0.000,3.176,0.808,2.368,43,REV,RUN,0.039,0.092,0.026,0.613,0.335,0.104,3.204,50,0.818,533,2.605,22.7
DATA,MOTOR_BREAKIN_V3,000001,84451,509,512,0.078,0.000,3.232,0.613,2.619,43,REV,RUN,0.039,0.102,0.026,0.669,0.335,0.104,3.204,50,0.818,533,2.605,23.0
DATA,MOTOR_BREAKIN_V3,000001,84551,509,512,0.078,0.000,3.204,0.557,2.647,43,REV,RUN,0.039,0.103,0.039,0.696,0.335,0.104,3.204,50,0.818,533,2.605,22.7
DATA,MOTOR_BREAKIN_V3,000001,84651,509,511,0.078,0.052,3.232,0.418,2.814,43,REV,RUN,0.065,0.183,0.052,0.446,0.335,0.104,3.204,50,0.818,533,2.605,22.7
DATA,MOTOR_BREAKIN_V3,000001,84751,509,512,0.078,0.000,3.204,0.418,2.786,43,REV,RUN,0.039,0.108,0.039,0.446,0.335,0.104,3.204,50,0.818,533,2.605,22.7
DATA,MOTOR_BREAKIN_V3,000001,84851,509,512,0.078,0.000,3.232,0.362,2.870,43,REV,RUN,0.039,0.112,0.026,0.362,0.335,0.104,3.204,50,0.818,533,2.605,22.7
DATA,MOTOR_BREAKIN_V3,000001,84951,510,512,0.051,0.000,3.287,0.446,2.842,43,REV,RUN,0.026,0.073,0.039,0.613,0.335,0.104,3.204,50,0.818,533,2.605,22.7
DATA,MOTOR_BREAKIN_V3,000001,85051,509,511,0.078,0.052,3.232,0.306,2.925,43,REV,RUN,0.065,0.190,0.078,0.557,0.335,0.104,3.204,50,0.818,533,2.605,22.7
DATA,MOTOR_BREAKIN_V3,000001,85151,508,511,0.104,0.052,3.287,0.279,3.009,43,REV,RUN,0.078,0.235,0.078,0.306,0.335,0.104,3.204,50,0.818,533,2.605,22.7
DATA,MOTOR_BREAKIN_V3,000001,85251,509,512,0.078,0.000,3.287,0.167,3.120,43,REV,RUN,0.039,0.121,0.039,0.529,0.335,0.104,3.204,50,0.818,533,2.605,22.7
DATA,MOTOR_BREAKIN_V3,000001,85351,508,511,0.104,0.052,3.260,0.390,2.870,43,REV,RUN,0.078,0.224,0.052,0.474,0.335,0.104,3.204,50,0.818,533,2.605,22.7
DATA,MOTOR_BREAKIN_V3,000001,85451,508,511,0.104,0.052,3.287,0.251,3.037,43,REV,RUN,0.078,0.237,0.052,0.474,0.335,0.104,3.204,50,0.818,533,2.605,22.6
DATA,MOTOR_BREAKIN_V3,000001,85551,510,512,0.051,0.000,3.176,0.334,2.842,43,REV,RUN,0.026,0.073,0.078,0.223,0.335,0.104,3.204,50,0.818,533,2.605,22.7
DATA,MOTOR_BREAKIN_V3,000001,85651,509,512,0.078,0.000,3.232,0.306,2.925,43,REV,RUN,0.039,0.114,0.065,0.306,0.335,0.104,3.204,50,0.818,533,2.605,22.7
DATA,MOTOR_BREAKIN_V3,000001,85751,509,511,0.078,0.052,3.232,0.251,2.981,43,REV,RUN,0.065,0.193,0.039,0.362,0.335,0.104,3.204,50,0.818,533,2.605,22.6
DATA,MOTOR_BREAKIN_V3,000001,85851,509,512,0.078,0.000,3.260,0.641,2.619,43,REV,RUN,0.039,0.102,0.039,0.669,0.335,0.104,3.204,50,0.818,533,2.605,22.7
DATA,MOTOR_BREAKIN_V3,000001,85951,509,511,0.078,0.052,3.287,0.334,2.953,43,REV,RUN,0.065,0.192,0.052,0.669,0.335,0.104,3.204,50,0.818,533,2.605,22.3
DATA,MOTOR_BREAKIN_V3,000001,86051,510,511,0.051,0.052,3.232,0.390,2.842,43,REV,RUN,0.052,0.147,0.052,0.446,0.335,0.104,3.204,50,0.818,533,2.605,22.7
DATA,MOTOR_BREAKIN_V3,000001,86150,510,512,0.051,0.000,3.204,0.251,2.953,43,REV,RUN,0.026,0.076,0.052,0.446,0.335,0.104,3.204,50,0.818,533,2.605,22.7
DATA,MOTOR_BREAKIN_V3,000001,86251,509,511,0.078,0.052,3.315,0.362,2.953,43,REV,RUN,0.065,0.192,0.052,0.362,0.335,0.104,3.204,50,0.818,533,2.605,22.7
DATA,MOTOR_BREAKIN_V3,000001,86351,509,511,0.078,0.052,3.287,0.279,3.009,43,REV,RUN,0.065,0.195,0.052,0.306,0.335,0.104,3.204,50,0.818,533,2.605,22.7
DATA,MOTOR_BREAKIN_V3,000001,86451,509,511,0.078,0.052,3.232,0.223,3.009,43,REV,RUN,0.065,0.195,0.052,0.279,0.335,0.104,3.204,50,0.818,533,2.605,22.8
DATA,MOTOR_BREAKIN_V3,000001,86551,509,512,0.078,0.000,3.176,0.306,2.870,43,REV,RUN,0.039,0.112,0.052,0.195,0.335,0.104,3.204,50,0.818,533,2.605,24.1
DATA,MOTOR_BREAKIN_V3,000001,86651,509,510,0.078,0.078,3.232,0.279,2.953,43,REV,RUN,0.078,0.231,0.052,0.418,0.335,0.104,3.204,50,0.818,533,2.605,22.7
DATA,MOTOR_BREAKIN_V3,000001,86751,509,512,0.078,0.000,3.204,0.474,2.730,43,REV,RUN,0.039,0.106,0.052,0.501,0.335,0.104,3.204,50,0.818,533,2.605,22.7
DATA,MOTOR_BREAKIN_V3,000001,86851,509,512,0.078,0.000,3.315,0.334,2.981,43,REV,RUN,0.039,0.116,0.039,0.306,0.335,0.104,3.204,50,0.818,533,2.605,23.4
DATA,MOTOR_BREAKIN_V3,000001,86951,509,512,0.078,0.000,3.260,0.223,3.037,43,REV,RUN,0.039,0.118,0.039,0.306,0.335,0.104,3.204,50,0.818,533,2.605,22.4
DATA,MOTOR_BREAKIN_V3,000001,87051,509,511,0.078,0.052,3.204,0.362,2.842,43,REV,RUN,0.065,0.184,0.039,0.306,0.335,0.104,3.204,50,0.818,533,2.605,22.0
DATA,MOTOR_BREAKIN_V3,000001,87151,509,512,0.078,0.000,3.204,0.223,2.981,43,REV,RUN,0.039,0.116,0.026,0.223,0.335,0.104,3.204,50,0.818,533,2.605,22.7
DATA,MOTOR_BREAKIN_V3,000001,87251,509,512,0.078,0.000,3.204,0.251,2.953,43,REV,RUN,0.039,0.115,0.052,0.334,0.335,0.104,3.204,50,0.818,533,2.605,22.7
DATA,MOTOR_BREAKIN_V3,000001,87351,509,511,0.078,0.052,3.176,0.279,2.897,43,REV,RUN,0.065,0.188,0.052,0.334,0.335,0.104,3.204,50,0.818,533,2.605,22.7
DATA,MOTOR_BREAKIN_V3,000001,87451,509,512,0.078,0.000,3.232,0.251,2.981,43,REV,RUN,0.039,0.116,0.039,0.306,0.335,0.104,3.204,50,0.818,533,2.605,22.7
DATA,MOTOR_BREAKIN_V3,000001,87551,508,512,0.104,0.000,3.204,0.279,2.925,43,REV,RUN,0.052,0.152,0.039,0.167,0.335,0.104,3.204,50,0.818,533,2.605,22.7
DATA,MOTOR_BREAKIN_V3,000001,87651,509,513,0.078,0.000,3.232,0.279,2.953,43,REV,RUN,0.039,0.115,0.052,0.167,0.335,0.104,3.204,50,0.818,533,2.605,22.7
DATA,MOTOR_BREAKIN_V3,000001,87751,509,510,0.078,0.078,3.232,0.251,2.981,43,REV,RUN,0.078,0.233,0.039,0.167,0.335,0.104,3.204,50,0.818,533,2.605,22.0
DATA,MOTOR_BREAKIN_V3,000001,87851,509,511,0.078,0.052,3.315,0.306,3.009,43,REV,RUN,0.065,0.195,0.039,0.529,0.335,0.104,3.204,50,0.818,533,2.605,22.7
DATA,MOTOR_BREAKIN_V3,000001,87951,509,511,0.078,0.052,3.260,0.195,3.065,43,REV,RUN,0.065,0.199,0.039,0.529,0.335,0.104,3.204,50,0.818,533,2.605,22.7
DATA,MOTOR_BREAKIN_V3,000001,88051,508,512,0.104,0.000,3.399,0.279,3.120,43,REV,RUN,0.052,0.163,0.039,0.279,0.335,0.104,3.204,50,0.818,533,2.605,22.7
DATA,MOTOR_BREAKIN_V3,000001,88151,509,511,0.078,0.052,3.371,0.251,3.120,43,REV,RUN,0.065,0.202,0.039,0.501,0.335,0.104,3.204,50,0.818,533,2.605,22.7
DATA,MOTOR_BREAKIN_V3,000001,88251,510,511,0.051,0.052,3.232,0.251,2.981,43,REV,RUN,0.052,0.154,0.039,0.557,0.335,0.104,3.204,50,0.818,533,2.605,22.7
DATA,MOTOR_BREAKIN_V3,000001,88351,509,512,0.078,0.000,3.315,0.501,2.814,43,REV,RUN,0.039,0.109,0.039,0.362,0.335,0.104,3.204,50,0.818,533,2.605,22.7
DATA,MOTOR_BREAKIN_V3,000001,88451,510,512,0.051,0.000,3.315,0.279,3.037,43,REV,RUN,0.026,0.078,0.039,0.279,0.335,0.104,3.204,50,0.818,533,2.605,22.7
DATA,MOTOR_BREAKIN_V3,000001,88551,509,511,0.078,0.052,3.343,0.251,3.092,43,REV,RUN,0.065,0.201,0.039,0.306,0.335,0.104,3.204,50,0.818,533,2.605,22.2
DATA,MOTOR_BREAKIN_V3,000001,88651,509,513,0.078,0.000,3.232,0.334,2.897,43,REV,RUN,0.039,0.113,0.039,0.418,0.335,0.104,3.204,50,0.818,533,2.605,22.7
DATA,MOTOR_BREAKIN_V3,000001,88751,510,512,0.051,0.000,3.148,0.390,2.758,43,REV,RUN,0.026,0.071,0.026,0.585,0.335,0.104,3.204,50,0.818,533,2.605,22.7
DATA,MOTOR_BREAKIN_V3,000001,88851,509,512,0.078,0.000,3.315,0.279,3.037,43,REV,RUN,0.039,0.118,0.039,0.529,0.335,0.104,3.204,50,0.818,533,2.605,22.7
DATA,MOTOR_BREAKIN_V3,000001,88951,510,511,0.051,0.052,3.176,0.362,2.814,43,REV,RUN,0.052,0.145,0.052,0.306,0.335,0.104,3.204,50,0.818,533,2.605,22.7
DATA,MOTOR_BREAKIN_V3,000001,89051,509,512,0.078,0.000,3.148,0.334,2.814,43,REV,RUN,0.039,0.109,0.052,0.306,0.335,0.104,3.204,50,0.818,533,2.605,22.2
DATA,MOTOR_BREAKIN_V3,000001,89151,509,511,0.078,0.052,3.148,0.306,2.842,43,REV,RUN,0.065,0.184,0.052,0.418,0.335,0.104,3.204,50,0.818,533,2.605,22.7
DATA,MOTOR_BREAKIN_V3,000001,89251,509,511,0.078,0.052,3.148,0.362,2.786,43,REV,RUN,0.065,0.181,0.039,0.446,0.335,0.104,3.204,50,0.818,533,2.605,23.9
DATA,MOTOR_BREAKIN_V3,000001,89350,509,511,0.078,0.052,3.232,0.362,2.870,43,REV,RUN,0.065,0.186,0.039,0.529,0.335,0.104,3.204,50,0.818,533,2.605,22.7
DATA,MOTOR_BREAKIN_V3,000001,89451,509,512,0.078,0.000,3.232,0.279,2.953,43,REV,RUN,0.039,0.115,0.039,0.446,0.335,0.104,3.204,50,0.818,533,2.605,22.7
DATA,MOTOR_BREAKIN_V3,000001,89551,510,512,0.051,0.000,3.260,0.362,2.897,43,REV,RUN,0.026,0.074,0.039,0.279,0.335,0.104,3.204,50,0.818,533,2.605,23.6
DATA,MOTOR_BREAKIN_V3,000001,89651,509,512,0.078,0.000,3.232,0.362,2.870,43,REV,RUN,0.039,0.112,0.039,0.362,0.335,0.104,3.204,50,0.818,533,2.605,22.7
DATA,MOTOR_BREAKIN_V3,000001,89751,509,512,0.078,0.000,3.204,0.362,2.842,43,REV,RUN,0.039,0.111,0.039,0.474,0.335,0.104,3.204,50,0.818,533,2.605,22.3
DATA,MOTOR_BREAKIN_V3,000001,89851,509,513,0.078,0.000,3.176,0.390,2.786,43,REV,RUN,0.039,0.108,0.039,0.279,0.335,0.104,3.204,50,0.818,533,2.605,22.7
DATA,MOTOR_BREAKIN_V3,000001,89951,509,512,0.078,0.000,3.148,0.418,2.730,43,REV,RUN,0.039,0.106,0.039,0.390,0.335,0.104,3.204,50,0.818,533,2.605,22.7
DATA,MOTOR_BREAKIN_V3,000001,90051,509,512,0.078,0.000,3.148,0.418,2.730,43,REV,RUN,0.039,0.106,0.039,0.585,0.335,0.104,3.204,50,0.818,533,2.605,22.7
DATA,MOTOR_BREAKIN_V3,000001,90151,509,511,0.078,0.052,3.148,0.557,2.591,43,REV,RUN,0.065,0.168,0.039,0.696,0.335,0.104,3.204,50,0.818,533,2.605,22.7
DATA,MOTOR_BREAKIN_V3,000001,90251,510,511,0.051,0.052,3.120,0.362,2.758,43,REV,RUN,0.052,0.142,0.052,0.696,0.335,0.104,3.204,50,0.818,533,2.605,22.7
DATA,MOTOR_BREAKIN_V3,000001,90351,509,512,0.078,0.000,3.176,0.446,2.730,43,REV,RUN,0.039,0.106,0.052,0.585,0.335,0.104,3.204,50,0.818,533,2.605,22.7
DATA,MOTOR_BREAKIN_V3,000001,90451,509,511,0.078,0.052,3.204,0.306,2.897,43,REV,RUN,0.065,0.188,0.039,0.501,0.335,0.104,3.204,50,0.818,533,2.605,23.7
DATA,MOTOR_BREAKIN_V3,000001,90551,509,512,0.078,0.000,3.315,0.306,3.009,43,REV,RUN,0.039,0.117,0.039,0.529,0.335,0.104,3.204,50,0.818,533,2.605,23.4
DATA,MOTOR_BREAKIN_V3,000001,90651,509,512,0.078,0.000,3.176,0.334,2.842,43,REV,RUN,0.039,0.111,0.039,0.557,0.335,0.104,3.204,50,0.818,533,2.605,22.7
DATA,MOTOR_BREAKIN_V3,000001,90751,508,512,0.104,0.000,3.232,0.195,3.037,43,REV,RUN,0.052,0.158,0.039,0.557,0.335,0.104,3.204,50,0.818,533,2.605,22.7
DATA,MOTOR_BREAKIN_V3,000001,90851,509,512,0.078,0.000,3.287,0.223,3.065,43,REV,RUN,0.039,0.119,0.052,0.501,0.335,0.104,3.204,50,0.818,533,2.605,22.7
DATA,MOTOR_BREAKIN_V3,000001,90951,509,512,0.078,0.000,3.287,0.195,3.092,43,REV,RUN,0.039,0.120,0.039,0.306,0.335,0.104,3.204,50,0.818,533,2.605,22.7
DATA,MOTOR_BREAKIN_V3,000001,91051,508,511,0.104,0.052,3.232,0.223,3.009,43,REV,RUN,0.078,0.235,0.052,0.529,0.335,0.104,3.204,50,0.818,533,2.605,22.6
DATA,MOTOR_BREAKIN_V3,000001,91151,509,511,0.078,0.052,3.204,0.362,2.842,43,REV,RUN,0.065,0.184,0.039,0.780,0.335,0.104,3.204,50,0.818,533,2.605,22.3
DATA,MOTOR_BREAKIN_V3,000001,91251,510,511,0.051,0.052,3.232,0.641,2.591,43,REV,RUN,0.052,0.134,0.052,0.752,0.335,0.104,3.204,50,0.818,533,2.605,22.3
DATA,MOTOR_BREAKIN_V3,000001,91351,509,512,0.078,0.000,3.204,0.474,2.730,43,REV,RUN,0.039,0.106,0.052,0.752,0.335,0.104,3.204,50,0.818,533,2.605,22.5
DATA,MOTOR_BREAKIN_V3,000001,91451,509,512,0.078,0.000,3.204,0.279,2.925,43,REV,RUN,0.039,0.114,0.039,0.585,0.335,0.104,3.204,50,0.818,533,2.605,22.7
DATA,MOTOR_BREAKIN_V3,000001,91551,509,512,0.078,0.000,3.176,0.362,2.814,43,REV,RUN,0.039,0.109,0.039,0.418,0.335,0.104,3.204,50,0.818,533,2.605,22.1
DATA,MOTOR_BREAKIN_V3,000001,91651,510,512,0.051,0.000,3.232,0.279,2.953,43,REV,RUN,0.026,0.076,0.052,0.306,0.335,0.104,3.204,50,0.818,533,2.605,22.7
DATA,MOTOR_BREAKIN_V3,000001,91751,510,512,0.051,0.000,3.260,0.306,2.953,43,REV,RUN,0.026,0.076,0.039,0.334,0.335,0.104,3.204,50,0.818,533,2.605,22.7
DATA,MOTOR_BREAKIN_V3,000001,91851,509,512,0.078,0.000,3.204,0.306,2.897,43,REV,RUN,0.039,0.113,0.039,0.279,0.335,0.104,3.204,50,0.818,533,2.605,22.7
DATA,MOTOR_BREAKIN_V3,000001,91951,509,511,0.078,0.052,3.176,0.362,2.814,43,REV,RUN,0.065,0.183,0.039,0.390,0.335,0.104,3.204,50,0.818,533,2.605,22.7
DATA,MOTOR_BREAKIN_V3,000001,92051,509,512,0.078,0.000,3.204,0.251,2.953,43,REV,RUN,0.039,0.115,0.039,0.669,0.335,0.104,3.204,50,0.818,533,2.605,22.7
DATA,MOTOR_BREAKIN_V3,000001,92151,509,511,0.078,0.052,3.343,0.223,3.120,43,REV,RUN,0.065,0.202,0.039,0.669,0.335,0.104,3.204,50,0.818,533,2.605,22.7
DATA,MOTOR_BREAKIN_V3,000001,92251,509,512,0.078,0.000,3.260,0.306,2.953,43,REV,RUN,0.039,0.115,0.039,0.529,0.335,0.104,3.204,50,0.818,533,2.605,22.7
DATA,MOTOR_BREAKIN_V3,000001,92351,509,512,0.078,0.000,3.343,0.306,3.037,43,REV,RUN,0.039,0.118,0.039,0.613,0.335,0.104,3.204,50,0.818,533,2.605,22.7
DATA,MOTOR_BREAKIN_V3,000001,92451,508,510,0.104,0.078,3.260,0.390,2.870,43,REV,RUN,0.091,0.262,0.066,0.390,0.335,0.104,3.204,50,0.818,533,2.605,22.7
DATA,MOTOR_BREAKIN_V3,000001,92550,509,511,0.078,0.052,3.260,0.195,3.065,43,REV,RUN,0.065,0.199,0.066,0.696,0.335,0.104,3.204,50,0.818,533,2.605,22.7
DATA,MOTOR_BREAKIN_V3,000001,92651,508,511,0.104,0.052,3.176,0.362,2.814,43,REV,RUN,0.078,0.220,0.052,0.947,0.335,0.104,3.204,50,0.818,533,2.605,22.7
DATA,MOTOR_BREAKIN_V3,000001,92751,509,512,0.078,0.000,3.148,0.390,2.758,43,REV,RUN,0.039,0.107,0.039,0.641,0.335,0.104,3.204,50,0.818,533,2.605,22.7
DATA,MOTOR_BREAKIN_V3,000001,92851,510,512,0.051,0.000,3.120,0.390,2.730,43,REV,RUN,0.026,0.070,0.052,0.446,0.335,0.104,3.204,50,0.818,533,2.605,22.7
DATA,MOTOR_BREAKIN_V3,000001,92951,508,511,0.104,0.052,3.204,0.362,2.842,43,REV,RUN,0.078,0.222,0.052,0.529,0.335,0.104,3.204,50,0.818,533,2.605,22.7
DATA,MOTOR_BREAKIN_V3,000001,93051,510,513,0.051,0.000,3.510,0.000,3.510,43,REV,RUN,0.026,0.090,0.052,0.780,0.335,0.104,3.204,50,0.818,533,2.605,22.8
DATA,MOTOR_BREAKIN_V3,000001,93151,510,511,0.051,0.052,3.371,0.223,3.148,43,REV,RUN,0.052,0.163,0.052,0.752,0.335,0.104,3.204,50,0.818,533,2.605,24.2
DATA,MOTOR_BREAKIN_V3,000001,93251,508,512,0.104,0.000,3.371,0.251,3.120,43,REV,RUN,0.052,0.163,0.052,0.446,0.335,0.104,3.204,50,0.818,533,2.605,22.7
DATA,MOTOR_BREAKIN_V3,000001,93351,509,512,0.078,0.000,3.148,0.390,2.758,43,REV,RUN,0.039,0.107,0.039,0.446,0.335,0.104,3.204,50,0.818,533,2.605,22.1
DATA,MOTOR_BREAKIN_V3,000001,93451,509,512,0.078,0.000,3.232,0.529,2.702,43,REV,RUN,0.039,0.105,0.039,0.418,0.335,0.104,3.204,50,0.818,533,2.605,22.7
DATA,MOTOR_BREAKIN_V3,000001,93551,509,512,0.078,0.000,3.232,0.334,2.897,43,REV,RUN,0.039,0.113,0.039,0.418,0.335,0.104,3.204,50,0.818,533,2.605,22.8
DATA,MOTOR_BREAKIN_V3,000001,93651,509,512,0.078,0.000,3.287,0.306,2.981,43,REV,RUN,0.039,0.116,0.039,0.362,0.335,0.104,3.204,50,0.818,533,2.605,24.4
DATA,MOTOR_BREAKIN_V3,000001,93751,509,511,0.078,0.052,3.232,0.390,2.842,43,REV,RUN,0.065,0.184,0.026,0.306,0.335,0.104,3.204,50,0.818,533,2.605,22.8
DATA,MOTOR_BREAKIN_V3,000001,93851,510,511,0.051,0.052,3.315,0.279,3.037,43,REV,RUN,0.052,0.157,0.039,0.334,0.335,0.104,3.204,50,0.818,533,2.605,22.7
DATA,MOTOR_BREAKIN_V3,000001,93951,509,511,0.078,0.052,3.204,0.306,2.897,43,REV,RUN,0.065,0.188,0.039,0.418,0.335,0.104,3.204,50,0.818,533,2.605,22.3
DATA,MOTOR_BREAKIN_V3,000001,94051,509,511,0.078,0.052,3.204,0.334,2.870,43,REV,RUN,0.065,0.186,0.039,0.418,0.335,0.104,3.204,50,0.818,533,2.605,22.7
DATA,MOTOR_BREAKIN_V3,000001,94151,509,512,0.078,0.000,3.204,0.306,2.897,43,REV,RUN,0.039,0.113,0.026,0.279,0.335,0.104,3.204,50,0.818,533,2.605,22.7
DATA,MOTOR_BREAKIN_V3,000001,94251,509,511,0.078,0.052,3.176,0.362,2.814,43,REV,RUN,0.065,0.183,0.039,0.279,0.335,0.104,3.204,50,0.818,533,2.605,22.7
DATA,MOTOR_BREAKIN_V3,000001,94351,509,512,0.078,0.000,3.232,0.306,2.925,43,REV,RUN,0.039,0.114,0.039,0.279,0.335,0.104,3.204,50,0.818,533,2.605,22.0
DATA,MOTOR_BREAKIN_V3,000001,94451,509,511,0.078,0.052,3.232,0.418,2.814,43,REV,RUN,0.065,0.183,0.026,0.223,0.335,0.104,3.204,50,0.818,533,2.605,22.7
DATA,MOTOR_BREAKIN_V3,000001,94551,509,511,0.078,0.052,3.287,0.306,2.981,43,REV,RUN,0.065,0.193,0.026,0.167,0.335,0.104,3.204,50,0.818,533,2.605,22.7
DATA,MOTOR_BREAKIN_V3,000001,94651,510,511,0.051,0.052,3.232,0.390,2.842,43,REV,RUN,0.052,0.147,0.039,0.306,0.335,0.104,3.204,50,0.818,533,2.605,22.7
DATA,MOTOR_BREAKIN_V3,000001,94751,509,511,0.078,0.052,3.260,0.613,2.647,43,REV,RUN,0.065,0.172,0.039,0.501,0.335,0.104,3.204,50,0.818,533,2.605,22.7
DATA,MOTOR_BREAKIN_V3,000001,94851,509,512,0.078,0.000,3.287,0.223,3.065,43,REV,RUN,0.039,0.119,0.026,0.418,0.335,0.104,3.204,50,0.818,533,2.605,22.7
DATA,MOTOR_BREAKIN_V3,000001,94951,509,511,0.078,0.052,3.204,0.334,2.870,43,REV,RUN,0.065,0.186,0.039,0.390,0.335,0.104,3.204,50,0.818,533,2.605,22.7
DATA,MOTOR_BREAKIN_V3,000001,95051,510,512,0.051,0.000,3.204,0.362,2.842,43,REV,RUN,0.026,0.073,0.052,0.362,0.335,0.104,3.204,50,0.818,533,2.605,22.7
DATA,MOTOR_BREAKIN_V3,000001,95151,509,512,0.078,0.000,3.232,0.334,2.897,43,REV,RUN,0.039,0.113,0.052,0.306,0.335,0.104,3.204,50,0.818,533,2.605,22.4
DATA,MOTOR_BREAKIN_V3,000001,95251,509,511,0.078,0.052,3.287,0.251,3.037,43,REV,RUN,0.065,0.197,0.039,0.334,0.335,0.104,3.204,50,0.818,533,2.605,22.3
DATA,MOTOR_BREAKIN_V3,000001,95351,509,512,0.078,0.000,3.232,0.334,2.897,43,REV,RUN,0.039,0.113,0.039,0.167,0.335,0.104,3.204,50,0.818,533,2.605,22.7
DATA,MOTOR_BREAKIN_V3,000001,95451,510,512,0.051,0.000,3.287,0.279,3.009,43,REV,RUN,0.026,0.077,0.039,0.279,0.335,0.104,3.204,50,0.818,533,2.605,22.7
DATA,MOTOR_BREAKIN_V3,000001,95551,508,512,0.104,0.000,3.287,0.251,3.037,43,REV,RUN,0.052,0.158,0.039,0.306,0.335,0.104,3.204,50,0.818,533,2.605,22.6
DATA,MOTOR_BREAKIN_V3,000001,95651,509,512,0.078,0.000,3.232,0.279,2.953,43,REV,RUN,0.039,0.115,0.026,0.306,0.335,0.104,3.204,50,0.818,533,2.605,22.4
DATA,MOTOR_BREAKIN_V3,000001,95750,509,512,0.078,0.000,3.204,0.279,2.925,43,REV,RUN,0.039,0.114,0.039,0.195,0.335,0.104,3.204,50,0.818,533,2.605,22.7
DATA,MOTOR_BREAKIN_V3,000001,95851,508,512,0.104,0.000,3.232,0.641,2.591,43,REV,RUN,0.052,0.135,0.039,0.390,0.335,0.104,3.204,50,0.818,533,2.605,23.8
DATA,MOTOR_BREAKIN_V3,000001,95951,510,512,0.051,0.000,3.260,0.418,2.842,43,REV,RUN,0.026,0.073,0.039,0.418,0.335,0.104,3.204,50,0.818,533,2.605,22.7
DATA,MOTOR_BREAKIN_V3,000001,96051,510,512,0.051,0.000,3.232,0.585,2.647,43,REV,RUN,0.026,0.068,0.052,0.446,0.335,0.104,3.204,50,0.818,533,2.605,22.7
DATA,MOTOR_BREAKIN_V3,000001,96151,509,512,0.078,0.000,3.204,0.306,2.897,43,REV,RUN,0.039,0.113,0.052,0.362,0.335,0.104,3.204,50,0.818,533,2.605,22.7
DATA,MOTOR_BREAKIN_V3,000001,96251,509,512,0.078,0.000,3.204,0.279,2.925,43,REV,RUN,0.039,0.114,0.039,0.139,0.335,0.104,3.204,50,0.818,533,2.605,22.8
DATA,MOTOR_BREAKIN_V3,000001,96351,509,510,0.078,0.078,3.232,0.362,2.870,43,REV,RUN,0.078,0.224,0.052,0.167,0.335,0.104,3.204,50,0.818,533,2.605,22.8
DATA,MOTOR_BREAKIN_V3,000001,96451,509,512,0.078,0.000,3.260,0.251,3.009,43,REV,RUN,0.039,0.117,0.039,0.195,0.335,0.104,3.204,50,0.818,533,2.605,22.8
DATA,MOTOR_BREAKIN_V3,000001,96551,509,512,0.078,0.000,3.260,0.279,2.981,43,REV,RUN,0.039,0.116,0.039,0.167,0.335,0.104,3.204,50,0.818,533,2.605,22.8
DATA,MOTOR_BREAKIN_V3,000001,96651,509,512,0.078,0.000,3.287,0.251,3.037,43,REV,RUN,0.039,0.118,0.039,0.223,0.335,0.104,3.204,50,0.818,533,2.605,22.8
DATA,MOTOR_BREAKIN_V3,000001,96751,508,511,0.104,0.052,3.232,0.501,2.730,43,REV,RUN,0.078,0.213,0.052,0.306,0.335,0.104,3.204,50,0.818,533,2.605,24.0
DATA,MOTOR_BREAKIN_V3,000001,96851,509,512,0.078,0.000,3.232,0.251,2.981,43,REV,RUN,0.039,0.116,0.052,0.306,0.335,0.104,3.204,50,0.818,533,2.605,22.7
DATA,MOTOR_BREAKIN_V3,000001,96951,509,512,0.078,0.000,3.343,0.223,3.120,43,REV,RUN,0.039,0.121,0.013,0.334,0.335,0.104,3.204,50,0.818,533,2.605,22.7
DATA,MOTOR_BREAKIN_V3,000001,97051,509,512,0.078,0.000,3.204,0.306,2.897,43,REV,RUN,0.039,0.113,0.039,0.334,0.335,0.104,3.204,50,0.818,533,2.605,22.8
DATA,MOTOR_BREAKIN_V3,000001,97151,509,512,0.078,0.000,3.260,0.306,2.953,43,REV,RUN,0.039,0.115,0.039,0.195,0.335,0.104,3.204,50,0.818,533,2.605,22.8
DATA,MOTOR_BREAKIN_V3,000001,97251,509,511,0.078,0.052,3.260,0.306,2.953,43,REV,RUN,0.065,0.192,0.066,0.195,0.335,0.104,3.204,50,0.818,533,2.605,22.8
DATA,MOTOR_BREAKIN_V3,000001,97351,509,511,0.078,0.052,3.232,0.418,2.814,43,REV,RUN,0.065,0.183,0.066,0.251,0.335,0.104,3.204,50,0.818,533,2.605,22.8
DATA,MOTOR_BREAKIN_V3,000001,97451,509,511,0.078,0.052,3.287,0.362,2.925,43,REV,RUN,0.065,0.190,0.039,0.223,0.335,0.104,3.204,50,0.818,533,2.605,24.2
DATA,MOTOR_BREAKIN_V3,000001,97551,509,512,0.078,0.000,3.260,0.306,2.953,43,REV,RUN,0.039,0.115,0.039,0.167,0.335,0.104,3.204,50,0.818,533,2.605,22.1
DATA,MOTOR_BREAKIN_V3,000001,97651,509,512,0.078,0.000,3.232,0.279,2.953,43,REV,RUN,0.039,0.115,0.052,0.167,0.335,0.104,3.204,50,0.818,533,2.605,22.8
DATA,MOTOR_BREAKIN_V3,000001,97751,510,512,0.051,0.000,3.260,0.195,3.065,43,REV,RUN,0.026,0.079,0.039,0.334,0.335,0.104,3.204,50,0.818,533,2.605,22.8
DATA,MOTOR_BREAKIN_V3,000001,97851,509,511,0.078,0.052,3.260,0.501,2.758,43,REV,RUN,0.065,0.179,0.039,0.334,0.335,0.104,3.204,50,0.818,533,2.605,22.8
DATA,MOTOR_BREAKIN_V3,000001,97951,509,512,0.078,0.000,3.343,0.362,2.981,43,REV,RUN,0.039,0.116,0.039,0.334,0.335,0.104,3.204,50,0.818,533,2.605,22.8
DATA,MOTOR_BREAKIN_V3,000001,98051,508,512,0.104,0.000,3.260,0.279,2.981,43,REV,RUN,0.052,0.155,0.039,0.362,0.335,0.104,3.204,50,0.818,533,2.605,22.8
DATA,MOTOR_BREAKIN_V3,000001,98151,509,512,0.078,0.000,3.260,0.306,2.953,43,REV,RUN,0.039,0.115,0.052,0.223,0.335,0.104,3.204,50,0.818,533,2.605,22.8
DATA,MOTOR_BREAKIN_V3,000001,98251,509,511,0.078,0.052,3.287,0.334,2.953,43,REV,RUN,0.065,0.192,0.039,0.223,0.335,0.104,3.204,50,0.818,533,2.605,22.8
DATA,MOTOR_BREAKIN_V3,000001,98351,509,511,0.078,0.052,3.287,0.251,3.037,43,REV,RUN,0.065,0.197,0.039,0.334,0.335,0.104,3.204,50,0.818,533,2.605,22.8
DATA,MOTOR_BREAKIN_V3,000001,98451,509,512,0.078,0.000,3.148,0.390,2.758,43,REV,RUN,0.039,0.107,0.039,0.334,0.335,0.104,3.204,50,0.818,533,2.605,22.8
DATA,MOTOR_BREAKIN_V3,000001,98551,510,512,0.051,0.000,3.287,0.334,2.953,43,REV,RUN,0.026,0.076,0.026,0.223,0.335,0.104,3.204,50,0.818,533,2.605,22.8
DATA,MOTOR_BREAKIN_V3,000001,98651,509,511,0.078,0.052,3.287,0.390,2.897,43,REV,RUN,0.065,0.188,0.039,0.279,0.335,0.104,3.204,50,0.818,533,2.605,22.8
DATA,MOTOR_BREAKIN_V3,000001,98751,509,513,0.078,0.000,3.204,0.334,2.870,43,REV,RUN,0.039,0.112,0.039,0.334,0.335,0.104,3.204,50,0.818,533,2.605,22.3
DATA,MOTOR_BREAKIN_V3,000001,98851,509,513,0.078,0.000,3.287,0.111,3.176,43,REV,RUN,0.039,0.124,0.039,0.334,0.335,0.104,3.204,50,0.818,533,2.605,22.8
DATA,MOTOR_BREAKIN_V3,000001,98950,510,512,0.051,0.000,3.176,0.390,2.786,43,REV,RUN,0.026,0.072,0.039,0.390,0.335,0.104,3.204,50,0.818,533,2.605,22.1
DATA,MOTOR_BREAKIN_V3,000001,99051,509,511,0.078,0.052,3.204,0.279,2.925,43,REV,RUN,0.065,0.190,0.039,0.446,0.335,0.104,3.204,50,0.818,533,2.605,22.5
DATA,MOTOR_BREAKIN_V3,000001,99151,508,512,0.104,0.000,3.204,0.167,3.037,43,REV,RUN,0.052,0.158,0.039,0.390,0.335,0.104,3.204,50,0.818,533,2.605,22.8
DATA,MOTOR_BREAKIN_V3,000001,99251,510,512,0.051,0.000,3.287,0.056,3.232,43,REV,RUN,0.026,0.083,0.039,0.251,0.335,0.104,3.204,50,0.818,533,2.605,22.8
DATA,MOTOR_BREAKIN_V3,000001,99351,509,512,0.078,0.000,3.204,0.446,2.758,43,REV,RUN,0.039,0.107,0.026,0.474,0.335,0.104,3.204,50,0.818,533,2.605,22.8
DATA,MOTOR_BREAKIN_V3,000001,99451,508,512,0.104,0.000,3.204,0.334,2.870,43,REV,RUN,0.052,0.150,0.039,0.362,0.335,0.104,3.204,50,0.818,533,2.605,22.7
DATA,MOTOR_BREAKIN_V3,000001,99551,509,511,0.078,0.052,3.204,0.418,2.786,43,REV,RUN,0.065,0.181,0.052,0.362,0.335,0.104,3.204,50,0.818,533,2.605,22.8
DATA,MOTOR_BREAKIN_V3,000001,99651,509,512,0.078,0.000,3.287,0.111,3.176,43,REV,RUN,0.039,0.124,0.039,0.390,0.335,0.104,3.204,50,0.818,533,2.605,22.8
DATA,MOTOR_BREAKIN_V3,000001,99751,509,512,0.078,0.000,3.343,0.251,3.092,43,REV,RUN,0.039,0.120,0.026,0.279,0.335,0.104,3.204,50,0.818,533,2.605,22.8
DATA,MOTOR_BREAKIN_V3,000001,99851,509,513,0.078,0.000,3.287,0.056,3.232,43,REV,RUN,0.039,0.126,0.039,0.418,0.335,0.104,3.204,50,0.818,533,2.605,22.8
DATA,MOTOR_BREAKIN_V3,000001,99951,508,512,0.104,0.000,3.287,0.251,3.037,43,REV,RUN,0.052,0.158,0.039,0.418,0.335,0.104,3.204,50,0.818,533,2.605,22.8
DATA,MOTOR_BREAKIN_V3,000001,100051,509,512,0.078,0.000,3.204,0.223,2.981,43,REV,RUN,0.039,0.116,0.039,0.251,0.335,0.104,3.204,50,0.818,533,2.605,22.7
DATA,MOTOR_BREAKIN_V3,000001,100151,508,513,0.104,0.000,3.176,0.279,2.897,43,REV,RUN,0.052,0.151,0.039,0.223,0.335,0.104,3.204,50,0.818,533,2.605,24.3
DATA,MOTOR_BREAKIN_V3,000001,100251,509,512,0.078,0.000,3.204,0.167,3.037,43,REV,RUN,0.039,0.118,0.039,0.195,0.335,0.104,3.204,50,0.818,533,2.605,22.8
DATA,MOTOR_BREAKIN_V3,000001,100351,509,512,0.078,0.000,3.232,0.167,3.065,43,REV,RUN,0.039,0.119,0.039,0.195,0.335,0.104,3.204,50,0.818,533,2.605,22.3
DATA,MOTOR_BREAKIN_V3,000001,100451,509,513,0.078,0.000,3.148,0.251,2.897,43,REV,RUN,0.039,0.113,0.039,0.195,0.335,0.104,3.204,50,0.818,533,2.605,22.4
DATA,MOTOR_BREAKIN_V3,000001,100551,510,512,0.051,0.000,3.232,0.279,2.953,43,REV,RUN,0.026,0.076,0.039,0.334,0.335,0.104,3.204,50,0.818,533,2.605,22.8
DATA,MOTOR_BREAKIN_V3,000001,100651,509,512,0.078,0.000,3.148,0.334,2.814,43,REV,RUN,0.039,0.109,0.039,0.334,0.335,0.104,3.204,50,0.818,533,2.605,22.8
DATA,MOTOR_BREAKIN_V3,000001,100751,510,512,0.051,0.000,3.120,0.362,2.758,43,REV,RUN,0.026,0.071,0.065,0.362,0.335,0.104,3.204,50,0.818,533,2.605,22.8
DATA,MOTOR_BREAKIN_V3,000001,100851,508,512,0.104,0.000,3.204,0.474,2.730,43,REV,RUN,0.052,0.142,0.039,0.474,0.335,0.104,3.204,50,0.818,533,2.605,22.1
DATA,MOTOR_BREAKIN_V3,000001,100951,509,512,0.078,0.000,3.176,0.306,2.870,43,REV,RUN,0.039,0.112,0.039,0.501,0.335,0.104,3.204,50,0.818,533,2.605,22.8
DATA,MOTOR_BREAKIN_V3,000001,101051,510,512,0.051,0.000,3.287,0.195,3.092,43,REV,RUN,0.026,0.079,0.039,0.418,0.335,0.104,3.204,50,0.818,533,2.605,22.8
DATA,MOTOR_BREAKIN_V3,000001,101151,509,511,0.078,0.052,3.232,0.223,3.009,43,REV,RUN,0.065,0.195,0.039,0.501,0.335,0.104,3.204,50,0.818,533,2.605,22.5
DATA,MOTOR_BREAKIN_V3,000001,101251,509,512,0.078,0.000,3.343,0.390,2.953,43,REV,RUN,0.039,0.115,0.039,0.418,0.335,0.104,3.204,50,0.818,533,2.605,22.8
DATA,MOTOR_BREAKIN_V3,000001,101351,509,512,0.078,0.000,3.287,0.418,2.870,43,REV,RUN,0.039,0.112,0.039,0.446,0.335,0.104,3.204,50,0.818,533,2.605,22.8
DATA,MOTOR_BREAKIN_V3,000001,101451,509,512,0.078,0.000,3.260,0.195,3.065,43,REV,RUN,0.039,0.119,0.013,0.446,0.335,0.104,3.204,50,0.818,533,2.605,23.3
DATA,MOTOR_BREAKIN_V3,000001,101551,510,513,0.051,0.000,3.399,0.139,3.260,43,REV,RUN,0.026,0.084,0.039,0.529,0.335,0.104,3.204,50,0.818,533,2.605,22.8
DATA,MOTOR_BREAKIN_V3,000001,101651,509,512,0.078,0.000,3.287,0.501,2.786,43,REV,RUN,0.039,0.108,0.039,0.529,0.335,0.104,3.204,50,0.818,533,2.605,22.8
DATA,MOTOR_BREAKIN_V3,000001,101751,510,513,0.051,0.000,3.315,0.111,3.204,43,REV,RUN,0.026,0.082,0.039,0.446,0.335,0.104,3.204,50,0.818,533,2.605,22.8
DATA,MOTOR_BREAKIN_V3,000001,101851,509,511,0.078,0.052,3.260,0.139,3.120,43,REV,RUN,0.065,0.202,0.052,0.446,0.335,0.104,3.204,50,0.818,533,2.605,22.7
DATA,MOTOR_BREAKIN_V3,000001,101951,509,512,0.078,0.000,3.371,0.056,3.315,43,REV,RUN,0.039,0.129,0.052,0.501,0.335,0.104,3.204,50,0.818,533,2.605,22.8
DATA,MOTOR_BREAKIN_V3,000001,102051,509,511,0.078,0.052,3.260,0.195,3.065,43,REV,RUN,0.065,0.199,0.039,0.613,0.335,0.104,3.204,50,0.818,533,2.605,22.7
DATA,MOTOR_BREAKIN_V3,000001,102150,509,512,0.078,0.000,3.232,0.390,2.842,43,REV,RUN,0.039,0.111,0.039,0.891,0.335,0.104,3.204,50,0.818,533,2.605,22.8
DATA,MOTOR_BREAKIN_V3,000001,102251,509,512,0.078,0.000,3.204,0.501,2.702,43,REV,RUN,0.039,0.105,0.026,0.891,0.335,0.104,3.204,50,0.818,533,2.605,22.1
OK
DATA,MOTOR_BREAKIN_V3,000001,102351,508,511,0.104,0.052,3.510,0.501,3.009,49,REV,RUN,0.078,0.235,0.052,0.529,0.335,0.104,3.204,50,0.818,533,2.605,22.8
DATA,MOTOR_BREAKIN_V3,000001,102451,508,512,0.104,0.000,3.427,0.223,3.204,49,REV,RUN,0.052,0.167,0.052,0.418,0.335,0.104,3.204,50,0.818,533,2.605,22.8
OK
DATA,MOTOR_BREAKIN_V3,000001,102551,509,512,0.078,0.000,3.232,0.390,2.842,45,REV,RUN,0.039,0.111,0.039,0.446,0.335,0.104,3.204,50,0.818,533,2.605,22.6
DATA,MOTOR_BREAKIN_V3,000001,102651,508,511,0.104,0.052,3.260,0.334,2.925,45,REV,RUN,0.078,0.228,0.039,0.808,0.335,0.104,3.204,50,0.818,533,2.605,22.8
OK
DATA,MOTOR_BREAKIN_V3,000001,102751,509,512,0.078,0.000,3.427,0.251,3.176,48,REV,RUN,0.039,0.124,0.039,0.808,0.335,0.104,3.204,50,0.818,533,2.605,22.8
OK
DATA,MOTOR_BREAKIN_V3,000001,102851,510,512,0.051,0.000,3.399,0.056,3.343,44,REV,RUN,0.026,0.086,0.052,0.724,0.335,0.104,3.204,50,0.818,533,2.605,22.8
OK
DATA,MOTOR_BREAKIN_V3,000001,102951,511,511,0.000,0.052,3.009,0.279,2.730,37,REV,RUN,0.026,0.071,0.039,0.864,0.335,0.104,3.204,50,0.818,533,2.605,22.8
OK
DATA,MOTOR_BREAKIN_V3,000001,103051,509,510,0.078,0.078,3.232,0.362,2.870,42,REV,RUN,0.078,0.224,0.078,0.529,0.335,0.104,3.204,50,0.818,533,2.605,22.8
OK
DATA,MOTOR_BREAKIN_V3,000001,103151,510,512,0.051,0.000,3.538,0.139,3.399,45,REV,RUN,0.026,0.087,0.078,0.641,0.335,0.104,3.204,50,0.818,533,2.605,22.8
OK
DATA,MOTOR_BREAKIN_V3,000001,103251,510,512,0.051,0.000,3.120,0.111,3.009,37,REV,RUN,0.026,0.077,0.052,0.780,0.335,0.104,3.204,50,0.818,533,2.605,22.8
DATA,MOTOR_BREAKIN_V3,000001,103351,510,513,0.051,0.000,3.065,0.334,2.730,37,REV,RUN,0.026,0.070,0.052,0.390,0.335,0.104,3.204,50,0.818,533,2.605,22.8
OK
DATA,MOTOR_BREAKIN_V3,000001,103451,510,512,0.051,0.000,3.148,0.362,2.786,42,REV,RUN,0.026,0.072,0.026,0.084,0.335,0.104,3.204,50,0.818,533,2.605,22.8
OK
DATA,MOTOR_BREAKIN_V3,000001,103551,510,513,0.051,0.000,3.260,0.362,2.897,46,REV,RUN,0.026,0.074,0.065,0.501,0.335,0.104,3.204,50,0.818,533,2.605,22.8
DATA,MOTOR_BREAKIN_V3,000001,103651,509,511,0.078,0.052,3.204,0.390,2.814,46,REV,RUN,0.065,0.183,0.078,0.641,0.335,0.104,3.204,50,0.818,533,2.605,22.8
OK
DATA,MOTOR_BREAKIN_V3,000001,103751,508,512,0.104,0.000,3.371,0.279,3.092,48,REV,RUN,0.052,0.161,0.078,0.613,0.335,0.104,3.204,50,0.818,533,2.605,22.8
OK
DATA,MOTOR_BREAKIN_V3,000001,103851,509,512,0.078,0.000,3.371,0.223,3.148,46,REV,RUN,0.039,0.122,0.039,0.585,0.335,0.104,3.204,50,0.818,533,2.605,22.8
OK
DATA,MOTOR_BREAKIN_V3,000001,103951,509,512,0.078,0.000,3.566,0.000,3.566,43,REV,RUN,0.039,0.139,0.039,0.947,0.335,0.104,3.204,50,0.818,533,2.605,22.8
OK
DATA,MOTOR_BREAKIN_V3,000001,104051,511,513,0.000,0.000,2.981,0.279,2.702,35,REV,RUN,0.000,0.000,0.065,1.365,0.335,0.104,3.204,50,0.818,533,2.605,22.8
OK
DATA,MOTOR_BREAKIN_V3,000001,104151,511,513,0.000,0.000,3.120,0.279,2.842,41,REV,RUN,0.000,0.000,0.065,0.780,0.335,0.104,3.204,50,0.818,533,2.605,22.8
OK
DATA,MOTOR_BREAKIN_V3,000001,104251,509,512,0.078,0.000,3.343,0.362,2.981,44,REV,RUN,0.039,0.116,0.052,0.446,0.335,0.104,3.204,50,0.818,533,2.605,22.9
DATA,MOTOR_BREAKIN_V3,000001,104351,509,513,0.078,0.000,3.204,0.334,2.870,44,REV,RUN,0.039,0.112,0.013,0.557,0.335,0.104,3.204,50,0.818,533,2.605,22.8
OK
DATA,MOTOR_BREAKIN_V3,000001,104451,509,512,0.078,0.000,3.482,0.111,3.371,47,REV,RUN,0.039,0.131,0.039,0.891,0.335,0.104,3.204,50,0.818,533,2.605,22.8
OK
DATA,MOTOR_BREAKIN_V3,000001,104551,510,512,0.051,0.000,3.343,0.195,3.148,40,REV,RUN,0.026,0.081,0.039,0.891,0.335,0.104,3.204,50,0.818,533,2.605,22.8
DATA,MOTOR_BREAKIN_V3,000001,104651,510,512,0.051,0.000,3.232,0.195,3.037,40,REV,RUN,0.026,0.078,0.039,0.641,0.335,0.104,3.204,50,0.818,533,2.605,22.8
OK
DATA,MOTOR_BREAKIN_V3,000001,104751,509,512,0.078,0.000,3.065,0.306,2.758,39,REV,RUN,0.039,0.107,0.026,0.501,0.335,0.104,3.204,50,0.818,533,2.605,22.8
OK
DATA,MOTOR_BREAKIN_V3,000001,104851,511,512,0.000,0.000,3.315,0.167,3.148,44,REV,RUN,0.000,0.000,0.065,0.474,0.335,0.104,3.204,50,0.818,533,2.605,22.7
OK
DATA,MOTOR_BREAKIN_V3,000001,104951,508,511,0.104,0.052,3.232,0.195,3.037,41,REV,RUN,0.078,0.237,0.078,0.891,0.335,0.104,3.204,50,0.818,533,2.605,22.8
OK
DATA,MOTOR_BREAKIN_V3,000001,105051,510,513,0.051,0.000,3.148,0.279,2.870,40,REV,RUN,0.026,0.074,0.052,0.891,0.335,0.104,3.204,50,0.818,533,2.605,22.8
OK
DATA,MOTOR_BREAKIN_V3,000001,105151,509,512,0.078,0.000,3.287,0.223,3.065,43,REV,RUN,0.039,0.119,0.039,0.585,0.335,0.104,3.204,50,0.818,533,2.605,22.8
OK
DATA,MOTOR_BREAKIN_V3,000001,105251,509,512,0.078,0.000,3.260,0.195,3.065,42,REV,RUN,0.039,0.119,0.026,0.474,0.335,0.104,3.204,50,0.818,533,2.605,22.8
OK
DATA,MOTOR_BREAKIN_V3,000001,105350,510,512,0.051,0.000,3.232,0.195,3.037,41,REV,RUN,0.026,0.078,0.039,0.390,0.335,0.104,3.204,50,0.818,533,2.605,22.8
DATA,MOTOR_BREAKIN_V3,000001,105451,509,512,0.078,0.000,3.204,0.195,3.009,41,REV,RUN,0.039,0.117,0.013,0.362,0.335,0.104,3.204,50,0.818,533,2.605,22.8
OK
DATA,MOTOR_BREAKIN_V3,000001,105551,509,512,0.078,0.000,3.232,0.195,3.037,40,REV,RUN,0.039,0.118,0.013,0.306,0.335,0.104,3.204,50,0.818,533,2.605,22.8
OK
DATA,MOTOR_BREAKIN_V3,000001,105651,509,512,0.078,0.000,3.065,0.306,2.758,39,REV,RUN,0.039,0.107,0.026,0.334,0.335,0.104,3.204,50,0.818,534,2.610,22.8
OK
DATA,MOTOR_BREAKIN_V3,000001,105751,510,512,0.051,0.000,3.371,0.084,3.287,44,REV,RUN,0.026,0.084,0.026,0.669,0.335,0.104,3.204,50,0.818,533,2.605,22.8
OK
DATA,MOTOR_BREAKIN_V3,000001,105851,510,512,0.051,0.000,3.065,0.251,2.814,38,REV,RUN,0.026,0.072,0.026,0.780,0.335,0.104,3.204,50,0.818,533,2.605,22.8
OK
DATA,MOTOR_BREAKIN_V3,000001,105951,510,512,0.051,0.000,3.343,0.000,3.343,42,REV,RUN,0.026,0.086,0.039,0.724,0.335,0.104,3.204,50,0.818,533,2.605,22.8
OK
DATA,MOTOR_BREAKIN_V3,000001,106051,511,513,0.000,0.000,3.009,0.167,2.842,35,REV,RUN,0.000,0.000,0.052,0.585,0.335,0.104,3.204,50,0.818,531,2.595,22.8
OK
DATA,MOTOR_BREAKIN_V3,000001,106151,511,513,0.000,0.000,3.009,0.279,2.730,38,REV,RUN,0.000,0.000,0.052,0.167,0.335,0.104,3.204,50,0.818,533,2.605,22.8
OK
DATA,MOTOR_BREAKIN_V3,000001,106251,509,512,0.078,0.000,3.148,0.390,2.758,43,REV,RUN,0.039,0.107,0.039,0.390,0.335,0.104,3.204,50,0.818,533,2.605,22.7
DATA,MOTOR_BREAKIN_V3,000001,106351,509,512,0.078,0.000,3.148,0.362,2.786,43,REV,RUN,0.039,0.108,0.039,0.613,0.335,0.104,3.204,50,0.818,533,2.605,22.8
OK
DATA,MOTOR_BREAKIN_V3,000001,106451,509,512,0.078,0.000,3.343,0.418,2.925,47,REV,RUN,0.039,0.114,0.066,0.613,0.335,0.104,3.204,50,0.818,533,2.605,22.8
OK
DATA,MOTOR_BREAKIN_V3,000001,106551,510,512,0.051,0.000,3.677,0.167,3.510,49,REV,RUN,0.026,0.090,0.066,0.752,0.335,0.104,3.204,50,0.818,533,2.605,22.8
OK
DATA,MOTOR_BREAKIN_V3,000001,106651,510,513,0.051,0.000,3.315,0.474,2.842,39,REV,RUN,0.026,0.073,0.052,1.087,0.335,0.104,3.204,50,0.818,533,2.605,22.8
OK
DATA,MOTOR_BREAKIN_V3,000001,106751,508,511,0.104,0.052,3.176,0.251,2.925,42,REV,RUN,0.078,0.228,0.078,0.919,0.335,0.104,3.204,50,0.818,533,2.605,22.8
OK
DATA,MOTOR_BREAKIN_V3,000001,106851,509,511,0.078,0.052,3.343,0.139,3.204,44,REV,RUN,0.065,0.208,0.078,0.752,0.335,0.104,3.204,50,0.818,533,2.605,22.9
OK
DATA,MOTOR_BREAKIN_V3,000001,106951,511,513,0.000,0.000,3.399,0.000,3.399,40,REV,RUN,0.000,0.000,0.065,0.808,0.335,0.104,3.204,50,0.818,533,2.605,22.8
OK
DATA,MOTOR_BREAKIN_V3,000001,107051,511,512,0.000,0.000,2.953,0.167,2.786,35,REV,RUN,0.000,0.000,0.065,0.696,0.335,0.104,3.204,50,0.818,533,2.605,22.8
DATA,MOTOR_BREAKIN_V3,000001,107151,511,512,0.000,0.000,2.953,0.251,2.702,35,REV,RUN,0.000,0.000,0.039,0.557,0.335,0.104,3.204,50,0.818,533,2.605,22.8
OK
DATA,MOTOR_BREAKIN_V3,000001,107251,510,512,0.051,0.000,3.204,0.139,3.065,39,REV,RUN,0.026,0.079,0.039,0.474,0.335,0.104,3.204,50,0.818,533,2.605,22.8
OK
DATA,MOTOR_BREAKIN_V3,000001,107351,510,513,0.051,0.000,3.037,0.223,2.814,38,REV,RUN,0.026,0.072,0.039,0.390,0.335,0.104,3.204,50,0.818,533,2.605,22.8
OK
DATA,MOTOR_BREAKIN_V3,000001,107451,509,512,0.078,0.000,3.120,0.362,2.758,42,REV,RUN,0.039,0.107,0.039,0.446,0.335,0.104,3.204,50,0.818,533,2.605,22.8
OK
DATA,MOTOR_BREAKIN_V3,000001,107551,509,512,0.078,0.000,3.287,0.390,2.897,47,REV,RUN,0.039,0.113,0.065,0.446,0.335,0.104,3.204,50,0.818,533,2.605,22.8
OK
DATA,MOTOR_BREAKIN_V3,000001,107651,508,512,0.104,0.000,3.399,0.418,2.981,49,REV,RUN,0.052,0.155,0.066,0.613,0.335,0.104,3.204,50,0.818,533,2.605,22.8
DATA,MOTOR_BREAKIN_V3,000001,107751,510,513,0.051,0.000,3.900,0.000,3.900,49,REV,RUN,0.026,0.100,0.066,1.114,0.335,0.104,3.204,50,0.818,533,2.605,22.8
OK
DATA,MOTOR_BREAKIN_V3,000001,107851,510,513,0.051,0.000,3.092,0.251,2.842,35,REV,RUN,0.026,0.073,0.052,1.114,0.335,0.104,3.204,50,0.818,534,2.610,22.8
OK
DATA,MOTOR_BREAKIN_V3,000001,107951,510,512,0.051,0.000,3.176,0.195,2.981,38,REV,RUN,0.026,0.077,0.078,1.059,0.335,0.104,3.204,50,0.818,533,2.605,22.8
DATA,MOTOR_BREAKIN_V3,000001,108051,510,512,0.051,0.000,3.009,0.306,2.702,38,REV,RUN,0.026,0.069,0.039,0.669,0.335,0.104,3.204,50,0.818,533,2.605,22.8
DATA,MOTOR_BREAKIN_V3,000001,108151,509,513,0.078,0.000,3.009,0.306,2.702,38,REV,RUN,0.039,0.105,0.039,0.446,0.335,0.104,3.204,50,0.818,533,2.605,22.8
OK
DATA,MOTOR_BREAKIN_V3,000001,108251,509,512,0.078,0.000,3.204,0.334,2.870,44,REV,RUN,0.039,0.112,0.065,0.390,0.335,0.104,3.204,50,0.818,533,2.605,22.8
OK
DATA,MOTOR_BREAKIN_V3,000001,108351,509,513,0.078,0.000,3.343,0.390,2.953,47,REV,RUN,0.039,0.115,0.039,0.362,0.335,0.104,3.204,50,0.818,533,2.605,22.8
OK
DATA,MOTOR_BREAKIN_V3,000001,108451,510,511,0.051,0.052,3.705,0.000,3.705,48,REV,RUN,0.052,0.191,0.052,0.947,0.335,0.104,3.204,50,0.818,533,2.605,22.8
OK
DATA,MOTOR_BREAKIN_V3,000001,108550,510,513,0.051,0.000,3.092,0.251,2.842,35,REV,RUN,0.026,0.073,0.052,0.891,0.335,0.104,3.204,50,0.818,533,2.605,22.8
OK
DATA,MOTOR_BREAKIN_V3,000001,108651,510,512,0.051,0.000,3.176,0.195,2.981,38,REV,RUN,0.026,0.077,0.039,0.696,0.335,0.104,3.204,50,0.818,533,2.605,22.8
DATA,MOTOR_BREAKIN_V3,000001,108751,509,512,0.078,0.000,3.037,0.251,2.786,38,REV,RUN,0.039,0.108,0.039,0.306,0.335,0.104,3.204,50,0.818,533,2.605,22.8
OK
DATA,MOTOR_BREAKIN_V3,000001,108851,510,512,0.051,0.000,3.260,0.139,3.120,42,REV,RUN,0.026,0.080,0.052,0.557,0.335,0.104,3.204,50,0.818,533,2.605,22.8
OK
DATA,MOTOR_BREAKIN_V3,000001,108951,510,513,0.051,0.000,3.120,0.362,2.758,40,REV,RUN,0.026,0.071,0.052,0.557,0.335,0.104,3.204,50,0.818,533,2.605,22.8
DATA,MOTOR_BREAKIN_V3,000001,109051,509,512,0.078,0.000,3.065,0.306,2.758,40,REV,RUN,0.039,0.107,0.013,0.446,0.335,0.104,3.204,50,0.818,533,2.605,22.8
OK
DATA,MOTOR_BREAKIN_V3,000001,109151,509,512,0.078,0.000,3.260,0.362,2.897,45,REV,RUN,0.039,0.113,0.039,0.446,0.335,0.104,3.204,50,0.818,533,2.605,22.9
OK
DATA,MOTOR_BREAKIN_V3,000001,109251,510,511,0.051,0.052,3.566,0.167,3.399,47,REV,RUN,0.052,0.176,0.052,0.752,0.335,0.104,3.204,50,0.818,533,2.605,22.8
OK
DATA,MOTOR_BREAKIN_V3,000001,109351,510,513,0.051,0.000,3.204,0.251,2.953,39,REV,RUN,0.026,0.076,0.078,0.780,0.335,0.104,3.204,50,0.818,533,2.605,22.7
OK
DATA,MOTOR_BREAKIN_V3,000001,109451,510,512,0.051,0.000,3.120,0.279,2.842,40,REV,RUN,0.026,0.073,0.065,0.780,0.335,0.104,3.204,50,0.818,533,2.605,22.8
OK
DATA,MOTOR_BREAKIN_V3,000001,109551,509,512,0.078,0.000,3.120,0.362,2.758,43,REV,RUN,0.039,0.107,0.052,0.362,0.335,0.104,3.204,50,0.818,533,2.605,22.8
OK
DATA,MOTOR_BREAKIN_V3,000001,109651,509,512,0.078,0.000,3.455,0.279,3.176,48,REV,RUN,0.039,0.124,0.052,0.446,0.335,0.104,3.204,50,0.818,533,2.605,22.8
OK
DATA,MOTOR_BREAKIN_V3,000001,109751,510,513,0.051,0.000,3.287,0.334,2.953,44,REV,RUN,0.026,0.076,0.052,0.418,0.335,0.104,3.204,50,0.818,533,2.605,22.8
DATA,MOTOR_BREAKIN_V3,000001,109851,510,513,0.051,0.000,3.204,0.306,2.897,44,REV,RUN,0.026,0.074,0.052,0.279,0.335,0.104,3.204,50,0.818,533,2.605,22.7
OK
DATA,MOTOR_BREAKIN_V3,000001,109951,509,511,0.078,0.052,3.287,0.418,2.870,46,REV,RUN,0.065,0.186,0.052,0.279,0.335,0.104,3.204,50,0.818,533,2.605,22.8
OK
DATA,MOTOR_BREAKIN_V3,000001,110051,510,512,0.051,0.000,3.650,0.195,3.455,49,REV,RUN,0.026,0.089,0.066,0.696,0.335,0.104,3.204,50,0.818,533,2.605,22.8
OK
DATA,MOTOR_BREAKIN_V3,000001,110151,510,512,0.051,0.000,3.232,0.334,2.897,40,REV,RUN,0.026,0.074,0.066,0.975,0.335,0.104,3.204,50,0.818,533,2.605,22.8
OK
DATA,MOTOR_BREAKIN_V3,000001,110251,510,512,0.051,0.000,3.371,0.167,3.204,42,REV,RUN,0.026,0.082,0.039,0.975,0.335,0.104,3.204,50,0.818,533,2.605,22.8
OK
DATA,MOTOR_BREAKIN_V3,000001,110351,510,512,0.051,0.000,3.399,0.084,3.315,38,REV,RUN,0.026,0.085,0.026,0.669,0.335,0.104,3.204,50,0.818,533,2.605,22.8
OK
DATA,MOTOR_BREAKIN_V3,000001,110451,510,512,0.051,0.000,3.092,0.167,2.925,35,REV,RUN,0.026,0.075,0.013,0.669,0.335,0.104,3.204,50,0.818,533,2.605,22.8
OK
DATA,MOTOR_BREAKIN_V3,000001,110551,510,512,0.051,0.000,2.981,0.306,2.674,37,REV,RUN,0.026,0.069,0.013,0.334,0.335,0.104,3.204,50,0.818,533,2.605,22.8
DATA,MOTOR_BREAKIN_V3,000001,110651,510,513,0.051,0.000,2.953,0.334,2.619,37,REV,RUN,0.026,0.067,0.039,0.501,0.335,0.104,3.204,50,0.818,533,2.605,22.8
OK
DATA,MOTOR_BREAKIN_V3,000001,110751,509,511,0.078,0.052,3.176,0.446,2.730,44,REV,RUN,0.065,0.177,0.065,0.613,0.335,0.104,3.204,50,0.818,533,2.605,22.8
OK
DATA,MOTOR_BREAKIN_V3,000001,110851,508,511,0.104,0.052,3.455,0.696,2.758,49,REV,RUN,0.078,0.215,0.052,0.529,0.335,0.104,3.204,50,0.818,533,2.605,22.8
OK
DATA,MOTOR_BREAKIN_V3,000001,110951,507,510,0.131,0.078,3.482,0.501,2.981,54,REV,RUN,0.104,0.311,0.066,1.031,0.335,0.104,3.204,50,0.818,533,2.605,22.8
DATA,MOTOR_BREAKIN_V3,000001,111051,508,513,0.104,0.000,3.594,0.474,3.120,54,REV,RUN,0.052,0.163,0.079,0.891,0.335,0.104,3.204,50,0.818,533,2.605,22.8
OK
DATA,MOTOR_BREAKIN_V3,000001,111151,508,511,0.104,0.052,3.677,0.390,3.287,52,REV,RUN,0.078,0.257,0.066,0.641,0.335,0.104,3.204,50,0.818,533,2.605,22.8
OK
DATA,MOTOR_BREAKIN_V3,000001,111251,509,512,0.078,0.000,3.538,0.306,3.232,46,REV,RUN,0.039,0.126,0.052,0.446,0.335,0.104,3.204,50,0.818,533,2.605,22.8
OK
DATA,MOTOR_BREAKIN_V3,000001,111351,510,511,0.051,0.052,3.315,0.251,3.065,41,REV,RUN,0.052,0.158,0.026,0.306,0.335,0.104,3.204,50,0.818,533,2.605,22.8
OK
DATA,MOTOR_BREAKIN_V3,000001,111451,510,512,0.051,0.000,3.232,0.306,2.925,40,REV,RUN,0.026,0.075,0.065,0.501,0.335,0.104,3.204,50,0.818,533,2.605,22.8
OK
DATA,MOTOR_BREAKIN_V3,000001,111551,510,512,0.051,0.000,3.204,0.306,2.897,42,REV,RUN,0.026,0.074,0.039,0.529,0.335,0.104,3.204,50,0.818,534,2.610,22.8
DATA,MOTOR_BREAKIN_V3,000001,111651,509,512,0.078,0.000,3.204,0.334,2.870,42,REV,RUN,0.039,0.112,0.039,0.334,0.335,0.104,3.204,50,0.818,533,2.605,22.8
OK
DATA,MOTOR_BREAKIN_V3,000001,111750,510,512,0.051,0.000,3.343,0.279,3.065,44,REV,RUN,0.026,0.079,0.039,0.529,0.335,0.104,3.204,50,0.818,533,2.605,22.7
OK
DATA,MOTOR_BREAKIN_V3,000001,111851,510,511,0.051,0.052,3.455,0.334,3.120,43,REV,RUN,0.052,0.161,0.065,0.780,0.335,0.104,3.204,50,0.818,533,2.605,22.7
OK
DATA,MOTOR_BREAKIN_V3,000001,111951,510,512,0.051,0.000,3.427,0.474,2.953,41,REV,RUN,0.026,0.076,0.052,0.529,0.335,0.104,3.204,50,0.818,533,2.605,22.8
OK
DATA,MOTOR_BREAKIN_V3,000001,112051,510,512,0.051,0.000,3.371,0.390,2.981,42,REV,RUN,0.026,0.077,0.039,0.613,0.335,0.104,3.204,50,0.818,533,2.605,22.7
DATA,MOTOR_BREAKIN_V3,000001,112151,510,512,0.051,0.000,3.287,0.279,3.009,42,REV,RUN,0.026,0.077,0.065,0.446,0.335,0.104,3.204,50,0.818,533,2.605,22.8
